name,image_url,rarity,category
Pumpkin Pie,https://grundoscafe.b-cdn.net/items/pumpkin_pie.gif,1,item
Bear,https://grundoscafe.b-cdn.net/items/teddybear_giftshop.gif,2,item
Flowers,https://grundoscafe.b-cdn.net/items/flowers_giftshop.gif,2,item
Baby Doll,https://grundoscafe.b-cdn.net/items/doll_giftshop.gif,5,item
Chocolates,https://grundoscafe.b-cdn.net/items/candy_giftshop.gif,5,item
Apple Juice,https://grundoscafe.b-cdn.net/items/food_applejuice.gif,10,item
Bottle of Water,https://grundoscafe.b-cdn.net/items/water.gif,10,item
Carrot,https://grundoscafe.b-cdn.net/items/carrot.gif,10,item
Cheese,https://grundoscafe.b-cdn.net/items/cheese.gif,10,item
Chocolate Milk,https://grundoscafe.b-cdn.net/items/chocmilk.gif,10,item
Hair-Gel,https://grundoscafe.b-cdn.net/items/gro_hair-gel.gif,10,item
Onion Rings,https://grundoscafe.b-cdn.net/items/onionrings.gif,10,item
Organic Bananas,https://grundoscafe.b-cdn.net/items/food_banana.gif,10,item
Organic Broccoli,https://grundoscafe.b-cdn.net/items/brocolli.gif,10,item
Organic Carrot,https://grundoscafe.b-cdn.net/items/carrot.gif,10,item
Organic Cherries,https://grundoscafe.b-cdn.net/items/cherries.gif,10,item
Organic Peach,https://grundoscafe.b-cdn.net/items/peach.gif,10,item
Organic Pear,https://grundoscafe.b-cdn.net/items/pear.gif,10,item
Organic Tomato,https://grundoscafe.b-cdn.net/items/tomato.gif,10,item
Pile of Sludge,https://grundoscafe.b-cdn.net/items/blackmound.gif,10,item
Polar Bear,https://grundoscafe.b-cdn.net/items/white_bear.gif,10,item
Pretzel,https://grundoscafe.b-cdn.net/items/pretzel.gif,10,item
Small Bamboo Smoothie,https://grundoscafe.b-cdn.net/items/smo_reg_bamboo.gif,10,item
Small Kalboo Smoothie,https://grundoscafe.b-cdn.net/items/smo_reg_bamboo_kale.gif,10,item
Small Melman Smoothie,https://grundoscafe.b-cdn.net/items/smo_reg_melmans.gif,10,item
Small Salmon Sherbert Smoothie,https://grundoscafe.b-cdn.net/items/smo_reg_salmonsherbert.gif,10,item
Small Splime Smoothie,https://grundoscafe.b-cdn.net/items/smo_reg_spinachlime.gif,10,item
Strawberry Milkshake,https://grundoscafe.b-cdn.net/items/starwberrymilkshake.gif,10,item
Towel,https://grundoscafe.b-cdn.net/items/towel.gif,10,item
Vegan Cheese,https://grundoscafe.b-cdn.net/items/cheese.gif,10,item
Acorn Toy,https://grundoscafe.b-cdn.net/items/tac_acorntoy.gif,11,item
Clay Pot,https://grundoscafe.b-cdn.net/items/tac_claypot.gif,11,item
Sandals,https://grundoscafe.b-cdn.net/items/tiki_sandals.gif,11,item
Souvenir Magnet,https://grundoscafe.b-cdn.net/items/tiki_souvenirmagnet.gif,11,item
Visor,https://grundoscafe.b-cdn.net/items/tiki_visor.gif,11,item
Fluff Be Gone,https://grundoscafe.b-cdn.net/items/fluff_be_gone.gif,12,item
Small Bean Smoothie,https://grundoscafe.b-cdn.net/items/smo_reg_bean.gif,12,item
Chocolate Chip Cookie,https://grundoscafe.b-cdn.net/items/choccookie.gif,13,item
Clawmatoe,https://grundoscafe.b-cdn.net/items/clawmatoe.gif,13,item
Mashed Eye Potato,https://grundoscafe.b-cdn.net/items/eyeball_potatoes.gif,13,item
Blossom,https://grundoscafe.b-cdn.net/items/plant_blossoms.gif,13,item
Bar of Soap,https://grundoscafe.b-cdn.net/items/barofsoap.gif,15,item
Bitten Green Apple,https://grundoscafe.b-cdn.net/items/bitgreenapple.gif,15,item
Bitten Red Apple,https://grundoscafe.b-cdn.net/items/bitredapple.gif,15,item
Broccoli,https://grundoscafe.b-cdn.net/items/brocolli.gif,15,item
Bubble Gum,https://grundoscafe.b-cdn.net/items/food_bubblegum.gif,15,item
Cactus Leaf,https://grundoscafe.b-cdn.net/items/d_food24.gif,15,item
Can of Neocola,https://grundoscafe.b-cdn.net/items/neocola.gif,15,item
Cup of Tea,https://grundoscafe.b-cdn.net/items/tea.gif,15,item
Garden Gloves,https://grundoscafe.b-cdn.net/items/garden-gloves.gif,15,item
Hot Cakes,https://grundoscafe.b-cdn.net/items/pancakes.gif,15,item
Jam Pastry,https://grundoscafe.b-cdn.net/items/food_jampastry.gif,15,item
NeoPox Pizza,https://grundoscafe.b-cdn.net/items/neopox_cure.gif,15,item
Organic Red Apple,https://grundoscafe.b-cdn.net/items/redapple.gif,15,item
Pea and Ham Baby Food,https://grundoscafe.b-cdn.net/items/gagagreen.gif,15,item
Pear,https://grundoscafe.b-cdn.net/items/pear.gif,15,item
Raspberry Milkshake,https://grundoscafe.b-cdn.net/items/raspberrymilkshake.gif,15,item
Sack Plant,https://grundoscafe.b-cdn.net/items/d_food20.gif,15,item
Trilo Bite,https://grundoscafe.b-cdn.net/items/d_food11.gif,15,item
Tropical Fruit Smoothie,https://grundoscafe.b-cdn.net/items/tropicalfruitsmoothie.gif,15,item
Vitamin A Tablets,https://grundoscafe.b-cdn.net/items/vita.gif,15,item
Vitamin B Tablets,https://grundoscafe.b-cdn.net/items/vitb.gif,15,item
Vitamin C Tablets,https://grundoscafe.b-cdn.net/items/smlvitc.gif,15,item
Danish Bacon,https://grundoscafe.b-cdn.net/items/danishbacon.gif,16,item
Hot Dog,https://grundoscafe.b-cdn.net/items/hotdog.gif,16,item
Streaky Bacon,https://grundoscafe.b-cdn.net/items/food_bacon.gif,17,item
Cheese and Tomato Sub,https://grundoscafe.b-cdn.net/items/cheeseandtomsub.gif,18,item
Sugar Doughnut,https://grundoscafe.b-cdn.net/items/sugardonut.gif,18,item
Cactus Blossom,https://grundoscafe.b-cdn.net/items/d_food23.gif,19,item
Veggie Sausage,https://grundoscafe.b-cdn.net/items/veggiesausage.gif,19,item
Calcium Supplement,https://grundoscafe.b-cdn.net/items/calcium.gif,20,item
Candy Cane,https://grundoscafe.b-cdn.net/items/food_candy_cane.gif,20,item
Cheese Manicotti,https://grundoscafe.b-cdn.net/items/space_7.gif,20,item
Chocolate Milkshake,https://grundoscafe.b-cdn.net/items/chocmilkshake.gif,20,item
Coffee,https://grundoscafe.b-cdn.net/items/food_coffeePIC-01.gif,20,item
Farn Plant,https://grundoscafe.b-cdn.net/items/d_food21.gif,20,item
Fried Egg,https://grundoscafe.b-cdn.net/items/friedegg.gif,20,item
Grapes,https://grundoscafe.b-cdn.net/items/grapes.gif,20,item
Green Apple,https://grundoscafe.b-cdn.net/items/food_apple.gif,20,item
Healing Potion I,https://grundoscafe.b-cdn.net/items/potion7.gif,20,item
Iron Supplement,https://grundoscafe.b-cdn.net/items/iron.gif,20,item
Leek,https://grundoscafe.b-cdn.net/items/food_leek.gif,20,item
Mint Flavoured Toothpaste,https://grundoscafe.b-cdn.net/items/toothpaste.gif,20,item
Mystery Island Kougra Stamp,https://grundoscafe.b-cdn.net/items/stamp_mys_kou.gif,20,item
Organic Green Apple,https://grundoscafe.b-cdn.net/items/food_apple.gif,20,item
Organic Leek,https://grundoscafe.b-cdn.net/items/food_leek.gif,20,item
Organic Red Grapes,https://grundoscafe.b-cdn.net/items/grapes.gif,20,item
Rainbow Gun,https://grundoscafe.b-cdn.net/items/rainbowgun.gif,20,item
Red Apple,https://grundoscafe.b-cdn.net/items/redapple.gif,20,item
Red Sausage,https://grundoscafe.b-cdn.net/items/gross_redsausage.gif,20,item
Scarab Cookie,https://grundoscafe.b-cdn.net/items/food_desert11.gif,20,item
Scarf,https://grundoscafe.b-cdn.net/items/scarf.gif,20,item
Shampoo,https://grundoscafe.b-cdn.net/items/shampoo.gif,20,item
Small Wheatgrass Fruit Smoothie,https://grundoscafe.b-cdn.net/items/smo_reg_wheatgrass.gif,20,item
Soap Bottle,https://grundoscafe.b-cdn.net/items/soapbottle.gif,20,item
Step Out Shoes,https://grundoscafe.b-cdn.net/items/stepoutshoes.gif,20,item
Strawberry Snow Puff,https://grundoscafe.b-cdn.net/items/snowfood_snowpuffstrawberry.gif,20,item
Tomato,https://grundoscafe.b-cdn.net/items/tomato.gif,20,item
Vanilla Milkshake,https://grundoscafe.b-cdn.net/items/vanillamilkshake.gif,20,item
Vegetable Deluxe,https://grundoscafe.b-cdn.net/items/space_10.gif,20,item
Small Rasmelon Smoothie,https://grundoscafe.b-cdn.net/items/smo_reg_rasmelon.gif,21,item
Small Spirulina Smoothie,https://grundoscafe.b-cdn.net/items/smo_reg_spirulina.gif,21,item
Archaesaurus Tail,https://grundoscafe.b-cdn.net/items/d_food10.gif,22,item
Bottle of Red Sand,https://grundoscafe.b-cdn.net/items/tiki_redsand.gif,22,item
Cheese and Onion Crisps,https://grundoscafe.b-cdn.net/items/cheeseonion.gif,22,item
Cheesy Neos,https://grundoscafe.b-cdn.net/items/cheesypoofs.gif,22,item
Clay Vase,https://grundoscafe.b-cdn.net/items/tac_clayvase.gif,22,item
Magic Smelly Socks,https://grundoscafe.b-cdn.net/items/magic_socks.gif,22,item
MegaTon Bracelet,https://grundoscafe.b-cdn.net/items/space_commbracelet.gif,22,item
Mystery Island Head Figurine,https://grundoscafe.b-cdn.net/items/tiki_coconutgodsouvenir.gif,22,item
Palm Fan,https://grundoscafe.b-cdn.net/items/tiki_fan.gif,22,item
Pork Sausage,https://grundoscafe.b-cdn.net/items/sausage.gif,22,item
Red Eggs on Toast,https://grundoscafe.b-cdn.net/items/gross_redeggsnspam.gif,22,item
Small Kalery Smoothie,https://grundoscafe.b-cdn.net/items/smo_reg_kalery.gif,22,item
Bubble Beam,https://grundoscafe.b-cdn.net/items/bubblebeam.gif,23,item
Plastic Butter Knife,https://grundoscafe.b-cdn.net/items/bd_whiteknife.gif,23,item
Pumpkin Cookies,https://grundoscafe.b-cdn.net/items/pumpkin_cookie.gif,23,item
Small Asparrot Smoothie,https://grundoscafe.b-cdn.net/items/smo_reg_asparrot.gif,23,item
Spooky Doughnut,https://grundoscafe.b-cdn.net/items/spooky_donut.gif,23,item
Tome of Selket,https://grundoscafe.b-cdn.net/items/book_des9.gif,23,item
Brown Eye Shadow,https://grundoscafe.b-cdn.net/items/browneyeshad.gif,24,item
Lightning Gun,https://grundoscafe.b-cdn.net/items/lightninggun.gif,24,item
Pazo the Lonely Aisha,https://grundoscafe.b-cdn.net/items/book_des1.gif,24,item
Apple Pie,https://grundoscafe.b-cdn.net/items/food_applepie.gif,25,item
Apple Sweetie,https://grundoscafe.b-cdn.net/items/choc_candy_app.gif,25,item
Assorted Neodrops,https://grundoscafe.b-cdn.net/items/candy_assortedneodrops.gif,25,item
Blue Doughnut,https://grundoscafe.b-cdn.net/items/bluedonut.gif,25,item
Blue Toothbrush,https://grundoscafe.b-cdn.net/items/toothbrush_blue.gif,25,item
Caffeine Free Neocola,https://grundoscafe.b-cdn.net/items/neocola_caff.gif,25,item
Chocolate Coated Marshmallow,https://grundoscafe.b-cdn.net/items/choc_marsh.gif,25,item
Denim Coveralls,https://grundoscafe.b-cdn.net/items/coveralls.gif,25,item
Fire Bush,https://grundoscafe.b-cdn.net/items/plant_firebush.gif,25,item
Fresh Baguette,https://grundoscafe.b-cdn.net/items/food_baguette.gif,25,item
Green Doughnut,https://grundoscafe.b-cdn.net/items/greendonut.gif,25,item
Large Fishy Smoothie,https://grundoscafe.b-cdn.net/items/smo_large_fishy.gif,25,item
Neopian Encyclopedia A - E,https://grundoscafe.b-cdn.net/items/book_ency-a-e.gif,25,item
Neowart Fungus,https://grundoscafe.b-cdn.net/items/neowarts_cure.gif,25,item
Peanut Butter Pizza,https://grundoscafe.b-cdn.net/items/gross_peanutbutterpizza.gif,25,item
Peophin Shampoo,https://grundoscafe.b-cdn.net/items/peophin_shampoo.gif,25,item
Pink Doughnut,https://grundoscafe.b-cdn.net/items/pinkdonut.gif,25,item
Potato Wedges,https://grundoscafe.b-cdn.net/items/food_pologs.gif,25,item
Purple Doughnut,https://grundoscafe.b-cdn.net/items/purpledonut.gif,25,item
Purple Eye Shadow,https://grundoscafe.b-cdn.net/items/purpleeyeshad.gif,25,item
Sky Blue Eye Shadow,https://grundoscafe.b-cdn.net/items/skyeyeshad.gif,25,item
Sour Blue Slushie,https://grundoscafe.b-cdn.net/items/slush_sourblueslush.gif,25,item
Sourdough Baguette,https://grundoscafe.b-cdn.net/items/food_sourbaguette.gif,25,item
Strawberry Blend Slushie,https://grundoscafe.b-cdn.net/items/slush_strawberryblend.gif,25,item
Sunflower Seeds,https://grundoscafe.b-cdn.net/items/Sunflowerseeds.gif,25,item
Asparagus and Yogurt Pizza,https://grundoscafe.b-cdn.net/items/pizza_9.gif,26,item
Fudge,https://grundoscafe.b-cdn.net/items/food_fudge.gif,26,item
Gold Eye Shadow,https://grundoscafe.b-cdn.net/items/goldeyeshad.gif,26,item
Lemon Sweetie,https://grundoscafe.b-cdn.net/items/choc_candy_lem.gif,26,item
Midnight Eye Shadow,https://grundoscafe.b-cdn.net/items/midnighteyeshad.gif,26,item
Rowzez,https://grundoscafe.b-cdn.net/items/plant_rowzez.gif,26,item
Transporter Helmet,https://grundoscafe.b-cdn.net/items/space_transport-helmet.gif,26,item
Bargasaurus Steak,https://grundoscafe.b-cdn.net/items/d_food09.gif,27,item
Lemon Sprinkle Doughnut,https://grundoscafe.b-cdn.net/items/lemonsprinkdonut.gif,27,item
Orange Sweetie,https://grundoscafe.b-cdn.net/items/choc_candy_or.gif,27,item
Pink Sprinkle Doughnut,https://grundoscafe.b-cdn.net/items/pinksprinkdonut.gif,27,item
Cherry Pie,https://grundoscafe.b-cdn.net/items/cherrypie.gif,28,item
Clamade,https://grundoscafe.b-cdn.net/items/gross_clamade.gif,28,item
Diet Neocola,https://grundoscafe.b-cdn.net/items/neocola_diet.gif,28,item
Honey and Wheat Baguette,https://grundoscafe.b-cdn.net/items/food_wheatbaguette.gif,28,item
Peach,https://grundoscafe.b-cdn.net/items/peach.gif,28,item
Peophin Fragrant Soap,https://grundoscafe.b-cdn.net/items/peophin_soap.gif,28,item
Raspberry Sweetie,https://grundoscafe.b-cdn.net/items/choc_candy_ras.gif,28,item
Strawberry Gummy Flotsam,https://grundoscafe.b-cdn.net/items/jel_flot_red.gif,28,item
Strawberry Jelly Chia,https://grundoscafe.b-cdn.net/items/choc_jelly_chia.gif,28,item
Yellow Jelly Chia,https://grundoscafe.b-cdn.net/items/jel_chia_yell.gif,28,item
Yummy Muddy Pizza,https://grundoscafe.b-cdn.net/items/pizza_10.gif,28,item
Rainbow Doughnut,https://grundoscafe.b-cdn.net/items/rainbowdonut.gif,29,item
Strawberry Jelly JubJub,https://grundoscafe.b-cdn.net/items/choc_jelly_jubjub.gif,29,item
Baby Tomatoes,https://grundoscafe.b-cdn.net/items/veggiefood_babytomatoes.gif,30,item
Beautiful Brown My Pretty Uni,https://grundoscafe.b-cdn.net/items/mpu_beautiful_brown.gif,30,item
Beef Rouladen,https://grundoscafe.b-cdn.net/items/space_loaf.gif,30,item
Beefy Broccoli,https://grundoscafe.b-cdn.net/items/food_broccoli_beef.gif,30,item
Blue Bean Bag Chair,https://grundoscafe.b-cdn.net/items/blue_bean_bag.gif,30,item
Blueberry Snow Puff,https://grundoscafe.b-cdn.net/items/snowfood_snowpuffblueberry.gif,30,item
Blue Lipstick,https://grundoscafe.b-cdn.net/items/bluelipstick.gif,30,item
Breakfast Croissant,https://grundoscafe.b-cdn.net/items/food_breakfast_croissant.gif,30,item
Caramelised Blunkabean,https://grundoscafe.b-cdn.net/items/space_karot.gif,30,item
Cheese Tortilla,https://grundoscafe.b-cdn.net/items/food_cheese_tortilla.gif,30,item
Cherries Jubalee,https://grundoscafe.b-cdn.net/items/space_cherry.gif,30,item
Chocolate Dipped Peophin Cookie,https://grundoscafe.b-cdn.net/items/food_peophindipcookie.gif,30,item
Chocolate Eclair Paste,https://grundoscafe.b-cdn.net/items/space_chocopie.gif,30,item
Churros,https://grundoscafe.b-cdn.net/items/food_churros.gif,30,item
Dance Away,https://grundoscafe.b-cdn.net/items/book_acaradance.gif,30,item
Deli Turkey Slices,https://grundoscafe.b-cdn.net/items/food_turkey_slices.gif,30,item
Doirn,https://grundoscafe.b-cdn.net/items/bluetradingcardback.gif,30,item
Fajita Chips,https://grundoscafe.b-cdn.net/items/food_fajita_chips.gif,30,item
Feeding Lupes,https://grundoscafe.b-cdn.net/items/book_lupe4.gif,30,item
Fire Breathing Meerca,https://grundoscafe.b-cdn.net/items/bluetradingcardback.gif,30,item
Fried Shrimp,https://grundoscafe.b-cdn.net/items/food_fried_shrimp.gif,30,item
Gormball Stamp,https://grundoscafe.b-cdn.net/items/stamp_spa_gorm.gif,30,item
Green Aisha Plushie,https://grundoscafe.b-cdn.net/items/toy_aisha_plushie2.gif,30,item
Green Cabbage,https://grundoscafe.b-cdn.net/items/food_green_cabbage.gif,30,item
Green Eye Shadow,https://grundoscafe.b-cdn.net/items/greeneyeshad.gif,30,item
Green Invisihat,https://grundoscafe.b-cdn.net/items/greeninvisihat.gif,30,item
Green Toothbrush,https://grundoscafe.b-cdn.net/items/toothbrush_green.gif,30,item
Gruel,https://grundoscafe.b-cdn.net/items/food_gruel.gif,30,item
Hagar Mountbane,https://grundoscafe.b-cdn.net/items/bluetradingcardback.gif,30,item
Healing Potion II,https://grundoscafe.b-cdn.net/items/potion8.gif,30,item
Itchy Scratchy Cream,https://grundoscafe.b-cdn.net/items/itchcream.gif,30,item
Jalapeno Popper,https://grundoscafe.b-cdn.net/items/food_jalep.gif,30,item
Kau Kau Farm Milk,https://grundoscafe.b-cdn.net/items/milk.gif,30,item
Large Blueberry Tomato Blend Smoothie,https://grundoscafe.b-cdn.net/items/smo_large_blueberrytomato.gif,30,item
Large Churro Smoothie,https://grundoscafe.b-cdn.net/items/smo_large_churro.gif,30,item
Large Ice Creamy Jelly Smoothie,https://grundoscafe.b-cdn.net/items/smo_large_jellice.gif,30,item
Large Shepherds Pie Smoothie,https://grundoscafe.b-cdn.net/items/smo_large_shepherdspie.gif,30,item
Lime Jelly Blumaroo,https://grundoscafe.b-cdn.net/items/choc_jell_blu_grn.gif,30,item
Lollypop,https://grundoscafe.b-cdn.net/items/food_lollypop.gif,30,item
Meatless Meatballs,https://grundoscafe.b-cdn.net/items/food_vegetarian_balls.gif,30,item
Meaty Pot Pie,https://grundoscafe.b-cdn.net/items/food_pot_pie.gif,30,item
Neopian Encyclopedia U - Z,https://grundoscafe.b-cdn.net/items/book_ency-u-z.gif,30,item
Neowaiian Bread,https://grundoscafe.b-cdn.net/items/food_hawaiian_bread.gif,30,item
Nereid the Water Faerie,https://grundoscafe.b-cdn.net/items/bluetradingcardback.gif,30,item
Orange Chicken,https://grundoscafe.b-cdn.net/items/food_orange_chicken.gif,30,item
Orange Snow Puff,https://grundoscafe.b-cdn.net/items/snowfood_snowpufforange.gif,30,item
Organic Mushroom,https://grundoscafe.b-cdn.net/items/veggiefood_mushroom.gif,30,item
Peophin Mane Brush,https://grundoscafe.b-cdn.net/items/peophin_brush.gif,30,item
Pink Blush,https://grundoscafe.b-cdn.net/items/pinkblush.gif,30,item
Ransaurus Steak,https://grundoscafe.b-cdn.net/items/d_food04.gif,30,item
Red Bean Bag Chair,https://grundoscafe.b-cdn.net/items/red_bean_bag.gif,30,item
Red Blush,https://grundoscafe.b-cdn.net/items/redblush.gif,30,item
Red Flotsam Plushie,https://grundoscafe.b-cdn.net/items/toy_redflotsam.gif,30,item
Red Lipstick,https://grundoscafe.b-cdn.net/items/redlipstick.gif,30,item
Red Long Hair Brush,https://grundoscafe.b-cdn.net/items/bigbrush.gif,30,item
Sausage and Cheese Roll,https://grundoscafe.b-cdn.net/items/food_sausage_roll.gif,30,item
Scaredy Acara,https://grundoscafe.b-cdn.net/items/book_scaredyacara.gif,30,item
Shyanna,https://grundoscafe.b-cdn.net/items/bluetradingcardback.gif,30,item
Small Blueberry Tomato Smoothie,https://grundoscafe.b-cdn.net/items/smo_reg_blueberrytomato.gif,30,item
Small Metal Shield,https://grundoscafe.b-cdn.net/items/smallshield.gif,30,item
Small Table Lamp,https://grundoscafe.b-cdn.net/items/lamp_01.gif,30,item
Spicy Wings,https://grundoscafe.b-cdn.net/items/hotwings.gif,30,item
Sticks and Stones,https://grundoscafe.b-cdn.net/items/bluetradingcardback.gif,30,item
Tan Blush,https://grundoscafe.b-cdn.net/items/tanblush.gif,30,item
Tent,https://grundoscafe.b-cdn.net/items/tentinbox.gif,30,item
The Lava Ghoul,https://grundoscafe.b-cdn.net/items/bluetradingcardback.gif,30,item
Tigersquash Corn Dog,https://grundoscafe.b-cdn.net/items/food_tigercornhotdog.gif,30,item
Tuna Sub,https://grundoscafe.b-cdn.net/items/food_tuna_sub.gif,30,item
Ugly Mushroom,https://grundoscafe.b-cdn.net/items/mushroom6.gif,30,item
Yellow Toothbrush,https://grundoscafe.b-cdn.net/items/toothbrush_yellow.gif,30,item
Goldwing,https://grundoscafe.b-cdn.net/items/bluetradingcardback.gif,31,item
Guardian of Fire Magic,https://grundoscafe.b-cdn.net/items/bluetradingcardback.gif,31,item
Lupe Warrior,https://grundoscafe.b-cdn.net/items/bluetradingcardback.gif,31,item
M*ynci,https://grundoscafe.b-cdn.net/items/bluetradingcardback.gif,31,item
Rollay Scaleback,https://grundoscafe.b-cdn.net/items/bluetradingcardback.gif,31,item
Trapped,https://grundoscafe.b-cdn.net/items/bluetradingcardback.gif,31,item
Zafara Rogue,https://grundoscafe.b-cdn.net/items/bluetradingcardback.gif,31,item
Blumaroo Guide To Dancing,https://grundoscafe.b-cdn.net/items/bk_blu_4.gif,32,item
Breadoch Big Foot,https://grundoscafe.b-cdn.net/items/bluetradingcardback.gif,32,item
Feed Koi,https://grundoscafe.b-cdn.net/items/koi_book4.gif,32,item
Flaming Wuzzle,https://grundoscafe.b-cdn.net/items/bluetradingcardback.gif,32,item
Korabric,https://grundoscafe.b-cdn.net/items/bluetradingcardback.gif,32,item
Kraag the Korbat Leader,https://grundoscafe.b-cdn.net/items/bluetradingcardback.gif,32,item
Sakhmet Tales,https://grundoscafe.b-cdn.net/items/book_des7.gif,32,item
Shaky Flaky Cream,https://grundoscafe.b-cdn.net/items/shaky_cream.gif,32,item
Sour Lemon Slushie,https://grundoscafe.b-cdn.net/items/slush_sourlemon.gif,32,item
Spectral Elemental,https://grundoscafe.b-cdn.net/items/bluetradingcardback.gif,32,item
Sphinx Links,https://grundoscafe.b-cdn.net/items/food_desert8.gif,32,item
Tentacle Sprout,https://grundoscafe.b-cdn.net/items/d_food26.gif,32,item
The Angry Chomby,https://grundoscafe.b-cdn.net/items/book_newchomby2.gif,32,item
The Art Of Cybunnies,https://grundoscafe.b-cdn.net/items/book_newcybunny2.gif,32,item
Bottle of Green Sand,https://grundoscafe.b-cdn.net/items/tiki_greensand.gif,33,item
Cherry Wish Stick,https://grundoscafe.b-cdn.net/items/tac_cherrywishstick.gif,33,item
Coconut Keyring,https://grundoscafe.b-cdn.net/items/coconut_keyring.gif,33,item
Erick,https://grundoscafe.b-cdn.net/items/bluetradingcardback.gif,33,item
Gargoyle Troop,https://grundoscafe.b-cdn.net/items/bluetradingcardback.gif,33,item
Pickled Olives,https://grundoscafe.b-cdn.net/items/tiki_olives.gif,33,item
Quiggle Strongman,https://grundoscafe.b-cdn.net/items/bluetradingcardback.gif,33,item
Rhiannon,https://grundoscafe.b-cdn.net/items/bluetradingcardback.gif,33,item
Slychi the Skeith Invader,https://grundoscafe.b-cdn.net/items/bluetradingcardback.gif,33,item
Surfboard Keyring,https://grundoscafe.b-cdn.net/items/tiki_surfboardkeyring.gif,33,item
Arnie Hulltusk,https://grundoscafe.b-cdn.net/items/bluetradingcardback.gif,34,item
Blue My Pretty Uni Hoof Polish Set,https://grundoscafe.b-cdn.net/items/mpu_set_polish_blue.gif,34,item
Boraxis the Healer,https://grundoscafe.b-cdn.net/items/bluetradingcardback.gif,34,item
Chimi Magi,https://grundoscafe.b-cdn.net/items/bluetradingcardback.gif,34,item
Gors the Mighty,https://grundoscafe.b-cdn.net/items/bluetradingcardback.gif,34,item
Keeping Peophin,https://grundoscafe.b-cdn.net/items/book_peophin2.gif,34,item
Koi Defensive Goggles,https://grundoscafe.b-cdn.net/items/koi_battle3.gif,34,item
Malkus Vile,https://grundoscafe.b-cdn.net/items/bluetradingcardback.gif,34,item
Pink Toothbrush,https://grundoscafe.b-cdn.net/items/toothbrush_pink.gif,34,item
Roboto Shoulders,https://grundoscafe.b-cdn.net/items/space_shoulders.gif,34,item
Undead Cybunny,https://grundoscafe.b-cdn.net/items/bluetradingcardback.gif,34,item
100 Percent Fake Uni Mask,https://grundoscafe.b-cdn.net/items/fakeunihat.gif,35,item
Big Foot the JubJub,https://grundoscafe.b-cdn.net/items/book_jubjub2.gif,35,item
Bluehamberry Burger,https://grundoscafe.b-cdn.net/items/gross_spamblue.gif,35,item
Blue Mirror,https://grundoscafe.b-cdn.net/items/bluemirror.gif,35,item
Blue Short Hair Brush,https://grundoscafe.b-cdn.net/items/blueshorthair.gif,35,item
Bronto Bite,https://grundoscafe.b-cdn.net/items/d_food18.gif,35,item
Cheese and Eel Burger,https://grundoscafe.b-cdn.net/items/gross_cheeseeel.gif,35,item
Chocolate Coated Mint Bar,https://grundoscafe.b-cdn.net/items/choc_bar.gif,35,item
Chocolate Coated Pretzel,https://grundoscafe.b-cdn.net/items/choc_pretzel.gif,35,item
Chocolate Moehog Coin,https://grundoscafe.b-cdn.net/items/food_chocmoehog3.gif,35,item
Coco NeoCrunch,https://grundoscafe.b-cdn.net/items/food_coccrunch.gif,35,item
Cookie Jar,https://grundoscafe.b-cdn.net/items/funky_cookie_jar.gif,35,item
Cup of Water,https://grundoscafe.b-cdn.net/items/food_cup_water.gif,35,item
Darien,https://grundoscafe.b-cdn.net/items/bluetradingcardback.gif,35,item
Eye-Sha,https://grundoscafe.b-cdn.net/items/book_des4.gif,35,item
Faerie Toast With Butter,https://grundoscafe.b-cdn.net/items/faerie_food_toast.gif,35,item
Fresh Seaweed Pie,https://grundoscafe.b-cdn.net/items/gross_grasspie.gif,35,item
Functional Purple Chair,https://grundoscafe.b-cdn.net/items/funky_chair_purple.gif,35,item
Garlic Bread Halves,https://grundoscafe.b-cdn.net/items/food_garbread.gif,35,item
Gorunda the Wise,https://grundoscafe.b-cdn.net/items/bluetradingcardback.gif,35,item
Grape Chia Pop,https://grundoscafe.b-cdn.net/items/snowfood_chiapopgrape.gif,35,item
Green Bean Bag Chair,https://grundoscafe.b-cdn.net/items/green_bean_bag.gif,35,item
Green Buzz Plushie,https://grundoscafe.b-cdn.net/items/toy_buzzgreen.gif,35,item
Green Lipstick,https://grundoscafe.b-cdn.net/items/greenlipstick.gif,35,item
Green Short Hair Brush,https://grundoscafe.b-cdn.net/items/greenshorthair.gif,35,item
Gumball Machine,https://grundoscafe.b-cdn.net/items/toy_gumball.gif,35,item
Healing Koi,https://grundoscafe.b-cdn.net/items/koi_book2.gif,35,item
Hewn Stone Chair,https://grundoscafe.b-cdn.net/items/stone_chair.gif,35,item
Iced Fish Cake,https://grundoscafe.b-cdn.net/items/gross_fishcake.gif,35,item
Inside the Mind of a Lupe,https://grundoscafe.b-cdn.net/items/book_lupe5.gif,35,item
Jelly Slushie,https://grundoscafe.b-cdn.net/items/slush_jelly.gif,35,item
Jeuru Stripedmane,https://grundoscafe.b-cdn.net/items/bluetradingcardback.gif,35,item
Kabuggles,https://grundoscafe.b-cdn.net/items/tropical_kabuggle.gif,35,item
Kyrii Pop,https://grundoscafe.b-cdn.net/items/choc_kyrii2.gif,35,item
Large Bean Smoothie,https://grundoscafe.b-cdn.net/items/smo_large_bean.gif,35,item
Large Wild Chocomato Smoothie,https://grundoscafe.b-cdn.net/items/smo_large_chocotomato.gif,35,item
Lhika Burrtail,https://grundoscafe.b-cdn.net/items/bluetradingcardback.gif,35,item
Lime Chia Pop,https://grundoscafe.b-cdn.net/items/snowfood_chiapoplime.gif,35,item
Milk Chocolate Kyrii,https://grundoscafe.b-cdn.net/items/foo_chocolate_kyrii.gif,35,item
Milk Chocolate Lupe,https://grundoscafe.b-cdn.net/items/milkchoclupe.gif,35,item
Milk Chocolate Scorchio,https://grundoscafe.b-cdn.net/items/foo_chocolate_scorchio.gif,35,item
Milk Chocolate Uni,https://grundoscafe.b-cdn.net/items/foo_chocolate_uni.gif,35,item
Milk Chocolate Wocky,https://grundoscafe.b-cdn.net/items/milkchocwocky.gif,35,item
Moogi,https://grundoscafe.b-cdn.net/items/bluetradingcardback.gif,35,item
Mustard Ice Cream,https://grundoscafe.b-cdn.net/items/gross_mustice.gif,35,item
Neggitus Injection,https://grundoscafe.b-cdn.net/items/yellowinjection.gif,35,item
Neo Crackers,https://grundoscafe.b-cdn.net/items/Crackers.gif,35,item
Neopian Encyclopedia K - O,https://grundoscafe.b-cdn.net/items/book_ency-k-o.gif,35,item
Neopian Encyclopedia P - T,https://grundoscafe.b-cdn.net/items/book_ency-p-t.gif,35,item
Orange Chia Pop,https://grundoscafe.b-cdn.net/items/snowfood_chiapoporange.gif,35,item
Orange Juice,https://grundoscafe.b-cdn.net/items/orangejuice.gif,35,item
Organic Olives,https://grundoscafe.b-cdn.net/items/veggiefood_olives.gif,35,item
Pink Rug,https://grundoscafe.b-cdn.net/items/pink_rug.gif,35,item
Playing with Fire,https://grundoscafe.b-cdn.net/items/faeriebook_playingwithfire.gif,35,item
Purple Power,https://grundoscafe.b-cdn.net/items/bk_tusk_3.gif,35,item
Purple Toothbrush,https://grundoscafe.b-cdn.net/items/toothbrush_purple.gif,35,item
Purplum and Cheese Sandwich,https://grundoscafe.b-cdn.net/items/food_purplumsand.gif,35,item
Quiggle Warlord,https://grundoscafe.b-cdn.net/items/bluetradingcardback.gif,35,item
Raising Young Kau,https://grundoscafe.b-cdn.net/items/book_kau_young.gif,35,item
Red Short Hair Brush,https://grundoscafe.b-cdn.net/items/redshorthair.gif,35,item
Round Table Lamp,https://grundoscafe.b-cdn.net/items/lamp_03.gif,35,item
Salmon Fishwich,https://grundoscafe.b-cdn.net/items/gross_fishwich.gif,35,item
Sandwich,https://grundoscafe.b-cdn.net/items/sandwich.gif,35,item
Sharpeye,https://grundoscafe.b-cdn.net/items/bluetradingcardback.gif,35,item
Sherbet Lemon Chia Pop,https://grundoscafe.b-cdn.net/items/snowfood_chiapopsherbertlemon.gif,35,item
Small Yogurt Pea Smoothie,https://grundoscafe.b-cdn.net/items/smo_reg_yogurtpea.gif,35,item
Snazzy Moon Comb,https://grundoscafe.b-cdn.net/items/groom_moon_comb.gif,35,item
Snowberry Slushie,https://grundoscafe.b-cdn.net/items/slush_snowberry.gif,35,item
Snow Cake,https://grundoscafe.b-cdn.net/items/snowfood_snowcake.gif,35,item
Snow Sandwich,https://grundoscafe.b-cdn.net/items/snowfood_snowsandwich.gif,35,item
Snow Submarine Sandwich,https://grundoscafe.b-cdn.net/items/snowfood_snowsub.gif,35,item
Spooky Shake,https://grundoscafe.b-cdn.net/items/foo_spookyshake.gif,35,item
Stale Bread,https://grundoscafe.b-cdn.net/items/food_bread_slice.gif,35,item
Stuffed Frog,https://grundoscafe.b-cdn.net/items/gross_stufffrog.gif,35,item
Tchea Fruit,https://grundoscafe.b-cdn.net/items/food_desert7.gif,35,item
Uggaroo,https://grundoscafe.b-cdn.net/items/bluetradingcardback.gif,35,item
Uggsul,https://grundoscafe.b-cdn.net/items/bluetradingcardback.gif,35,item
Venuquin,https://grundoscafe.b-cdn.net/items/bluetradingcardback.gif,35,item
White Chocolate Wocky,https://grundoscafe.b-cdn.net/items/whitechocwocky.gif,35,item
Annual Gormball Championship,https://grundoscafe.b-cdn.net/items/bluetradingcardback.gif,36,item
A Two Rings Crusader,https://grundoscafe.b-cdn.net/items/bluetradingcardback.gif,36,item
Desert Flower,https://grundoscafe.b-cdn.net/items/bluetradingcardback.gif,36,item
Dreaming,https://grundoscafe.b-cdn.net/items/bluetradingcardback.gif,36,item
Florg the Devourer,https://grundoscafe.b-cdn.net/items/bluetradingcardback.gif,36,item
Geirrod Sternhoof,https://grundoscafe.b-cdn.net/items/bluetradingcardback.gif,36,item
Megapepper Pizza,https://grundoscafe.b-cdn.net/items/pizza_16.gif,36,item
Neoquest Hero,https://grundoscafe.b-cdn.net/items/bluetradingcardback.gif,36,item
Riyella,https://grundoscafe.b-cdn.net/items/bluetradingcardback.gif,36,item
Small Islandberry Smoothie,https://grundoscafe.b-cdn.net/items/smo_reg_islandberries.gif,36,item
Uzarro,https://grundoscafe.b-cdn.net/items/bluetradingcardback.gif,36,item
JubJub Roll!,https://grundoscafe.b-cdn.net/items/book_jubjub3.gif,37,item
Li-sha,https://grundoscafe.b-cdn.net/items/bluetradingcardback.gif,37,item
Lord Luparn,https://grundoscafe.b-cdn.net/items/bluetradingcardback.gif,37,item
Lummock Sendent,https://grundoscafe.b-cdn.net/items/bluetradingcardback.gif,37,item
Mokti,https://grundoscafe.b-cdn.net/items/bluetradingcardback.gif,37,item
Small Honey Lemon Smoothie,https://grundoscafe.b-cdn.net/items/smo_reg_honeylemon.gif,37,item
Two Rings Warlock,https://grundoscafe.b-cdn.net/items/bluetradingcardback.gif,37,item
Yellow Frost Cannon,https://grundoscafe.b-cdn.net/items/yellowfrostcannon.gif,37,item
Berserker,https://grundoscafe.b-cdn.net/items/bluetradingcardback.gif,38,item
Black Lipstick,https://grundoscafe.b-cdn.net/items/blacklipstick.gif,38,item
Blue Chia Plushie,https://grundoscafe.b-cdn.net/items/bluechiadoll.gif,38,item
Bunch O' Bows My Pretty Uni Set,https://grundoscafe.b-cdn.net/items/mpu_set_bunch_bows.gif,38,item
Captain Telhan,https://grundoscafe.b-cdn.net/items/bluetradingcardback.gif,38,item
Chest Armour,https://grundoscafe.b-cdn.net/items/space_chestarmor.gif,38,item
Chilled Eyeball Custard,https://grundoscafe.b-cdn.net/items/foo_eyeballcustard.gif,38,item
Dark Red Lipstick,https://grundoscafe.b-cdn.net/items/darkredlipstick.gif,38,item
Doctor,https://grundoscafe.b-cdn.net/items/bluetradingcardback.gif,38,item
Ghartun The Grundo Commander,https://grundoscafe.b-cdn.net/items/bluetradingcardback.gif,38,item
Koi Owners Manual,https://grundoscafe.b-cdn.net/items/koi_book1.gif,38,item
Mollusc Surprise,https://grundoscafe.b-cdn.net/items/d_food12.gif,38,item
Morax Dorangis,https://grundoscafe.b-cdn.net/items/bluetradingcardback.gif,38,item
Plain Sourdough Baguette,https://grundoscafe.b-cdn.net/items/food_baguette_2.gif,38,item
Professor Agatha,https://grundoscafe.b-cdn.net/items/bluetradingcardback.gif,38,item
Strawberry Shortcake,https://grundoscafe.b-cdn.net/items/food_shortcake.gif,38,item
All You Need to Know About Your JubJub,https://grundoscafe.b-cdn.net/items/book_jubjub4.gif,39,item
Dark Reflectorb,https://grundoscafe.b-cdn.net/items/bd_dark_01.gif,39,item
Kyrii Islander,https://grundoscafe.b-cdn.net/items/bluetradingcardback.gif,39,item
Mr Irgo,https://grundoscafe.b-cdn.net/items/bluetradingcardback.gif,39,item
Two Rings Archmagus,https://grundoscafe.b-cdn.net/items/bluetradingcardback.gif,39,item
Uugbah Sharp Spear,https://grundoscafe.b-cdn.net/items/bluetradingcardback.gif,39,item
Velvet Pimpernel,https://grundoscafe.b-cdn.net/items/bluetradingcardback.gif,39,item
Abacus,https://grundoscafe.b-cdn.net/items/pocketgame.gif,40,item
Aisha Angel Cookie,https://grundoscafe.b-cdn.net/items/food_aishaangelcookie.gif,40,item
Algebra,https://grundoscafe.b-cdn.net/items/book_algebra.gif,40,item
All About Light Faeries,https://grundoscafe.b-cdn.net/items/book_lightfaeries.gif,40,item
A Tale of Two Lupes,https://grundoscafe.b-cdn.net/items/book_lupe1.gif,40,item
Banana Milkshake,https://grundoscafe.b-cdn.net/items/bananamilkshake.gif,40,item
Basic Dryer,https://grundoscafe.b-cdn.net/items/bd_air_01.gif,40,item
B-B-Q Pork,https://grundoscafe.b-cdn.net/items/food_bbq_pork.gif,40,item
Beautiful Golden Ring,https://grundoscafe.b-cdn.net/items/gold_ring.gif,40,item
Beef and Veg Baby Food,https://grundoscafe.b-cdn.net/items/gagabrown.gif,40,item
Big n Bouncy Toy,https://grundoscafe.b-cdn.net/items/toy_bounce.gif,40,item
Black Mirror,https://grundoscafe.b-cdn.net/items/blackmirror.gif,40,item
Blue Bandana,https://grundoscafe.b-cdn.net/items/bandana.gif,40,item
Blueberry Gateaux,https://grundoscafe.b-cdn.net/items/space_blueberry.gif,40,item
Blue Frost Cannon,https://grundoscafe.b-cdn.net/items/bluefrostcannon.gif,40,item
Blue Yarn Ball,https://grundoscafe.b-cdn.net/items/blueyarnball.gif,40,item
Blumaroo Love Stories,https://grundoscafe.b-cdn.net/items/bk_blu_1.gif,40,item
Bow Tie,https://grundoscafe.b-cdn.net/items/bow_01.gif,40,item
Bri Codestone,https://grundoscafe.b-cdn.net/items/codestone10.gif,40,item
Brilliant Blue My Pretty Uni,https://grundoscafe.b-cdn.net/items/brilliant-blue-my-pretty-uni.gif,40,item
Cheeseburger,https://grundoscafe.b-cdn.net/items/cheeseburger.gif,40,item
Cheesy Meat Wrap,https://grundoscafe.b-cdn.net/items/food_foldeecheese.gif,40,item
Cherries,https://grundoscafe.b-cdn.net/items/cherries.gif,40,item
Chicken Cordon Bleu,https://grundoscafe.b-cdn.net/items/space_beef2.gif,40,item
Chilli And Cheese Hot Dog,https://grundoscafe.b-cdn.net/items/hotdog_chiliecheese.gif,40,item
Chilli Hot Dog,https://grundoscafe.b-cdn.net/items/hotdog_chilie.gif,40,item
Choco-Strawberry Muffin,https://grundoscafe.b-cdn.net/items/food_strawberrychocmuffin.gif,40,item
Coffee and Marshmallows,https://grundoscafe.b-cdn.net/items/coffeandmarsh.gif,40,item
Crispies,https://grundoscafe.b-cdn.net/items/food_crispies.gif,40,item
Cybunny Financing,https://grundoscafe.b-cdn.net/items/book_cybunny_1.gif,40,item
Dental Floss,https://grundoscafe.b-cdn.net/items/tooth_floss.gif,40,item
Dented Flowers,https://grundoscafe.b-cdn.net/items/garden_dented_flowers.gif,40,item
Deviled Steak,https://grundoscafe.b-cdn.net/items/foo_devilsteak.gif,40,item
Drawing Kiko,https://grundoscafe.b-cdn.net/items/book_kiko6.gif,40,item
Eo Codestone,https://grundoscafe.b-cdn.net/items/codestone5.gif,40,item
Eyrie Sweater,https://grundoscafe.b-cdn.net/items/eyrie_sweater.gif,40,item
Famous Crab Burger,https://grundoscafe.b-cdn.net/items/aquaticfood_crabburger.gif,40,item
Fava Beans,https://grundoscafe.b-cdn.net/items/veggiefood_favabeans.gif,40,item
Fishy Nibbles,https://grundoscafe.b-cdn.net/items/waterfood_tuna_tails.gif,40,item
Flame Reflector,https://grundoscafe.b-cdn.net/items/bd_fire_01.gif,40,item
Flotsam Sweater,https://grundoscafe.b-cdn.net/items/flotsamsweater.gif,40,item
Forest Fruit Baby Food,https://grundoscafe.b-cdn.net/items/gagapurple.gif,40,item
Fried Chicken Breast,https://grundoscafe.b-cdn.net/items/food_fried_chicken_breast.gif,40,item
FruitMallow,https://grundoscafe.b-cdn.net/items/tropical_fruitmallow.gif,40,item
Full Length Mirror,https://grundoscafe.b-cdn.net/items/funky_mirror.gif,40,item
Glaring Eye Wrap,https://grundoscafe.b-cdn.net/items/foo_eyewrap.gif,40,item
Gorgeous Green My Pretty Uni,https://grundoscafe.b-cdn.net/items/gorgeous-green-my-pretty-uni.gif,40,item
Grape Snow Puff,https://grundoscafe.b-cdn.net/items/snowfood_snowpuffgrape.gif,40,item
Green Grapes,https://grundoscafe.b-cdn.net/items/food_grapes_green.gif,40,item
Green Kacheek Plushie,https://grundoscafe.b-cdn.net/items/toy_kacheekgreen.gif,40,item
Grimilix Stamp,https://grundoscafe.b-cdn.net/items/stamp_spa_better.gif,40,item
Gruel Cake,https://grundoscafe.b-cdn.net/items/food_gruel_cake.gif,40,item
Gwermal,https://grundoscafe.b-cdn.net/items/gadgads_gwermal.gif,40,item
Hairspray,https://grundoscafe.b-cdn.net/items/hairspray.gif,40,item
Har Codestone,https://grundoscafe.b-cdn.net/items/codestone9.gif,40,item
Healing Potion III,https://grundoscafe.b-cdn.net/items/potion9.gif,40,item
Hot Buttered Baguette,https://grundoscafe.b-cdn.net/items/food_baguette_3.gif,40,item
Hot Worm Hot Dog,https://grundoscafe.b-cdn.net/items/gross_hotworm.gif,40,item
Infested Peach,https://grundoscafe.b-cdn.net/items/gross_infestedpeach.gif,40,item
Intergalactic Spiced Beans,https://grundoscafe.b-cdn.net/items/space_peas.gif,40,item
JubJub Manual,https://grundoscafe.b-cdn.net/items/book_jubjub1.gif,40,item
Kaus Guide to Better Grazing,https://grundoscafe.b-cdn.net/items/book_kau_grass.gif,40,item
Kiko - Fu,https://grundoscafe.b-cdn.net/items/book_kiko1.gif,40,item
Large Melman Smoothie,https://grundoscafe.b-cdn.net/items/smo_large_melmans.gif,40,item
Lemon Meringue Baby Food,https://grundoscafe.b-cdn.net/items/gagayellow.gif,40,item
Lettuce,https://grundoscafe.b-cdn.net/items/food_veg_lettuce.gif,40,item
Lu Codestone,https://grundoscafe.b-cdn.net/items/codestone3.gif,40,item
Magical Hair Usuki,https://grundoscafe.b-cdn.net/items/doll_usul_7.gif,40,item
Main Codestone,https://grundoscafe.b-cdn.net/items/codestone6.gif,40,item
Mau Codestone,https://grundoscafe.b-cdn.net/items/codestone1.gif,40,item
Milk Chocolate Gelert,https://grundoscafe.b-cdn.net/items/foo_chocolate_gelert.gif,40,item
Milk Chocolate Korbat,https://grundoscafe.b-cdn.net/items/milkchockorbat.gif,40,item
Milk Chocolate Nimmo,https://grundoscafe.b-cdn.net/items/foo_chocolate_nimmo.gif,40,item
Milk Chocolate Usul,https://grundoscafe.b-cdn.net/items/milkchocusul.gif,40,item
Mynci T-Shirt,https://grundoscafe.b-cdn.net/items/mynci_shirt.gif,40,item
NeoFlu Jelly Pills,https://grundoscafe.b-cdn.net/items/illpill.gif,40,item
Neonip Critter,https://grundoscafe.b-cdn.net/items/neonip_critter.gif,40,item
Neopian Encyclopedia F - J,https://grundoscafe.b-cdn.net/items/book_ency-f-j.gif,40,item
Oopsy Daisy,https://grundoscafe.b-cdn.net/items/book_oopsydaisy.gif,40,item
Orange,https://grundoscafe.b-cdn.net/items/food_orange.gif,40,item
Organic Green Grapes,https://grundoscafe.b-cdn.net/items/food_grapes_green.gif,40,item
Orn Codestone,https://grundoscafe.b-cdn.net/items/codestone8.gif,40,item
Pasta And Eyes,https://grundoscafe.b-cdn.net/items/gross_pastaNeyes.gif,40,item
Peppermint Toothpaste,https://grundoscafe.b-cdn.net/items/tooth_toothpaste.gif,40,item
Pickled Eel,https://grundoscafe.b-cdn.net/items/aquaticfood_pickledeel.gif,40,item
Pizza,https://grundoscafe.b-cdn.net/items/pizza.gif,40,item
Prime Veggie Burger,https://grundoscafe.b-cdn.net/items/veggiefood_burger.gif,40,item
Radio Active Pteri Part 1,https://grundoscafe.b-cdn.net/items/book_radioactivepteri.gif,40,item
Red Bouncy Ball,https://grundoscafe.b-cdn.net/items/redbouncyball.gif,40,item
Red Mynci Puppet,https://grundoscafe.b-cdn.net/items/mynci_puppet.gif,40,item
Red Nail Varnish,https://grundoscafe.b-cdn.net/items/redpolish.gif,40,item
Rolling Chair,https://grundoscafe.b-cdn.net/items/rolling_chair.gif,40,item
Rosy Red My Pretty Uni,https://grundoscafe.b-cdn.net/items/rosy_red_my_pretty_uni.gif,40,item
Rubber Duck,https://grundoscafe.b-cdn.net/items/rubberduck.gif,40,item
Sakhmet Petpets,https://grundoscafe.b-cdn.net/items/book_des10.gif,40,item
Snowghetti and Meatballs,https://grundoscafe.b-cdn.net/items/snowfood_snowghettimeatball.gif,40,item
Spicy Chicken Burrito,https://grundoscafe.b-cdn.net/items/food_chickbor.gif,40,item
Spiky Bush,https://grundoscafe.b-cdn.net/items/w_bush.gif,40,item
Stone Soup,https://grundoscafe.b-cdn.net/items/food_med_stonesoup.gif,40,item
Strawberries and Cream Baby Food,https://grundoscafe.b-cdn.net/items/gagared.gif,40,item
Strawberry Artichoke,https://grundoscafe.b-cdn.net/items/gross_strawart.gif,40,item
Strong Berry Java,https://grundoscafe.b-cdn.net/items/coffee5.gif,40,item
Stunning Silver Ring,https://grundoscafe.b-cdn.net/items/silver_ring.gif,40,item
Sugar Bunny,https://grundoscafe.b-cdn.net/items/candy_sugbun.gif,40,item
Tai-Kai Codestone,https://grundoscafe.b-cdn.net/items/codestone2.gif,40,item
TeaLeef Sandwich,https://grundoscafe.b-cdn.net/items/food_tealeefsand.gif,40,item
The Great Chomby,https://grundoscafe.b-cdn.net/items/boo_greatchomby.gif,40,item
The Happy Blumaroo,https://grundoscafe.b-cdn.net/items/book_blum_hap.gif,40,item
Tigersquash Ice Cream,https://grundoscafe.b-cdn.net/items/coff_tigersquashice.gif,40,item
Tobbie Fruit,https://grundoscafe.b-cdn.net/items/gad_fruit2.gif,40,item
Tonguewich,https://grundoscafe.b-cdn.net/items/gross_Tonguewich.gif,40,item
Toy Train,https://grundoscafe.b-cdn.net/items/toytrain.gif,40,item
Train Koi,https://grundoscafe.b-cdn.net/items/koi_book3.gif,40,item
Ultimate Burger,https://grundoscafe.b-cdn.net/items/fatboyburger.gif,40,item
Usuki Pretty Princess Set,https://grundoscafe.b-cdn.net/items/usuki_dress_1.gif,40,item
Usuki Summer Fun Set,https://grundoscafe.b-cdn.net/items/usuki_dress_3.gif,40,item
Vegetarian Cheeseburger,https://grundoscafe.b-cdn.net/items/veggiecheeseburger.gif,40,item
Vo Codestone,https://grundoscafe.b-cdn.net/items/codestone4.gif,40,item
When Your Meercas Hurt,https://grundoscafe.b-cdn.net/items/book_meerca_4.gif,40,item
White Chocolate Eyrie,https://grundoscafe.b-cdn.net/items/can_eyrie_whitechocolate.gif,40,item
White Chocolate Kyrii,https://grundoscafe.b-cdn.net/items/foo_whitechoc_kyrii.gif,40,item
White Chocolate Tuskaninny,https://grundoscafe.b-cdn.net/items/foo_whitechoc_tuskaninny.gif,40,item
White Chocolate Uni,https://grundoscafe.b-cdn.net/items/foo_whitechoc_uni.gif,40,item
Yappy Yellow My Pretty Uni,https://grundoscafe.b-cdn.net/items/yappy-yellow-my-pretty-uni.gif,40,item
Yellow Bouncy Ball,https://grundoscafe.b-cdn.net/items/yellowbouncyball.gif,40,item
Zei Codestone,https://grundoscafe.b-cdn.net/items/codestone7.gif,40,item
Basic Shovel,https://grundoscafe.b-cdn.net/items/bd_earth_01.gif,41,item
Straw Desk,https://grundoscafe.b-cdn.net/items/straw_desk.gif,41,item
Tangy Red Melon Slushie,https://grundoscafe.b-cdn.net/items/slush_tangyredmelon.gif,41,item
Almost Gummy Rat (Strawberry),https://grundoscafe.b-cdn.net/items/almostgummyratsred.gif,42,item
Captain Dread,https://grundoscafe.b-cdn.net/items/redtradingcardback.gif,42,item
Cocoa Juppie,https://grundoscafe.b-cdn.net/items/tropical_cocoajuppie.gif,42,item
Crablett,https://grundoscafe.b-cdn.net/items/d_food13.gif,42,item
Gali Yoj,https://grundoscafe.b-cdn.net/items/redtradingcardback.gif,42,item
Godfried the Good,https://grundoscafe.b-cdn.net/items/redtradingcardback.gif,42,item
JubJubs Day,https://grundoscafe.b-cdn.net/items/book_jubjub5.gif,42,item
Midas,https://grundoscafe.b-cdn.net/items/redtradingcardback.gif,42,item
Primordial Thing,https://grundoscafe.b-cdn.net/items/d_food16.gif,42,item
Professor Chesterpot,https://grundoscafe.b-cdn.net/items/redtradingcardback.gif,42,item
Rayn Trueshot,https://grundoscafe.b-cdn.net/items/redtradingcardback.gif,42,item
Solar Fyre,https://grundoscafe.b-cdn.net/items/redtradingcardback.gif,42,item
Stone Chair,https://grundoscafe.b-cdn.net/items/stone_stool.gif,42,item
Straw Chair,https://grundoscafe.b-cdn.net/items/straw_chair.gif,42,item
Tyran Far,https://grundoscafe.b-cdn.net/items/redtradingcardback.gif,42,item
U-Bend,https://grundoscafe.b-cdn.net/items/bd_water_01.gif,42,item
Antikia Lighten,https://grundoscafe.b-cdn.net/items/redtradingcardback.gif,43,item
Battle Mirror,https://grundoscafe.b-cdn.net/items/bd_light_01.gif,43,item
Flying Shoyru,https://grundoscafe.b-cdn.net/items/redtradingcardback.gif,43,item
Grundo Chef,https://grundoscafe.b-cdn.net/items/redtradingcardback.gif,43,item
Gutan Kai,https://grundoscafe.b-cdn.net/items/redtradingcardback.gif,43,item
Hewn Stone Bed,https://grundoscafe.b-cdn.net/items/stone_bed.gif,43,item
Highland Chia,https://grundoscafe.b-cdn.net/items/redtradingcardback.gif,43,item
Meat Wrap,https://grundoscafe.b-cdn.net/items/food_foldee.gif,43,item
Moehawk,https://grundoscafe.b-cdn.net/items/redtradingcardback.gif,43,item
Sakhmet Styles,https://grundoscafe.b-cdn.net/items/book_des8.gif,43,item
Small Apple Cinnamon Smoothie,https://grundoscafe.b-cdn.net/items/smo_reg_applecinnamon.gif,43,item
Small Orange Clove Smoothie,https://grundoscafe.b-cdn.net/items/smo_reg_orangeclover.gif,43,item
Spore Blossom,https://grundoscafe.b-cdn.net/items/d_food27.gif,43,item
Sun Dried Techo Claw,https://grundoscafe.b-cdn.net/items/sundriedclaw.gif,43,item
Tongue with Veggies,https://grundoscafe.b-cdn.net/items/tounge_veggies.gif,43,item
Yellow Aisha Plushie,https://grundoscafe.b-cdn.net/items/toy_aisha_plushie4.gif,43,item
Admiral Arvakis,https://grundoscafe.b-cdn.net/items/redtradingcardback.gif,44,item
Alabaster,https://grundoscafe.b-cdn.net/items/redtradingcardback.gif,44,item
Blue Flotsam Plushie,https://grundoscafe.b-cdn.net/items/toy_blueflotsam.gif,44,item
Bottle of Blue Sand,https://grundoscafe.b-cdn.net/items/tiki_bluesand.gif,44,item
Bud Bud,https://grundoscafe.b-cdn.net/items/d_food31.gif,44,item
Chocopie Slice,https://grundoscafe.b-cdn.net/items/chocopie.gif,44,item
Confident Kyrii,https://grundoscafe.b-cdn.net/items/book_kyrii_4.gif,44,item
Cub Tooth,https://grundoscafe.b-cdn.net/items/tiki_cubtooth.gif,44,item
Green My Pretty Uni Hoof Polish Set,https://grundoscafe.b-cdn.net/items/mpu_set_polish_green.gif,44,item
Island Blumaroo Figurine,https://grundoscafe.b-cdn.net/items/islandblummini.gif,44,item
Jannen,https://grundoscafe.b-cdn.net/items/redtradingcardback.gif,44,item
Large Salmon Sherbert Smoothie,https://grundoscafe.b-cdn.net/items/smo_large_salmonsherbert.gif,44,item
Medicinal Mud Bath,https://grundoscafe.b-cdn.net/items/mud_bath.gif,44,item
Meerca Menace,https://grundoscafe.b-cdn.net/items/redtradingcardback.gif,44,item
Neopets Beach Ball,https://grundoscafe.b-cdn.net/items/tiki_neopetsbeachball.gif,44,item
Oak Wish Stick,https://grundoscafe.b-cdn.net/items/tac_oakwishstick.gif,44,item
Peaburger Delight,https://grundoscafe.b-cdn.net/items/gross_peaburger.gif,44,item
Psellia the Air Faerie,https://grundoscafe.b-cdn.net/items/redtradingcardback.gif,44,item
Small Neggnog Smoothie,https://grundoscafe.b-cdn.net/items/smo_reg_neggnog.gif,44,item
Small Roasted Chestnut Smoothie,https://grundoscafe.b-cdn.net/items/smo_reg_roastedchestnut.gif,44,item
Straw Sofa Chair,https://grundoscafe.b-cdn.net/items/straw_sofa_chair.gif,44,item
Temple Watchman,https://grundoscafe.b-cdn.net/items/redtradingcardback.gif,44,item
The Big Blue Blumaroo Book,https://grundoscafe.b-cdn.net/items/bk_blu_2.gif,44,item
Volcanic Rock,https://grundoscafe.b-cdn.net/items/tiki_rock.gif,44,item
Abominable Snowball,https://grundoscafe.b-cdn.net/items/absnowball_white.gif,45,item
Agender Pride Bear,https://grundoscafe.b-cdn.net/items/pride_teddy_agender.gif,45,item
Agender Pride Flag,https://grundoscafe.b-cdn.net/items/prideflag_agender.gif,45,item
A Mysterious Valentines Card,https://grundoscafe.b-cdn.net/items/gif_mystery_valentine.gif,45,item
Aromantic Asexual Pride Bear,https://grundoscafe.b-cdn.net/items/pride_teddy_aroace.gif,45,item
Aromantic Asexual Pride Flag,https://grundoscafe.b-cdn.net/items/prideflag_aroace.gif,45,item
Aromantic Pride Bear,https://grundoscafe.b-cdn.net/items/pride_teddy_aromantic.gif,45,item
Aromantic Pride Flag,https://grundoscafe.b-cdn.net/items/prideflag_aro.gif,45,item
Asexual Pride Bear,https://grundoscafe.b-cdn.net/items/pride_teddy_ace.gif,45,item
Asexual Pride Flag,https://grundoscafe.b-cdn.net/items/prideflag_ace.gif,45,item
Bag of Peas,https://grundoscafe.b-cdn.net/items/food_bagofpeas.gif,45,item
Bigender Pride Bear,https://grundoscafe.b-cdn.net/items/pride_teddy_bigender.gif,45,item
Bigender Pride Flag,https://grundoscafe.b-cdn.net/items/prideflag_bigender.gif,45,item
Bisexual Pride Bear,https://grundoscafe.b-cdn.net/items/pride_teddy_bisexual.gif,45,item
Bisexual Pride Flag,https://grundoscafe.b-cdn.net/items/prideflag_bi.gif,45,item
Black Eyed Peas,https://grundoscafe.b-cdn.net/items/veggiefood_blackeyedpeas.gif,45,item
Black Jewelled Collar,https://grundoscafe.b-cdn.net/items/blackjewel.gif,45,item
Black Licorice Hearts,https://grundoscafe.b-cdn.net/items/can_black_licorice_hearts.gif,45,item
Blueberry Chia Pop,https://grundoscafe.b-cdn.net/items/snowfood_chiapopblueberry.gif,45,item
Blueberry Faerie Bubble,https://grundoscafe.b-cdn.net/items/faerie_food_blueberry.gif,45,item
Blue Mouth Wash,https://grundoscafe.b-cdn.net/items/tooth_bluewash.gif,45,item
Cardboard Scratching Board,https://grundoscafe.b-cdn.net/items/pps_cardboard_catscratch.gif,45,item
Chicken,https://grundoscafe.b-cdn.net/items/chicken.gif,45,item
Chocolate Coated Candy Cane,https://grundoscafe.b-cdn.net/items/choc_cane.gif,45,item
Chokato Chia Balloon,https://grundoscafe.b-cdn.net/items/goodies_balloon3.gif,45,item
Conditioner,https://grundoscafe.b-cdn.net/items/conditioner.gif,45,item
Cream Rug,https://grundoscafe.b-cdn.net/items/cream_rug.gif,45,item
Cup-O-Slime,https://grundoscafe.b-cdn.net/items/gross_cuposlime.gif,45,item
Cybunny Down,https://grundoscafe.b-cdn.net/items/book_cybunny_2.gif,45,item
Demigender Pride Bear,https://grundoscafe.b-cdn.net/items/pride_teddy_deminonbinary.gif,45,item
Demigender Pride Flag,https://grundoscafe.b-cdn.net/items/prideflag_deminonbinary.gif,45,item
Demiromantic Pride Bear,https://grundoscafe.b-cdn.net/items/pride_teddy_demiromantic.gif,45,item
Demiromantic Pride Flag,https://grundoscafe.b-cdn.net/items/prideflag_demiromatic.gif,45,item
Demisexual Pride Bear,https://grundoscafe.b-cdn.net/items/pride_teddy_demisexual.gif,45,item
Demisexual Pride Flag,https://grundoscafe.b-cdn.net/items/prideflag_demisexual.gif,45,item
Dirt Pie,https://grundoscafe.b-cdn.net/items/food_sodcake.gif,45,item
Doodle Apple,https://grundoscafe.b-cdn.net/items/doodle_apple.gif,45,item
Doodle Burger,https://grundoscafe.b-cdn.net/items/doodle_burger.gif,45,item
Eleus Batrin,https://grundoscafe.b-cdn.net/items/redtradingcardback.gif,45,item
Flaming BBQ Crisps,https://grundoscafe.b-cdn.net/items/food_abag.gif,45,item
Flat Bread,https://grundoscafe.b-cdn.net/items/food_flat_bread.gif,45,item
Forever Ferny,https://grundoscafe.b-cdn.net/items/book_fernypoo.gif,45,item
Forget-Me-Nots,https://grundoscafe.b-cdn.net/items/garden_forget_me_nots.gif,45,item
Fresh Clam Jam,https://grundoscafe.b-cdn.net/items/gross_clamjam.gif,45,item
Fruity Faerie Fingers,https://grundoscafe.b-cdn.net/items/faerie_food_stix.gif,45,item
Fuhnah The Fire Faerie,https://grundoscafe.b-cdn.net/items/redtradingcardback.gif,45,item
Fun in the Sun Usuki,https://grundoscafe.b-cdn.net/items/doll_usul_5.gif,45,item
Funky Diva Usuki Hair Set,https://grundoscafe.b-cdn.net/items/usuki_hair_7.gif,45,item
Furrn,https://grundoscafe.b-cdn.net/items/plant_furrn.gif,45,item
Fuzzie Bear,https://grundoscafe.b-cdn.net/items/toy_fuzzie.gif,45,item
Genderfluid Pride Bear,https://grundoscafe.b-cdn.net/items/pride_teddy_genderfluid.gif,45,item
Genderfluid Pride Flag,https://grundoscafe.b-cdn.net/items/prideflag_genderfluid.gif,45,item
Genderqueer Pride Bear,https://grundoscafe.b-cdn.net/items/pride_teddy_genderqueer.gif,45,item
Genderqueer Pride Flag,https://grundoscafe.b-cdn.net/items/prideflag_genderqueer.gif,45,item
Glass Roses,https://grundoscafe.b-cdn.net/items/glass_roses.gif,45,item
Green Long Hair Brush,https://grundoscafe.b-cdn.net/items/greenbigbrush.gif,45,item
Green Scale,https://grundoscafe.b-cdn.net/items/redtradingcardback.gif,45,item
Hagalugg,https://grundoscafe.b-cdn.net/items/redtradingcardback.gif,45,item
Hot Buttered Toast,https://grundoscafe.b-cdn.net/items/food_toast_butter.gif,45,item
How to Make A Pteri Plush Doll,https://grundoscafe.b-cdn.net/items/book_pteridoll.gif,45,item
I'm Not Angry,https://grundoscafe.b-cdn.net/items/bk_tusk_5.gif,45,item
Intersex Pride Bear,https://grundoscafe.b-cdn.net/items/pride_teddy_intersex.gif,45,item
Intersex Pride Flag,https://grundoscafe.b-cdn.net/items/prideflag_intersex.gif,45,item
Jewelled Collar,https://grundoscafe.b-cdn.net/items/jewelled.gif,45,item
Kabuggle Mocha,https://grundoscafe.b-cdn.net/items/coffee11.gif,45,item
Kasuki Lu,https://grundoscafe.b-cdn.net/items/redtradingcardback.gif,45,item
Kau Pies,https://grundoscafe.b-cdn.net/items/book_kau_pies.gif,45,item
Kiko Care,https://grundoscafe.b-cdn.net/items/book_kiko2.gif,45,item
Koi Tales,https://grundoscafe.b-cdn.net/items/koi_book5.gif,45,item
Lemaniac,https://grundoscafe.b-cdn.net/items/food_lemaniac.gif,45,item
Lesbian Pride Bear,https://grundoscafe.b-cdn.net/items/pride_teddy_lesbian.gif,45,item
Lesbian Pride Flag,https://grundoscafe.b-cdn.net/items/prideflag_les.gif,45,item
Lice Rice,https://grundoscafe.b-cdn.net/items/gross_licerice.gif,45,item
Little Angel Usuki Set,https://grundoscafe.b-cdn.net/items/usuki_5.gif,45,item
Lovely Lavender My Pretty Uni,https://grundoscafe.b-cdn.net/items/lovely-lavender-my-pretty-uni.gif,45,item
Milk Chocolate Kiko,https://grundoscafe.b-cdn.net/items/foo_chocolate_kiko.gif,45,item
MLM Pride Bear,https://grundoscafe.b-cdn.net/items/pride_teddy_mlm.gif,45,item
MLM Pride Flag,https://grundoscafe.b-cdn.net/items/prideflag_mlm.gif,45,item
Mushrolivepepper Pizza,https://grundoscafe.b-cdn.net/items/pizza_15.gif,45,item
My Pretty Uni Headband,https://grundoscafe.b-cdn.net/items/mpu_headband.gif,45,item
Nachos,https://grundoscafe.b-cdn.net/items/nachos.gif,45,item
Neezles Jab,https://grundoscafe.b-cdn.net/items/blueinjection.gif,45,item
Negg,https://grundoscafe.b-cdn.net/items/negg.gif,45,item
Neoblocks,https://grundoscafe.b-cdn.net/items/toy_blocks.gif,45,item
Nerkin Leg,https://grundoscafe.b-cdn.net/items/d_food17.gif,45,item
Non-Binary Pride Bear,https://grundoscafe.b-cdn.net/items/pride_teddy_nonbinary.gif,45,item
Non-Binary Pride Flag,https://grundoscafe.b-cdn.net/items/prideflag_nonbin.gif,45,item
Ocularimplant,https://grundoscafe.b-cdn.net/items/space_ocularimplant.gif,45,item
Onion,https://grundoscafe.b-cdn.net/items/food_veg_onion.gif,45,item
Opulent Orange My Pretty Uni,https://grundoscafe.b-cdn.net/items/opulent-orange-my-pretty-uni.gif,45,item
Pansexual Pride Bear,https://grundoscafe.b-cdn.net/items/pride_teddy_pansexual.gif,45,item
Pansexual Pride Flag,https://grundoscafe.b-cdn.net/items/prideflag_pan.gif,45,item
Pastel Pride Bear,https://grundoscafe.b-cdn.net/items/pride_teddy_pastel.gif,45,item
Pastel Rainbow Pride Flag,https://grundoscafe.b-cdn.net/items/prideflag_pastel.gif,45,item
Peace Pride Bear,https://grundoscafe.b-cdn.net/items/pride_teddy_peace.gif,45,item
Pinanna Cappuccino,https://grundoscafe.b-cdn.net/items/coffee7.gif,45,item
Pink Vanity Desk,https://grundoscafe.b-cdn.net/items/funky_pink_dresser.gif,45,item
Playful Purple My Pretty Uni,https://grundoscafe.b-cdn.net/items/playful-purple-my-pretty-uni.gif,45,item
Poetry For Peophins,https://grundoscafe.b-cdn.net/items/book_poetrypeophin.gif,45,item
Polyamory Pride Flag,https://grundoscafe.b-cdn.net/items/prideflag_polyamory.gif,45,item
Polysexual Pride Bear,https://grundoscafe.b-cdn.net/items/pride_teddy_polysexual.gif,45,item
Polysexual Pride Flag,https://grundoscafe.b-cdn.net/items/prideflag_polysexual.gif,45,item
Precious Pink My Pretty Uni,https://grundoscafe.b-cdn.net/items/precious_pink_my_pretty_uni.gif,45,item
Progress Pride Bear,https://grundoscafe.b-cdn.net/items/pride_teddy_allinclusive.gif,45,item
Progress Pride Flag,https://grundoscafe.b-cdn.net/items/prideflag_progress.gif,45,item
Purple Juppie Java,https://grundoscafe.b-cdn.net/items/coffee2.gif,45,item
Queer Pride Flag,https://grundoscafe.b-cdn.net/items/prideflag_queerpride.gif,45,item
Rainbow Pride Flag,https://grundoscafe.b-cdn.net/items/prideflag_rainbow.gif,45,item
Raw Potato,https://grundoscafe.b-cdn.net/items/food_potatoe.gif,45,item
Red Buzz Plushie,https://grundoscafe.b-cdn.net/items/toy_buzzred.gif,45,item
Red Elephante Plushie,https://grundoscafe.b-cdn.net/items/plu_elephante_red.gif,45,item
Red Hissi Plushie,https://grundoscafe.b-cdn.net/items/toy_hissi_red.gif,45,item
Red Pot,https://grundoscafe.b-cdn.net/items/funky_red_pot.gif,45,item
Red Yarn Ball,https://grundoscafe.b-cdn.net/items/redyarnball.gif,45,item
Retro Polyamory Pride Bear,https://grundoscafe.b-cdn.net/items/pride_teddy_polyamoryretro.gif,45,item
Retro Polyamory Pride Flag,https://grundoscafe.b-cdn.net/items/prideflag_polyamoryretro.gif,45,item
Retro Rainbow Pride Bear,https://grundoscafe.b-cdn.net/items/pride_teddy_retrorainbow.gif,45,item
Retro Rainbow Pride Flag,https://grundoscafe.b-cdn.net/items/prideflag_retro.gif,45,item
Rock Chair,https://grundoscafe.b-cdn.net/items/stone_chair2.gif,45,item
Royal Oak Wood Cabinet,https://grundoscafe.b-cdn.net/items/classy_buffet.gif,45,item
Ryshiki,https://grundoscafe.b-cdn.net/items/redtradingcardback.gif,45,item
Shrimptail with Kelp Sauce,https://grundoscafe.b-cdn.net/items/waterfood_shrimptails_sauce.gif,45,item
Slorg,https://grundoscafe.b-cdn.net/items/hall_petpet1.gif,45,item
Sludgy,https://grundoscafe.b-cdn.net/items/hall_petpet3.gif,45,item
Sludgy Slushie,https://grundoscafe.b-cdn.net/items/slushie_sludge.gif,45,item
Small Super Lemon Grape Smoothie,https://grundoscafe.b-cdn.net/items/smo_reg_lemongrape.gif,45,item
Tagobo Potion,https://grundoscafe.b-cdn.net/items/bd_potion_tagobo.gif,45,item
The Chomby Fight,https://grundoscafe.b-cdn.net/items/book_newchomby1.gif,45,item
The Mighty Blumaroo,https://grundoscafe.b-cdn.net/items/book_blum_mig.gif,45,item
The Phantom,https://grundoscafe.b-cdn.net/items/redtradingcardback.gif,45,item
The Stuff Collectable Card,https://grundoscafe.b-cdn.net/items/redtradingcardback.gif,45,item
Tigersquash Sandwich,https://grundoscafe.b-cdn.net/items/food_tigersand.gif,45,item
Tigersquash Swirly Cake,https://grundoscafe.b-cdn.net/items/coff_orangecake.gif,45,item
Toe Nail Soup,https://grundoscafe.b-cdn.net/items/gross_toenailsoup.gif,45,item
Training Your Moehog,https://grundoscafe.b-cdn.net/items/book_moehog3.gif,45,item
Transgender Pride Bear,https://grundoscafe.b-cdn.net/items/pride_teddy_transgender.gif,45,item
Transgender Pride Flag,https://grundoscafe.b-cdn.net/items/prideflag_trans.gif,45,item
Trumpet Of Blasting,https://grundoscafe.b-cdn.net/items/trumpetofblast.gif,45,item
Undead Grundo Shopkeeper,https://grundoscafe.b-cdn.net/items/redtradingcardback.gif,45,item
Usuki Gym Goddess Set,https://grundoscafe.b-cdn.net/items/usuki_dress_2.gif,45,item
Violet Seeds,https://grundoscafe.b-cdn.net/items/toy_voiletseeds.gif,45,item
White Chocolate Usul,https://grundoscafe.b-cdn.net/items/whitechocusul.gif,45,item
White Lulu,https://grundoscafe.b-cdn.net/items/toy_roseseeds.gif,45,item
Wonderful World of Gardening,https://grundoscafe.b-cdn.net/items/book_gardenbook.gif,45,item
Yellow Chia Plushie,https://grundoscafe.b-cdn.net/items/yellowchiadoll.gif,45,item
Yellow Nimmo Plushie,https://grundoscafe.b-cdn.net/items/nimmoplush5.gif,45,item
Aurora the Healer,https://grundoscafe.b-cdn.net/items/redtradingcardback.gif,46,item
Black Cherry Slushie,https://grundoscafe.b-cdn.net/items/slush_blackcherry.gif,46,item
Blue Hissi Plushie,https://grundoscafe.b-cdn.net/items/toy_hissi_blue.gif,46,item
Blue Kacheek Plushie,https://grundoscafe.b-cdn.net/items/toy_kacheekblue.gif,46,item
Cheops Plant,https://grundoscafe.b-cdn.net/items/food_desert3.gif,46,item
Denethrir,https://grundoscafe.b-cdn.net/items/redtradingcardback.gif,46,item
Doodle Pepperoni Pizza,https://grundoscafe.b-cdn.net/items/doodle_pepperoni_pizza.gif,46,item
Fire Jug,https://grundoscafe.b-cdn.net/items/fire.gif,46,item
Haiki-Lu,https://grundoscafe.b-cdn.net/items/redtradingcardback.gif,46,item
Hot Dog with Mustard & Relish,https://grundoscafe.b-cdn.net/items/hotdog_relish.gif,46,item
Kargrax the Defender,https://grundoscafe.b-cdn.net/items/redtradingcardback.gif,46,item
Meat Feast Pizza,https://grundoscafe.b-cdn.net/items/pizza_17.gif,46,item
Nanka Bottle,https://grundoscafe.b-cdn.net/items/cloudspell.gif,46,item
Red My Pretty Uni Hoof Polish Set,https://grundoscafe.b-cdn.net/items/mpu_set_polish_red.gif,46,item
Sand Pear,https://grundoscafe.b-cdn.net/items/food_desert41.gif,46,item
Skeith Juice Cocktail,https://grundoscafe.b-cdn.net/items/spooky_foo_skeithjuice.gif,46,item
Small Shepherds Pie Smoothie,https://grundoscafe.b-cdn.net/items/smo_reg_shepherdspie.gif,46,item
Spyder,https://grundoscafe.b-cdn.net/items/pets_spydee.gif,46,item
Straw Sofa,https://grundoscafe.b-cdn.net/items/straw_sofa.gif,46,item
Usinda,https://grundoscafe.b-cdn.net/items/redtradingcardback.gif,46,item
Wadjet,https://grundoscafe.b-cdn.net/items/pet_des_4.gif,46,item
Xantan the Foul,https://grundoscafe.b-cdn.net/items/redtradingcardback.gif,46,item
Yam-Lime Pizza,https://grundoscafe.b-cdn.net/items/pizza_6.gif,46,item
Cherry Chia Pop,https://grundoscafe.b-cdn.net/items/cherry_chia_pop.gif,47,item
Crab Apple Chia Pop,https://grundoscafe.b-cdn.net/items/snow_crabapplechiapop.gif,47,item
Green Hissi Plushie,https://grundoscafe.b-cdn.net/items/toy_hissi_green.gif,47,item
Mouldy Potato,https://grundoscafe.b-cdn.net/items/ps_mouldypotato.gif,47,item
Nautilus,https://grundoscafe.b-cdn.net/items/d_food14.gif,47,item
"Otona, Protector of the Seas",https://grundoscafe.b-cdn.net/items/redtradingcardback.gif,47,item
Proto-force 5000 Helmet,https://grundoscafe.b-cdn.net/items/space_telepathic-helmet.gif,47,item
Red Eye Egg,https://grundoscafe.b-cdn.net/items/food_desert20.gif,47,item
Ruali,https://grundoscafe.b-cdn.net/items/redtradingcardback.gif,47,item
Small Seaspin Smoothie,https://grundoscafe.b-cdn.net/items/smo_reg_spinach_seaweed.gif,47,item
Spooky Gooplecream,https://grundoscafe.b-cdn.net/items/spooky_foo_purplegoop.gif,47,item
Tyrela Softpaw,https://grundoscafe.b-cdn.net/items/redtradingcardback.gif,47,item
Alhazad the Trader,https://grundoscafe.b-cdn.net/items/redtradingcardback.gif,48,item
Blue Apple Chia Pop,https://grundoscafe.b-cdn.net/items/snow_blueapplechiapop.gif,48,item
Blue Nimmo Plushie,https://grundoscafe.b-cdn.net/items/nimmoplush1.gif,48,item
Buzzer,https://grundoscafe.b-cdn.net/items/pets_buggy.gif,48,item
Chocolate Coated Peanut Butter,https://grundoscafe.b-cdn.net/items/choc_peanutbutter.gif,48,item
Guide to Lupes,https://grundoscafe.b-cdn.net/items/book_guide2lupe.gif,48,item
Island Music,https://grundoscafe.b-cdn.net/items/redtradingcardback.gif,48,item
MechaBerry Bomb,https://grundoscafe.b-cdn.net/items/space_hand2.gif,48,item
Merryberry,https://grundoscafe.b-cdn.net/items/food_merryberry.gif,48,item
Pastrami Sandwich,https://grundoscafe.b-cdn.net/items/food_pastrami.gif,48,item
Radiant Red Head Usuki Hair Set,https://grundoscafe.b-cdn.net/items/usuki_hair_8.gif,48,item
Rikti,https://grundoscafe.b-cdn.net/items/redtradingcardback.gif,48,item
Sad Peophin Stories,https://grundoscafe.b-cdn.net/items/book_peophin5.gif,48,item
Sand Orange,https://grundoscafe.b-cdn.net/items/food_desert45.gif,48,item
Sinister Skeith,https://grundoscafe.b-cdn.net/items/book_skeithbook.gif,48,item
Sir Cheekalot,https://grundoscafe.b-cdn.net/items/redtradingcardback.gif,48,item
Small Celion Smoothie,https://grundoscafe.b-cdn.net/items/smo_reg_onion_celery.gif,48,item
Top Tuskaninnys,https://grundoscafe.b-cdn.net/items/book_tuskaninnybook.gif,48,item
Usuki Toy Hoop,https://grundoscafe.b-cdn.net/items/usuki_hulahoop.gif,48,item
Wispy White My Pretty Uni,https://grundoscafe.b-cdn.net/items/mpu_wispy_whiteuni.gif,48,item
Yellow Hissi Plushie,https://grundoscafe.b-cdn.net/items/toy_hissi_yellow.gif,48,item
All About Air Faeries,https://grundoscafe.b-cdn.net/items/book_airfaeries.gif,49,item
Blue Orange Chia Pop,https://grundoscafe.b-cdn.net/items/snow_blueorangechiapop.gif,49,item
Carrot and Pea Chia Pop,https://grundoscafe.b-cdn.net/items/carrotpea_chiapop.gif,49,item
Flutter,https://grundoscafe.b-cdn.net/items/redtradingcardback.gif,49,item
Sarkif,https://grundoscafe.b-cdn.net/items/redtradingcardback.gif,49,item
Small Lemon Blitz Smoothie,https://grundoscafe.b-cdn.net/items/smo_reg_lemonblitz.gif,49,item
Straw Bed,https://grundoscafe.b-cdn.net/items/straw_bed.gif,49,item
Trrygdorr,https://grundoscafe.b-cdn.net/items/redtradingcardback.gif,49,item
Ultimate Wocky Manual,https://grundoscafe.b-cdn.net/items/book_wockybook.gif,49,item
Underwater Chef,https://grundoscafe.b-cdn.net/items/redtradingcardback.gif,49,item
Unique Unis,https://grundoscafe.b-cdn.net/items/book_unibook.gif,49,item
White Chocolate Kiko,https://grundoscafe.b-cdn.net/items/foo_whitechoc_kiko.gif,49,item
Wrawk the Merciless,https://grundoscafe.b-cdn.net/items/redtradingcardback.gif,49,item
"Xenia, Master Prankster",https://grundoscafe.b-cdn.net/items/redtradingcardback.gif,49,item
Yellow Elephante Plushie,https://grundoscafe.b-cdn.net/items/plu_elephante_yellow.gif,49,item
Yellow Flotsam Plushie,https://grundoscafe.b-cdn.net/items/toy_yellowflotsam.gif,49,item
Acaras in History,https://grundoscafe.b-cdn.net/items/book_acarahistory.gif,50,item
Air Faerie Eraser,https://grundoscafe.b-cdn.net/items/sch_faerie_aireraser.gif,50,item
A is for Aisha,https://grundoscafe.b-cdn.net/items/book_aisha_abook.gif,50,item
Angelpuss,https://grundoscafe.b-cdn.net/items/angelpuss.gif,50,item
Baby Kougra Custard,https://grundoscafe.b-cdn.net/items/food_kougra_paste.gif,50,item
Baby Moehog Stories,https://grundoscafe.b-cdn.net/items/book_moehog_baby.gif,50,item
Bacon Muffin,https://grundoscafe.b-cdn.net/items/food_baconmuffin.gif,50,item
Banana,https://grundoscafe.b-cdn.net/items/food_banana.gif,50,item
Basic Lightning Beam,https://grundoscafe.b-cdn.net/items/standardlightbeam.gif,50,item
Basket of Bread,https://grundoscafe.b-cdn.net/items/food_breadbasket.gif,50,item
Beautiful Bunches Usuki Hair Set,https://grundoscafe.b-cdn.net/items/usuki_hair_6.gif,50,item
Black Bearog Stamp,https://grundoscafe.b-cdn.net/items/stamp_neoquest_bearog.gif,50,item
Black Nail Varnish,https://grundoscafe.b-cdn.net/items/blackpolish.gif,50,item
Black Widow Truffle,https://grundoscafe.b-cdn.net/items/gross_chocwidowtruffle.gif,50,item
Blueberry Fish Pop,https://grundoscafe.b-cdn.net/items/gross_fishblue.gif,50,item
Blue Bouncy Ball,https://grundoscafe.b-cdn.net/items/bluebouncyball.gif,50,item
Blue Cybunny Plushie,https://grundoscafe.b-cdn.net/items/toy_blue_cybunny.gif,50,item
Brainy Blumaroos,https://grundoscafe.b-cdn.net/items/book_blum_brain.gif,50,item
Breathe,https://grundoscafe.b-cdn.net/items/faeriebook_breathe.gif,50,item
Candy Chia Apple,https://grundoscafe.b-cdn.net/items/lupe_treat3.gif,50,item
Carawool,https://grundoscafe.b-cdn.net/items/gross_carawool.gif,50,item
Caring for Eyries,https://grundoscafe.b-cdn.net/items/eyrie_book.gif,50,item
Caring For Peophins,https://grundoscafe.b-cdn.net/items/book_peophin1.gif,50,item
Chip Butty with Tomato Sauce,https://grundoscafe.b-cdn.net/items/food_toast_catsup.gif,50,item
Chocolate Chia,https://grundoscafe.b-cdn.net/items/milkchocchia.gif,50,item
Chocolate Flakes,https://grundoscafe.b-cdn.net/items/choc_flakes.gif,50,item
Chocolate Orange Doughnut,https://grundoscafe.b-cdn.net/items/food_donutchocorange.gif,50,item
Choras Tillie,https://grundoscafe.b-cdn.net/items/redtradingcardback.gif,50,item
Chunk of Meat Stamp,https://grundoscafe.b-cdn.net/items/stamp_tyrannia_meat.gif,50,item
Cool Shades,https://grundoscafe.b-cdn.net/items/sunglasses.gif,50,item
Crunchy Kacheek Cereal,https://grundoscafe.b-cdn.net/items/cereal_5.gif,50,item
Crust-Only Pizza,https://grundoscafe.b-cdn.net/items/pizza_bread.gif,50,item
Dried Bamboo Mat,https://grundoscafe.b-cdn.net/items/bamb_mat.gif,50,item
Dried Gruel Capsules,https://grundoscafe.b-cdn.net/items/food_gruel_dried.gif,50,item
Dung Arm Chair,https://grundoscafe.b-cdn.net/items/dung_02.gif,50,item
Faerie Snowglobe,https://grundoscafe.b-cdn.net/items/faerie_giftshop.gif,50,item
Finger Crisps,https://grundoscafe.b-cdn.net/items/gross_fingercrisps.gif,50,item
Fortune Cookie,https://grundoscafe.b-cdn.net/items/fortunecookie.gif,50,item
Fruity Korbites,https://grundoscafe.b-cdn.net/items/fruity_korbytes.gif,50,item
Funky Lime Table,https://grundoscafe.b-cdn.net/items/funky_bedside_table.gif,50,item
Funnydew Melon,https://grundoscafe.b-cdn.net/items/food_funnydew.gif,50,item
Gourmet Cooking For Your Pet,https://grundoscafe.b-cdn.net/items/book_gourmet.gif,50,item
Green Bike,https://grundoscafe.b-cdn.net/items/bike.gif,50,item
Green Mirror,https://grundoscafe.b-cdn.net/items/greenmirror.gif,50,item
Green Mouth Wash,https://grundoscafe.b-cdn.net/items/tooth_greenwash.gif,50,item
Green Tea,https://grundoscafe.b-cdn.net/items/space_tea.gif,50,item
Grundo Food,https://grundoscafe.b-cdn.net/items/book_grundo3.gif,50,item
Ham,https://grundoscafe.b-cdn.net/items/hamslice.gif,50,item
Healing Potion IV,https://grundoscafe.b-cdn.net/items/potion18.gif,50,item
Hot Dog with Onions,https://grundoscafe.b-cdn.net/items/hotdog_onion.gif,50,item
House Blend Coffee,https://grundoscafe.b-cdn.net/items/coffee1.gif,50,item
House Blend with Cream,https://grundoscafe.b-cdn.net/items/coffee8.gif,50,item
How To Catch A Cybunny,https://grundoscafe.b-cdn.net/items/book_cybunny_3.gif,50,item
Iceberg Sundae,https://grundoscafe.b-cdn.net/items/space_ice.gif,50,item
Ixi Pop-Up Book,https://grundoscafe.b-cdn.net/items/book_ixi_head.gif,50,item
Jellied Eyeballs,https://grundoscafe.b-cdn.net/items/foo_eye_jello.gif,50,item
Jelly Chia,https://grundoscafe.b-cdn.net/items/redtradingcardback.gif,50,item
Jingly Bell,https://grundoscafe.b-cdn.net/items/jinglybell.gif,50,item
Joint of Ham,https://grundoscafe.b-cdn.net/items/ham.gif,50,item
Kiko Food,https://grundoscafe.b-cdn.net/items/book_kiko5.gif,50,item
Know Your Collectable Cards,https://grundoscafe.b-cdn.net/items/book_knowcards.gif,50,item
Know Your Motes,https://grundoscafe.b-cdn.net/items/book_knowmotes.gif,50,item
Kyrii Cracker,https://grundoscafe.b-cdn.net/items/choc_kyrii3.gif,50,item
Large Rasmelon Smoothie,https://grundoscafe.b-cdn.net/items/smo_large_rasmelon.gif,50,item
Learn Social Skills,https://grundoscafe.b-cdn.net/items/book_socialskills.gif,50,item
Lemon Jelly Pop,https://grundoscafe.b-cdn.net/items/jel_jellydrink1.gif,50,item
Lemon Neodrops,https://grundoscafe.b-cdn.net/items/candy_lemonneodrops.gif,50,item
Lemon Snow Puff,https://grundoscafe.b-cdn.net/items/snowfood_snowpufflemon.gif,50,item
Life Behind the Bow Tie,https://grundoscafe.b-cdn.net/items/book_bruce.gif,50,item
Light Faerie Eraser,https://grundoscafe.b-cdn.net/items/sch_faerie_lighteraser.gif,50,item
Maggot Stew,https://grundoscafe.b-cdn.net/items/gross_maggotstew.gif,50,item
Magic Cookie,https://grundoscafe.b-cdn.net/items/cookiecure.gif,50,item
Mallard,https://grundoscafe.b-cdn.net/items/pets_mallard.gif,50,item
Maraquan Usuki,https://grundoscafe.b-cdn.net/items/doll_usul_2.gif,50,item
Meat Cake,https://grundoscafe.b-cdn.net/items/food_meatcake.gif,50,item
Medium Cat,https://grundoscafe.b-cdn.net/items/mediumcat.gif,50,item
Milk Chocolate Aisha,https://grundoscafe.b-cdn.net/items/milkchocaisha.gif,50,item
Mint Ice Cream,https://grundoscafe.b-cdn.net/items/minticecream.gif,50,item
Mrs. Prenderghast,https://grundoscafe.b-cdn.net/items/redtradingcardback.gif,50,item
Mud n Mayo Dip,https://grundoscafe.b-cdn.net/items/gross_mudnmayo.gif,50,item
Neocrunch Cereal,https://grundoscafe.b-cdn.net/items/cereal.gif,50,item
Neopian Tank Patrol 45,https://grundoscafe.b-cdn.net/items/redtradingcardback.gif,50,item
Neo Taco,https://grundoscafe.b-cdn.net/items/neotaco.gif,50,item
Nest Builders Manual,https://grundoscafe.b-cdn.net/items/book_pterinestbuilders.gif,50,item
Nurako,https://grundoscafe.b-cdn.net/items/gad_fruit3.gif,50,item
Orange Nimmo Cookie,https://grundoscafe.b-cdn.net/items/bak_nimcookie_orange.gif,50,item
Orange Scorchio Cookie,https://grundoscafe.b-cdn.net/items/cook_scor_orange.gif,50,item
Orange Skeith Stamp,https://grundoscafe.b-cdn.net/items/stamp_skeith_orange.gif,50,item
Organic Chia Wort Root,https://grundoscafe.b-cdn.net/items/veggiefood_root.gif,50,item
Peanut,https://grundoscafe.b-cdn.net/items/food_peanut_1.gif,50,item
Pebeanjay Flowers,https://grundoscafe.b-cdn.net/items/pebeanjay.gif,50,item
Perfume,https://grundoscafe.b-cdn.net/items/perfume.gif,50,item
Pink Lipstick,https://grundoscafe.b-cdn.net/items/pinklipstick.gif,50,item
Pomanna,https://grundoscafe.b-cdn.net/items/redtradingcardback.gif,50,item
Pop-Up Zafara Book,https://grundoscafe.b-cdn.net/items/book_zafarahopup.gif,50,item
Purple Nail Varnish,https://grundoscafe.b-cdn.net/items/purplepolish.gif,50,item
Purple Wardrobe,https://grundoscafe.b-cdn.net/items/funky_purple_dresser.gif,50,item
Radish,https://grundoscafe.b-cdn.net/items/food_veg_radish.gif,50,item
Rainbow Chia Pop,https://grundoscafe.b-cdn.net/items/snowfood_chiapoprainbow.gif,50,item
Rainbow Nimmo Cookie,https://grundoscafe.b-cdn.net/items/bak_nimcookie_rainbow.gif,50,item
Real Cheese Cheesecake,https://grundoscafe.b-cdn.net/items/food_cheesepie_swiss.gif,50,item
Red Mirror,https://grundoscafe.b-cdn.net/items/redmirror.gif,50,item
Red Nimmo Plushie,https://grundoscafe.b-cdn.net/items/nimmoplush3.gif,50,item
Regal Oak Wood Bed,https://grundoscafe.b-cdn.net/items/classy_bed.gif,50,item
Robot Skeith Stamp,https://grundoscafe.b-cdn.net/items/stamp_skeith_robot.gif,50,item
Rotting Skeleton Stamp,https://grundoscafe.b-cdn.net/items/stamp_neoquest_skeleton.gif,50,item
Samuel No Eyes,https://grundoscafe.b-cdn.net/items/redtradingcardback.gif,50,item
Scorchio Mage,https://grundoscafe.b-cdn.net/items/redtradingcardback.gif,50,item
Sir Wockilan the Brave,https://grundoscafe.b-cdn.net/items/redtradingcardback.gif,50,item
Small Churro Smoothie,https://grundoscafe.b-cdn.net/items/smo_reg_churro.gif,50,item
Small Fishy Smoothie,https://grundoscafe.b-cdn.net/items/smo_reg_fishy.gif,50,item
Snarhook,https://grundoscafe.b-cdn.net/items/krawkpet_11.gif,50,item
Snow Pepper,https://grundoscafe.b-cdn.net/items/snowfood_snowpepper.gif,50,item
Snow Pizza,https://grundoscafe.b-cdn.net/items/snowfood_snowpizza.gif,50,item
Snow Shroom,https://grundoscafe.b-cdn.net/items/snow_shroom.gif,50,item
Sparkshooter,https://grundoscafe.b-cdn.net/items/sparkshooter.gif,50,item
Spiced Apple Pie,https://grundoscafe.b-cdn.net/items/space_applepie.gif,50,item
Spindly Plant,https://grundoscafe.b-cdn.net/items/d_food25.gif,50,item
Spotted Nimmo Cookie,https://grundoscafe.b-cdn.net/items/bak_nimcookie_spotted.gif,50,item
Springy Gelert Book,https://grundoscafe.b-cdn.net/items/book_gelert_baby.gif,50,item
Squashed Salisbury Steak,https://grundoscafe.b-cdn.net/items/space_steak.gif,50,item
Strawberry Fruit Cup,https://grundoscafe.b-cdn.net/items/food_pastry_cup.gif,50,item
Strawberry Techo Cookie,https://grundoscafe.b-cdn.net/items/choc_techo4.gif,50,item
Sugarbunny Surprise,https://grundoscafe.b-cdn.net/items/space_candy.gif,50,item
Supersize!,https://grundoscafe.b-cdn.net/items/bm_supersize.gif,50,item
Super Sub,https://grundoscafe.b-cdn.net/items/supersub.gif,50,item
Sweet,https://grundoscafe.b-cdn.net/items/sweet.gif,50,item
Sword of Domar,https://grundoscafe.b-cdn.net/items/swordofdomar.gif,50,item
Tasty Turnip Tartar,https://grundoscafe.b-cdn.net/items/med_rot_nip.gif,50,item
The Grarrl Who Crushed Tyrannia,https://grundoscafe.b-cdn.net/items/book_grarrl_crush.gif,50,item
The Lonely Elephante,https://grundoscafe.b-cdn.net/items/book_elephante_3.gif,50,item
The Macho Kyrii,https://grundoscafe.b-cdn.net/items/book_kyrii_3.gif,50,item
The Magic Paw,https://grundoscafe.b-cdn.net/items/book_acara_paw.gif,50,item
The Meercas Bad Day,https://grundoscafe.b-cdn.net/items/book_meerca_3.gif,50,item
Two Bottles of Water,https://grundoscafe.b-cdn.net/items/waterbottles.gif,50,item
Vanilla Nimmo Cookie,https://grundoscafe.b-cdn.net/items/bak_nimcookie_vanilla.gif,50,item
Watch Out!,https://grundoscafe.b-cdn.net/items/book_watchout.gif,50,item
White Chocolate Chia,https://grundoscafe.b-cdn.net/items/whitechocchia.gif,50,item
White Chocolate Kacheek,https://grundoscafe.b-cdn.net/items/whitechockacheek.gif,50,item
White Chocolate Korbat,https://grundoscafe.b-cdn.net/items/whitechockorbat.gif,50,item
White Chocolate Lenny,https://grundoscafe.b-cdn.net/items/can_lenny_whitechocolate.gif,50,item
White Chocolate Lupe,https://grundoscafe.b-cdn.net/items/whitechoclupe.gif,50,item
White Chocolate Nimmo,https://grundoscafe.b-cdn.net/items/foo_whitechoc_nimmo.gif,50,item
White Chocolate Ogrin,https://grundoscafe.b-cdn.net/items/foo_whitechoc_ogrin.gif,50,item
White Chocolate Peophin,https://grundoscafe.b-cdn.net/items/can_peophin_whitechocolate.gif,50,item
White Chocolate Pteri,https://grundoscafe.b-cdn.net/items/whitechoc_pteri.gif,50,item
White Chocolate Skeith,https://grundoscafe.b-cdn.net/items/whitechocskeith.gif,50,item
Wooden Patio Table,https://grundoscafe.b-cdn.net/items/ga_table_wood.gif,50,item
Worm Nugget,https://grundoscafe.b-cdn.net/items/gross_wormnugget.gif,50,item
Yellow Glittery Brush,https://grundoscafe.b-cdn.net/items/yellow_glitterbrush.gif,50,item
Yellow Kacheek Plushie,https://grundoscafe.b-cdn.net/items/toy_kacheekyellow.gif,50,item
Yellow Kyrii Plushie,https://grundoscafe.b-cdn.net/items/toy_kyr_yell.gif,50,item
Yellow Lupe Plushie,https://grundoscafe.b-cdn.net/items/toy_lupe_plushyellow.gif,50,item
Ball and Bucket My Pretty Uni Set,https://grundoscafe.b-cdn.net/items/mpu_set_ball_bucket.gif,51,item
Large Splime Smoothie,https://grundoscafe.b-cdn.net/items/smo_large_spinachlime.gif,51,item
Magnus the Torch,https://grundoscafe.b-cdn.net/items/pinktradingcardback.gif,51,item
Mint Chocolate Ogrin,https://grundoscafe.b-cdn.net/items/foo_mintchoc_ogrin.gif,51,item
Mystery Berry Slushie,https://grundoscafe.b-cdn.net/items/slush_mysteryberry.gif,51,item
Small Original Kiwi Smoothie,https://grundoscafe.b-cdn.net/items/smo_reg_kiwi.gif,51,item
The Auction Genie,https://grundoscafe.b-cdn.net/items/pinktradingcardback.gif,51,item
The Gate Keeper,https://grundoscafe.b-cdn.net/items/pinktradingcardback.gif,51,item
Yellow My Pretty Uni Hoof Polish Set,https://grundoscafe.b-cdn.net/items/mpu_set_polish_yellow.gif,51,item
Yes Boy Ice Cream,https://grundoscafe.b-cdn.net/items/pinktradingcardback.gif,51,item
Advisor Wessle,https://grundoscafe.b-cdn.net/items/pinktradingcardback.gif,52,item
Candy Floss Chia Pop,https://grundoscafe.b-cdn.net/items/snow_candyflosschiapop.gif,52,item
Crazy Crisp Taco,https://grundoscafe.b-cdn.net/items/faerie_food_taco.gif,52,item
Dung Reclining Chair,https://grundoscafe.b-cdn.net/items/dung_04.gif,52,item
Dunkydoos,https://grundoscafe.b-cdn.net/items/plant_dunkydoos.gif,52,item
Fire Paw,https://grundoscafe.b-cdn.net/items/pinktradingcardback.gif,52,item
Large Super Lemon Grape Smoothie,https://grundoscafe.b-cdn.net/items/smo_large_lemongrape.gif,52,item
Meat Lasagne,https://grundoscafe.b-cdn.net/items/food_lasa.gif,52,item
Milk Chocolate Ogrin,https://grundoscafe.b-cdn.net/items/foo_milkchoc_ogrin.gif,52,item
Nadia the Peophin of Love,https://grundoscafe.b-cdn.net/items/pinktradingcardback.gif,52,item
Peanut Butter Spiders,https://grundoscafe.b-cdn.net/items/peanutbutterspider.gif,52,item
Pyramicake,https://grundoscafe.b-cdn.net/items/food_desert10.gif,52,item
Salt Mote,https://grundoscafe.b-cdn.net/items/newmote9.gif,52,item
Scarabug,https://grundoscafe.b-cdn.net/items/pet_des_11.gif,52,item
Small Wild Chocomato Smoothie,https://grundoscafe.b-cdn.net/items/smo_reg_chocotomato.gif,52,item
Stone Wardrobe,https://grundoscafe.b-cdn.net/items/stone_dresser.gif,52,item
Ukkrah the Fire Grarrl,https://grundoscafe.b-cdn.net/items/pinktradingcardback.gif,52,item
Uncle Tharg,https://grundoscafe.b-cdn.net/items/pinktradingcardback.gif,52,item
Carrots and Corn My Pretty Uni Set,https://grundoscafe.b-cdn.net/items/mpu_set_carrots_corn.gif,53,item
Dark Chocolate Ogrin,https://grundoscafe.b-cdn.net/items/foo_darkchoc_ogrin.gif,53,item
Frost Mote,https://grundoscafe.b-cdn.net/items/magic_mote_frost.gif,53,item
Jelly Berries,https://grundoscafe.b-cdn.net/items/jel_jellyberries.gif,53,item
Large Original Kiwi Smoothie,https://grundoscafe.b-cdn.net/items/smo_large_kiwi.gif,53,item
Lemon and Lime Fish Pop,https://grundoscafe.b-cdn.net/items/gross_fishlemlime.gif,53,item
Lettuce and Tomato Baguette,https://grundoscafe.b-cdn.net/items/food_baguette_4.gif,53,item
Mummified Ice Cream,https://grundoscafe.b-cdn.net/items/foo_mummycone.gif,53,item
Octornapie,https://grundoscafe.b-cdn.net/items/foo_octornapie.gif,53,item
Plesio,https://grundoscafe.b-cdn.net/items/pinktradingcardback.gif,53,item
Pyramibread,https://grundoscafe.b-cdn.net/items/food_desert9.gif,53,item
Small Ice Creamy Jelly Smoothie,https://grundoscafe.b-cdn.net/items/smo_reg_jellice.gif,53,item
Small Stone Table,https://grundoscafe.b-cdn.net/items/stone_01.gif,53,item
Steam Jug,https://grundoscafe.b-cdn.net/items/steam.gif,53,item
Stream of Light,https://grundoscafe.b-cdn.net/items/blind.gif,53,item
Sutek Muffin,https://grundoscafe.b-cdn.net/items/food_desert5.gif,53,item
Blood Mushroom,https://grundoscafe.b-cdn.net/items/mushroom4.gif,54,item
Blumaroo Steak,https://grundoscafe.b-cdn.net/items/blumaroo_steak.gif,54,item
Bubble Gum Slushie,https://grundoscafe.b-cdn.net/items/slush_bubblegum.gif,54,item
Herbal Scrambled Eggs,https://grundoscafe.b-cdn.net/items/med_scram_eggs.gif,54,item
Neopkins,https://grundoscafe.b-cdn.net/items/neopkins.gif,54,item
Nice Iced Pizza,https://grundoscafe.b-cdn.net/items/pizza_3.gif,54,item
Raspberry Faerie Bubble,https://grundoscafe.b-cdn.net/items/faerie_food_cherry.gif,54,item
Retro Usuki Hair Set,https://grundoscafe.b-cdn.net/items/usuki_hair_9.gif,54,item
Rock Bin,https://grundoscafe.b-cdn.net/items/stone_07.gif,54,item
Tehuti,https://grundoscafe.b-cdn.net/items/pinktradingcardback.gif,54,item
Agender Pride Rose Bouquet,https://grundoscafe.b-cdn.net/items/agender_pride_rose_bouquet.gif,55,item
Aisha Book,https://grundoscafe.b-cdn.net/items/book_aishabook.gif,55,item
Almost Gummy Rat (Pumpkin Spice),https://grundoscafe.b-cdn.net/items/almostgummyratpumpkinspice.gif,55,item
Aromantic Asexual Pride Rose Bouquet,https://grundoscafe.b-cdn.net/items/aromantic_asexual_pride_rose_bouquet.gif,55,item
Aromantic Pride Grundo Plushie,https://grundoscafe.b-cdn.net/items/plu_grundo_aromatic.gif,55,item
Aromantic Pride Rose Bouquet,https://grundoscafe.b-cdn.net/items/aromantic_pride_rose_bouquet.gif,55,item
Asexual Pride Grundo Plushie,https://grundoscafe.b-cdn.net/items/plu_grundo_asexual.gif,55,item
Asexual Pride Rose Bouquet,https://grundoscafe.b-cdn.net/items/asexual_pride_rose_bouquet.gif,55,item
Baby Bori Balloon,https://grundoscafe.b-cdn.net/items/toy_bori_balloon.gif,55,item
Balsa Wood Shield,https://grundoscafe.b-cdn.net/items/bd_shield_balsa.gif,55,item
Bigender Pride Rose Bouquet,https://grundoscafe.b-cdn.net/items/bigender_pride_rose_bouquet.gif,55,item
Bisexual Pride Grundo Plushie,https://grundoscafe.b-cdn.net/items/plu_grundo_bisexual.gif,55,item
Bisexual Pride Rose Bouquet,https://grundoscafe.b-cdn.net/items/bisexual_pride_rose_bouquet.gif,55,item
Blue Acara Plushie,https://grundoscafe.b-cdn.net/items/toy_acara_plushie1.gif,55,item
Blueberry Beetle Cracker,https://grundoscafe.b-cdn.net/items/gross_beetlebiscuit.gif,55,item
Blue Kiko Squeeze Toy,https://grundoscafe.b-cdn.net/items/toy_bluekiko.gif,55,item
Blue Kyrii Plushie,https://grundoscafe.b-cdn.net/items/toy_kyr_blue.gif,55,item
Blue Satin Collar,https://grundoscafe.b-cdn.net/items/bluesatin.gif,55,item
Blumaroo Dance Moves,https://grundoscafe.b-cdn.net/items/book_blum_dan.gif,55,item
Bottle of Black Sand,https://grundoscafe.b-cdn.net/items/tiki_blksand.gif,55,item
Breakfast Tea,https://grundoscafe.b-cdn.net/items/tea2.gif,55,item
Candle Bear,https://grundoscafe.b-cdn.net/items/candlebear.gif,55,item
Cauliflower,https://grundoscafe.b-cdn.net/items/food_veg_cauli.gif,55,item
Charming Checkered My Pretty Uni,https://grundoscafe.b-cdn.net/items/mpu_charming_checkered.gif,55,item
Cheap Water Ring,https://grundoscafe.b-cdn.net/items/bd_ringwater.gif,55,item
Cherry Faerie Bubble,https://grundoscafe.b-cdn.net/items/faerie_food_grape.gif,55,item
Chocolate Coated Lolly,https://grundoscafe.b-cdn.net/items/choc_lolly.gif,55,item
Classic Dining Table,https://grundoscafe.b-cdn.net/items/funky_coffee_table2.gif,55,item
Cloudy Skies My Pretty Uni,https://grundoscafe.b-cdn.net/items/mpu_cloudy_skies.gif,55,item
Cobrall,https://grundoscafe.b-cdn.net/items/pets_snaky.gif,55,item
Concealed Camouflage My Pretty Uni,https://grundoscafe.b-cdn.net/items/mpu_concealed_camouflage.gif,55,item
Cybunny Colouring Book,https://grundoscafe.b-cdn.net/items/book_cybunny_color.gif,55,item
Deluxe Blue Toothbrush,https://grundoscafe.b-cdn.net/items/tooth_bluebrush.gif,55,item
Deluxe Pink Toothbrush,https://grundoscafe.b-cdn.net/items/tooth_pinkbrush.gif,55,item
Demigender Pride Rose Bouquet,https://grundoscafe.b-cdn.net/items/deminonbinary_pride_rose_bouquet.gif,55,item
Demiromantic Pride Rose Bouquet,https://grundoscafe.b-cdn.net/items/demiromantic_pride_rose_bouquet.gif,55,item
Demisexual Pride Rose Bouquet,https://grundoscafe.b-cdn.net/items/demisexual_pride_rose_bouquet.gif,55,item
Dirty Snow,https://grundoscafe.b-cdn.net/items/bd_ice6.gif,55,item
Doodle Spaghetti,https://grundoscafe.b-cdn.net/items/doodle_spaghetti.gif,55,item
Fish Pop,https://grundoscafe.b-cdn.net/items/gross_fishpop.gif,55,item
Flight Attendant Usuki,https://grundoscafe.b-cdn.net/items/doll_usul_6.gif,55,item
Flotsam Swimming Lessons,https://grundoscafe.b-cdn.net/items/book_swim_book-01.gif,55,item
Forest Hat,https://grundoscafe.b-cdn.net/items/battle_hoodhat.gif,55,item
Genderfluid Pride Rose Bouquet,https://grundoscafe.b-cdn.net/items/genderfluid_pride_rose_bouquet.gif,55,item
Genderqueer Pride Rose Bouquet,https://grundoscafe.b-cdn.net/items/genderqueer_pride_rose_bouquet.gif,55,item
Gift Box,https://grundoscafe.b-cdn.net/items/box_giftshop.gif,55,item
Gingerbread Lupe Treat,https://grundoscafe.b-cdn.net/items/lupe_treat4.gif,55,item
Green Kiko Squeeze Toy,https://grundoscafe.b-cdn.net/items/toy_greenkiko.gif,55,item
Green Lupe Plushie,https://grundoscafe.b-cdn.net/items/toy_lupe_plushgreen.gif,55,item
Green Oat Cereal,https://grundoscafe.b-cdn.net/items/cereal_1.gif,55,item
Hot Cheesy Baguette,https://grundoscafe.b-cdn.net/items/food_baguette_6.gif,55,item
How to be a Model,https://grundoscafe.b-cdn.net/items/book_jetsom_model.gif,55,item
Imaginary Flowers,https://grundoscafe.b-cdn.net/items/garden_imaginary_flowers.gif,55,item
Intersex Pride Rose Bouquet,https://grundoscafe.b-cdn.net/items/intersex_pride_rose_bouquet.gif,55,item
Island Coconut Mask,https://grundoscafe.b-cdn.net/items/official_coconut_mask.gif,55,item
Jetsams,https://grundoscafe.b-cdn.net/items/book_jetsambook.gif,55,item
Kiko Encyclopedia,https://grundoscafe.b-cdn.net/items/book_kiko3.gif,55,item
Kougra Tales,https://grundoscafe.b-cdn.net/items/book_kougra_tales.gif,55,item
Kyrii Treats,https://grundoscafe.b-cdn.net/items/choc_kyrii1.gif,55,item
Large Lemon Blitz Smoothie,https://grundoscafe.b-cdn.net/items/smo_large_lemonblitz.gif,55,item
Lemon Tonu Hard Candy,https://grundoscafe.b-cdn.net/items/can_tonuhard_yellow.gif,55,item
Lesbian Pride Grundo Plushie,https://grundoscafe.b-cdn.net/items/plu_grundo_lesbian.gif,55,item
Lesbian Pride Rose Bouquet,https://grundoscafe.b-cdn.net/items/lesbian_pride_rose_bouquet.gif,55,item
Lime Tonu Hard Candy,https://grundoscafe.b-cdn.net/items/can_tonuhard_green.gif,55,item
Luxurious Sofa,https://grundoscafe.b-cdn.net/items/classy_bench.gif,55,item
Magaral,https://grundoscafe.b-cdn.net/items/faerie_pet7.gif,55,item
Medicinal Toothbrush,https://grundoscafe.b-cdn.net/items/med_brush.gif,55,item
Milk Chocolate Buzz,https://grundoscafe.b-cdn.net/items/can_buzz_milkchoc.gif,55,item
Milk Chocolate Flotsam,https://grundoscafe.b-cdn.net/items/can_flotsam_milkchoc.gif,55,item
Milk Chocolate Lenny,https://grundoscafe.b-cdn.net/items/can_lenny_milkchocolate.gif,55,item
Mint Blast Bear,https://grundoscafe.b-cdn.net/items/mintblastbear.gif,55,item
MLM Pride Grundo Plushie,https://grundoscafe.b-cdn.net/items/plu_grundo_mlm.gif,55,item
MLM Pride Rose Bouquet,https://grundoscafe.b-cdn.net/items/mlm_pride_rose_bouquet.gif,55,item
Neocola Chia Pop,https://grundoscafe.b-cdn.net/items/snow_neocolachiapop.gif,55,item
NeoMites Injection,https://grundoscafe.b-cdn.net/items/greeninjection.gif,55,item
Nimmo Faerie Tales,https://grundoscafe.b-cdn.net/items/book_nimmo_faerie.gif,55,item
Non-Binary Pride Grundo Plushie,https://grundoscafe.b-cdn.net/items/plu_grundo_nonbinary.gif,55,item
Non-Binary Pride Rose Bouquet,https://grundoscafe.b-cdn.net/items/nonbinary_pride_rose_bouquet.gif,55,item
Ooo,https://grundoscafe.b-cdn.net/items/ooo.gif,55,item
Pansexual Pride Grundo Plushie,https://grundoscafe.b-cdn.net/items/plu_grundo_pansexual.gif,55,item
Pansexual Pride Rose Bouquet,https://grundoscafe.b-cdn.net/items/pansexual_pride_rose_bouquet.gif,55,item
Peppermint Bear,https://grundoscafe.b-cdn.net/items/peppermintbear.gif,55,item
Polyamory Pride Rose Bouquet,https://grundoscafe.b-cdn.net/items/polyamory_pride_rose_bouquet.gif,55,item
Polysexual Pride Rose Bouquet,https://grundoscafe.b-cdn.net/items/polysexual_pride_rose_bouquet.gif,55,item
Pumpkin Bear,https://grundoscafe.b-cdn.net/items/halloween_bear_pumpkin.gif,55,item
Purplum Mocha,https://grundoscafe.b-cdn.net/items/coffee10.gif,55,item
Queer Pride Rose Bouquet,https://grundoscafe.b-cdn.net/items/queer_pride_rose_bouquet.gif,55,item
Rainbow Grundo Keychain,https://grundoscafe.b-cdn.net/items/grundo_keychainrainbow.gif,55,item
Raspberry Brucicle,https://grundoscafe.b-cdn.net/items/food_bluebrucicle.gif,55,item
Raspberry Slushie,https://grundoscafe.b-cdn.net/items/slush_raspberry.gif,55,item
Red Sandcastle Set,https://grundoscafe.b-cdn.net/items/toy_sand_set.gif,55,item
Red Toy Car,https://grundoscafe.b-cdn.net/items/redtoycar.gif,55,item
Retro Rainbow Pride Grundo Plushie,https://grundoscafe.b-cdn.net/items/plu_grundo_retropride.gif,55,item
Retro Rainbow Pride Rose Bouquet,https://grundoscafe.b-cdn.net/items/retro_rainbow_pride_rose_bouquet.gif,55,item
Robin Lupe,https://grundoscafe.b-cdn.net/items/book_lupe2.gif,55,item
Rubber Plant,https://grundoscafe.b-cdn.net/items/rubber_plant.gif,55,item
Sherlock Buzz in The Great Gauntlet Caper,https://grundoscafe.b-cdn.net/items/book_buzz5.gif,55,item
Shoyru Surprise,https://grundoscafe.b-cdn.net/items/bk_sho_1.gif,55,item
Sick Kyrii,https://grundoscafe.b-cdn.net/items/book_kyrii_2.gif,55,item
Smoke Mote,https://grundoscafe.b-cdn.net/items/newmote6.gif,55,item
Snail Sub,https://grundoscafe.b-cdn.net/items/gross_snailssub.gif,55,item
Snowy Valley Usuki Set,https://grundoscafe.b-cdn.net/items/usuki_snow.gif,55,item
Spearmint Bear,https://grundoscafe.b-cdn.net/items/spearmintbear.gif,55,item
Spring Onion,https://grundoscafe.b-cdn.net/items/food_veg_spring.gif,55,item
Stone Kitchen Shelf Unit,https://grundoscafe.b-cdn.net/items/stone_shelf.gif,55,item
Strong Berry Tea,https://grundoscafe.b-cdn.net/items/coff_strongberrytea.gif,55,item
Stuffed Fish Head,https://grundoscafe.b-cdn.net/items/aquaticfood_fishhead.gif,55,item
Sun Hat,https://grundoscafe.b-cdn.net/items/sun-hat.gif,55,item
The Unlucky Blumaroo,https://grundoscafe.b-cdn.net/items/bk_blu_3.gif,55,item
Thornberry Java with Cream,https://grundoscafe.b-cdn.net/items/coffee12.gif,55,item
Tigersquash Iced Bun,https://grundoscafe.b-cdn.net/items/coff_orangebun.gif,55,item
Toni Bologna,https://grundoscafe.b-cdn.net/items/tonibolgna.gif,55,item
Toy Sailboat,https://grundoscafe.b-cdn.net/items/tiki_boat.gif,55,item
Transgender Pride Grundo Plushie,https://grundoscafe.b-cdn.net/items/plu_grundo_transgender.gif,55,item
Transgender Pride Rose Bouquet,https://grundoscafe.b-cdn.net/items/transgender_pride_rose_bouquet.gif,55,item
Trumpet Of Deafening,https://grundoscafe.b-cdn.net/items/trumpetofdeaf.gif,55,item
Tyrannian Kyrii Stamp,https://grundoscafe.b-cdn.net/items/stamp_tyrannia_kyrii.gif,55,item
Ultra Rubber Gloves,https://grundoscafe.b-cdn.net/items/rubber_gloves.gif,55,item
Usuki Collectors Guide,https://grundoscafe.b-cdn.net/items/book_usukiguide.gif,55,item
Veggie Hot Dog,https://grundoscafe.b-cdn.net/items/veggiedog.gif,55,item
Violet Shelf Unit,https://grundoscafe.b-cdn.net/items/funky_purple_shelf.gif,55,item
Weevil Coffee,https://grundoscafe.b-cdn.net/items/coffee15.gif,55,item
White Chocolate Gelert,https://grundoscafe.b-cdn.net/items/foo_whitechoc_gelert.gif,55,item
White Chocolate Scorchio,https://grundoscafe.b-cdn.net/items/foo_whitechoc_scorchio.gif,55,item
White Chocolate Techo Cookie,https://grundoscafe.b-cdn.net/items/choc_techo6.gif,55,item
Woo Woo Grub,https://grundoscafe.b-cdn.net/items/gross_grub.gif,55,item
Zafara Hero,https://grundoscafe.b-cdn.net/items/pinktradingcardback.gif,55,item
A Grundo Christmas,https://grundoscafe.b-cdn.net/items/book_grundo1.gif,56,item
Arm Shield,https://grundoscafe.b-cdn.net/items/space_arm-sheild.gif,56,item
Blonde Pigtails Usuki Hair Set,https://grundoscafe.b-cdn.net/items/usuki_hair_10.gif,56,item
Blue Berry Tonu Hard Candy,https://grundoscafe.b-cdn.net/items/can_tonuhard_blue.gif,56,item
Fire Snow,https://grundoscafe.b-cdn.net/items/bd_ice4.gif,56,item
Frostburn the Chia,https://grundoscafe.b-cdn.net/items/pinktradingcardback.gif,56,item
Frozen Collar,https://grundoscafe.b-cdn.net/items/bd_ice9.gif,56,item
Grarrl Battlemaster,https://grundoscafe.b-cdn.net/items/pinktradingcardback.gif,56,item
Liandra,https://grundoscafe.b-cdn.net/items/pinktradingcardback.gif,56,item
Night Stone,https://grundoscafe.b-cdn.net/items/magic_amuletofpureevil.gif,56,item
Orange Bori Action Figure,https://grundoscafe.b-cdn.net/items/toy_bori_actionfigure.gif,56,item
Peppermint Pizza,https://grundoscafe.b-cdn.net/items/pizza_peppermint.gif,56,item
Pepperoni Power! Pizza,https://grundoscafe.b-cdn.net/items/pizza_13.gif,56,item
Pretty Pink Pillows,https://grundoscafe.b-cdn.net/items/pink_pillows.gif,56,item
Raspberry Tonu Hard Candy,https://grundoscafe.b-cdn.net/items/can_tonuhard_red.gif,56,item
Round Green Table,https://grundoscafe.b-cdn.net/items/funky_round_table.gif,56,item
Shadow Gnorbu Plushie,https://grundoscafe.b-cdn.net/items/plu_gnorbu_shadow.gif,56,item
Slime Ghostkersandwich,https://grundoscafe.b-cdn.net/items/foo_ghostkerchief_slime.gif,56,item
Snow Slushie,https://grundoscafe.b-cdn.net/items/slushie_snow.gif,56,item
Strawberry Brucicle,https://grundoscafe.b-cdn.net/items/food_redbrucicle.gif,56,item
Super Sour Shocker Chia Pop,https://grundoscafe.b-cdn.net/items/snow_shockerchiapop.gif,56,item
Tenna,https://grundoscafe.b-cdn.net/items/tenna.gif,56,item
Two Rings Wizard,https://grundoscafe.b-cdn.net/items/pinktradingcardback.gif,56,item
Wellington Boots,https://grundoscafe.b-cdn.net/items/rubber-boots.gif,56,item
Bad Apples,https://grundoscafe.b-cdn.net/items/book_kyrii_1.gif,57,item
Blue Gem Candy,https://grundoscafe.b-cdn.net/items/can_letitslidegem_blue.gif,57,item
Blue Lutari Plushie,https://grundoscafe.b-cdn.net/items/plu_lutari_blue.gif,57,item
Boiled Egg on Toast,https://grundoscafe.b-cdn.net/items/food_toast_boiled.gif,57,item
Bori Dart Game,https://grundoscafe.b-cdn.net/items/toy_bori_dartboard.gif,57,item
Dung Sofa,https://grundoscafe.b-cdn.net/items/dung_03.gif,57,item
Electro Shield,https://grundoscafe.b-cdn.net/items/bd_space_electroshield.gif,57,item
Energetic Electric My Pretty Uni,https://grundoscafe.b-cdn.net/items/mpu_energetic_electric.gif,57,item
Fire Mote,https://grundoscafe.b-cdn.net/items/newmote8.gif,57,item
Floud,https://grundoscafe.b-cdn.net/items/faerie_pet11.gif,57,item
Jake the Explorer,https://grundoscafe.b-cdn.net/items/pinktradingcardback.gif,57,item
Lime Jelly JubJub,https://grundoscafe.b-cdn.net/items/jel_jub_green.gif,57,item
Lime Slushie,https://grundoscafe.b-cdn.net/items/slush_lime.gif,57,item
Pteri Kabob,https://grundoscafe.b-cdn.net/items/foo_pteri_kabob.gif,57,item
Roast Tentacle,https://grundoscafe.b-cdn.net/items/spooky_foo_tentacles.gif,57,item
Rock Beast,https://grundoscafe.b-cdn.net/items/pinktradingcardback.gif,57,item
Roller Skating Usuki Set,https://grundoscafe.b-cdn.net/items/usuki_sports_1.gif,57,item
Sand Apple,https://grundoscafe.b-cdn.net/items/food_desert44.gif,57,item
Sand Banana,https://grundoscafe.b-cdn.net/items/food_desert42.gif,57,item
Seek Visor,https://grundoscafe.b-cdn.net/items/space_seek-visor.gif,57,item
Starlight Potion,https://grundoscafe.b-cdn.net/items/starlight.gif,57,item
Stone Shelves,https://grundoscafe.b-cdn.net/items/stone_shelf2.gif,57,item
Table Lamp,https://grundoscafe.b-cdn.net/items/table_lamp.gif,57,item
Techo Master Statue,https://grundoscafe.b-cdn.net/items/tiki_techomaster_statue.gif,57,item
The Battle Faerie,https://grundoscafe.b-cdn.net/items/pinktradingcardback.gif,57,item
The Green Book,https://grundoscafe.b-cdn.net/items/faeriebook_thegreenbook.gif,57,item
The Tooth Faerie,https://grundoscafe.b-cdn.net/items/pinktradingcardback.gif,57,item
Watery Hot Dog,https://grundoscafe.b-cdn.net/items/food_waterdog.gif,57,item
Blue Gelert Plushie,https://grundoscafe.b-cdn.net/items/gelert_plush_blue.gif,58,item
Bubble Mote,https://grundoscafe.b-cdn.net/items/magic_mote_bubble.gif,58,item
Cheap Earth Ring,https://grundoscafe.b-cdn.net/items/bd_ringearth.gif,58,item
Chezzoom Plushie,https://grundoscafe.b-cdn.net/items/Yellow_Chezzoom_Plushie.gif,58,item
Cream Covered Acara Cookie,https://grundoscafe.b-cdn.net/items/food_acarapbcreamcookie.gif,58,item
Enigmatic Invisible My Pretty Uni,https://grundoscafe.b-cdn.net/items/mpu_enigmatic_invisible.gif,58,item
Faerie Folk,https://grundoscafe.b-cdn.net/items/book_faerie_folk.gif,58,item
Frozen Chia Pop,https://grundoscafe.b-cdn.net/items/sno_chiapop_ice.gif,58,item
Gelert On Treasure Island,https://grundoscafe.b-cdn.net/items/book_gelert_5.gif,58,item
Glug Glug Jones,https://grundoscafe.b-cdn.net/items/pinktradingcardback.gif,58,item
Green Lutari Plushie,https://grundoscafe.b-cdn.net/items/plu_lutari_green.gif,58,item
Hewn Stone Table,https://grundoscafe.b-cdn.net/items/stone_table.gif,58,item
Lime Brucicle,https://grundoscafe.b-cdn.net/items/food_greenbrucicle.gif,58,item
Nacho Cheese Stuffed Hot Dog,https://grundoscafe.b-cdn.net/items/hotdog_nacho.gif,58,item
Pteri Spaghetti,https://grundoscafe.b-cdn.net/items/foo_pteri_spaghetti.gif,58,item
Pyramid Sun Rise Stamp,https://grundoscafe.b-cdn.net/items/stamp_desert4.gif,58,item
Radish Hot Dog,https://grundoscafe.b-cdn.net/items/food_radishdog.gif,58,item
Raspberry Jelly Pop,https://grundoscafe.b-cdn.net/items/jel_jellydrink2.gif,58,item
Red Gem Candy,https://grundoscafe.b-cdn.net/items/can_letitslidegem_red.gif,58,item
Snowberry Chia Pop,https://grundoscafe.b-cdn.net/items/snow_snowberrychiapop.gif,58,item
Snow Wars Catapult Stamp,https://grundoscafe.b-cdn.net/items/stamp_snowy_snowwars.gif,58,item
Symol Dirt Pie,https://grundoscafe.b-cdn.net/items/mfo_symol_dirtpie.gif,58,item
The Archmagus of Roo,https://grundoscafe.b-cdn.net/items/pinktradingcardback.gif,58,item
The Wonders of Water,https://grundoscafe.b-cdn.net/items/faeriebook_wondersofwater.gif,58,item
Tyrannian JubJub Stamp,https://grundoscafe.b-cdn.net/items/stamp_tyrannia_jubjub.gif,58,item
Yellow Cybunny Plushie,https://grundoscafe.b-cdn.net/items/toy_yellow_cybunny.gif,58,item
Abysmal Window,https://grundoscafe.b-cdn.net/items/bvw_scary_dingy.gif,59,item
Advanced Papyrus Making,https://grundoscafe.b-cdn.net/items/book_des2.gif,59,item
Breakfast Treats,https://grundoscafe.b-cdn.net/items/book_breakfasttreats.gif,59,item
Cheese and Onion Baked Apple,https://grundoscafe.b-cdn.net/items/food_b_apple_onions.gif,59,item
Cheesy Caper Surprise Pizza,https://grundoscafe.b-cdn.net/items/pizza_18.gif,59,item
Chokato Ghostkersandwich,https://grundoscafe.b-cdn.net/items/foo_ghostkerchief_chokato.gif,59,item
Doodlekin,https://grundoscafe.b-cdn.net/items/doodlekin.gif,59,item
Glittering Gold My Pretty Uni,https://grundoscafe.b-cdn.net/items/glittering-gold-my-pretty-uni.gif,59,item
Green Gelert Plushie,https://grundoscafe.b-cdn.net/items/gelert_plush_green.gif,59,item
Hubert the Hot Dog Salesman,https://grundoscafe.b-cdn.net/items/pinktradingcardback.gif,59,item
Lady Osiri,https://grundoscafe.b-cdn.net/items/pinktradingcardback.gif,59,item
Leirobas,https://grundoscafe.b-cdn.net/items/pinktradingcardback.gif,59,item
Mud Pizza,https://grundoscafe.b-cdn.net/items/pizza_mud.gif,59,item
Orange Gem Candy,https://grundoscafe.b-cdn.net/items/can_letitslidegem_orange.gif,59,item
Pteri Wrap,https://grundoscafe.b-cdn.net/items/foo_pteri_wrap.gif,59,item
Red Lutari Plushie,https://grundoscafe.b-cdn.net/items/plu_lutari_red.gif,59,item
Scary Soup,https://grundoscafe.b-cdn.net/items/food_spooky_soup.gif,59,item
Splime Chia Pop,https://grundoscafe.b-cdn.net/items/snow_splimechiapop.gif,59,item
Stunning Silver My Pretty Uni,https://grundoscafe.b-cdn.net/items/stunning-silver-my-pretty-uni.gif,59,item
Yellow Buzz Plushie,https://grundoscafe.b-cdn.net/items/toy_buzzyellow.gif,59,item
Advisor Wessle Stamp,https://grundoscafe.b-cdn.net/items/stamp_desert_wessle.gif,60,item
Air Faerie Pen,https://grundoscafe.b-cdn.net/items/sch_faerie_airpen.gif,60,item
Aisha Alien Goo Ball,https://grundoscafe.b-cdn.net/items/toy_aisha_aliengoo.gif,60,item
Baby Ixi Book,https://grundoscafe.b-cdn.net/items/book_ixi_baby.gif,60,item
Baby Shoyru Book,https://grundoscafe.b-cdn.net/items/book_shoyru_baby.gif,60,item
Bacheek,https://grundoscafe.b-cdn.net/items/pinktradingcardback.gif,60,item
Bad Toadstool,https://grundoscafe.b-cdn.net/items/mushroom18.gif,60,item
Bag of Nuts,https://grundoscafe.b-cdn.net/items/food_nutbag.gif,60,item
Balloons,https://grundoscafe.b-cdn.net/items/gift_balloons.gif,60,item
Banana Cream Coffee,https://grundoscafe.b-cdn.net/items/coff_coffeejelly.gif,60,item
Banana Moehog Cake,https://grundoscafe.b-cdn.net/items/bak_moehog_squarecake.gif,60,item
Bar of Chocolate,https://grundoscafe.b-cdn.net/items/chocolate.gif,60,item
Basic Pencil,https://grundoscafe.b-cdn.net/items/sch_pencil.gif,60,item
Basic Rubber Axe,https://grundoscafe.b-cdn.net/items/bd_axe_01.gif,60,item
Bilguss,https://grundoscafe.b-cdn.net/items/krawkpet_10.gif,60,item
Black Cherry Pastry Wrap,https://grundoscafe.b-cdn.net/items/food_pastry_wrap.gif,60,item
Blueberry Jelly Beans,https://grundoscafe.b-cdn.net/items/food_jellybeans08.gif,60,item
Blue Bike,https://grundoscafe.b-cdn.net/items/bluebike.gif,60,item
Blue Evil Fuzzle,https://grundoscafe.b-cdn.net/items/toy_evilfuzzel.gif,60,item
Blue Long Hair Brush,https://grundoscafe.b-cdn.net/items/bluebigbrush.gif,60,item
Blue Lupe Plushie,https://grundoscafe.b-cdn.net/items/toy_lupe_plushblue.gif,60,item
Blue Mynci Puppet,https://grundoscafe.b-cdn.net/items/toy_myncipuppet_blue.gif,60,item
Blue Nail Varnish,https://grundoscafe.b-cdn.net/items/bluepolish.gif,60,item
BluePepper,https://grundoscafe.b-cdn.net/items/tropical_bluepepper.gif,60,item
Bone Chair,https://grundoscafe.b-cdn.net/items/tyra_boneseat.gif,60,item
Bottle of Orange Sand,https://grundoscafe.b-cdn.net/items/tiki_orangesand.gif,60,item
Box of Crayons,https://grundoscafe.b-cdn.net/items/toy_crayons0001.gif,60,item
Broken Mirror Shield,https://grundoscafe.b-cdn.net/items/bd_shield_brokenmirror.gif,60,item
Bubbles Herbal Drink,https://grundoscafe.b-cdn.net/items/bubbles_cure.gif,60,item
Bunch of Tomatoes,https://grundoscafe.b-cdn.net/items/food_tomatoes.gif,60,item
Buttered Jacket Potato,https://grundoscafe.b-cdn.net/items/food_tater1.gif,60,item
Caramel Acara On A Stick,https://grundoscafe.b-cdn.net/items/food_acara_stick.gif,60,item
Caramel Quiggle Foot,https://grundoscafe.b-cdn.net/items/food_quiggle_foot.gif,60,item
Celery,https://grundoscafe.b-cdn.net/items/food_veg_celery.gif,60,item
Cheap Fire Ring,https://grundoscafe.b-cdn.net/items/bd_ringfire.gif,60,item
Checkered Umbrella,https://grundoscafe.b-cdn.net/items/gar_checkumbrella.gif,60,item
Cheery Blossom,https://grundoscafe.b-cdn.net/items/toy_cherryblossom.gif,60,item
Cherry Moehog Cookie,https://grundoscafe.b-cdn.net/items/food_moehog_chip.gif,60,item
Cherry Twist Lollypop,https://grundoscafe.b-cdn.net/items/food_sucka.gif,60,item
Chiazilla,https://grundoscafe.b-cdn.net/items/pinktradingcardback.gif,60,item
Chocolate Acara Sandwich Cookie,https://grundoscafe.b-cdn.net/items/bak_acaracookie_chocolate.gif,60,item
Chocolate Chia Truffle,https://grundoscafe.b-cdn.net/items/lupe_treat2.gif,60,item
Chokato Cybunny Cake,https://grundoscafe.b-cdn.net/items/food_cybunny_jellycake_blue.gif,60,item
Chunky Meaty Stew,https://grundoscafe.b-cdn.net/items/med_meat_chunk.gif,60,item
Cobrall Dagger,https://grundoscafe.b-cdn.net/items/bd_cobradagger.gif,60,item
Coconut Glass Table,https://grundoscafe.b-cdn.net/items/co_table.gif,60,item
Coconut Lamp,https://grundoscafe.b-cdn.net/items/co_lamp.gif,60,item
Cooking For Kougras,https://grundoscafe.b-cdn.net/items/book_kougra_cooking.gif,60,item
Corn Balls,https://grundoscafe.b-cdn.net/items/food_cornballs.gif,60,item
Creamy Hot Dog,https://grundoscafe.b-cdn.net/items/hotdog_mayo.gif,60,item
Crunchy Korbat Cookie,https://grundoscafe.b-cdn.net/items/korbatcrunchie.gif,60,item
Darigan Snuffly Action Figure,https://grundoscafe.b-cdn.net/items/dto_snuffly_figure.gif,60,item
Dark Chocolate Pteri,https://grundoscafe.b-cdn.net/items/darkchoc_pteri.gif,60,item
Desert Petpet Stamp,https://grundoscafe.b-cdn.net/items/stamp_desert5.gif,60,item
Dino Snapper,https://grundoscafe.b-cdn.net/items/d_food33.gif,60,item
Doodle Bouncy Ball,https://grundoscafe.b-cdn.net/items/doodle_bouncy_ball.gif,60,item
Dragonbud,https://grundoscafe.b-cdn.net/items/dragonbud.gif,60,item
Dried Bamboo Chair,https://grundoscafe.b-cdn.net/items/bamb_chair.gif,60,item
Duck Neck,https://grundoscafe.b-cdn.net/items/gross_duckneck.gif,60,item
Dung Cream Sandwich,https://grundoscafe.b-cdn.net/items/gross_dung_sand.gif,60,item
Dung Shelf,https://grundoscafe.b-cdn.net/items/dung_01.gif,60,item
Dwarf Tree,https://grundoscafe.b-cdn.net/items/dwarftree.gif,60,item
Earl Grey Tea,https://grundoscafe.b-cdn.net/items/tea1.gif,60,item
Elephante Dreams,https://grundoscafe.b-cdn.net/items/book_elephante4.gif,60,item
Faerie Tales,https://grundoscafe.b-cdn.net/items/book_faerietales.gif,60,item
Feathered Friends,https://grundoscafe.b-cdn.net/items/boo_eyrie_friends.gif,60,item
Fetch! Stamp,https://grundoscafe.b-cdn.net/items/stamp_hal_fetch.gif,60,item
Fire Bomb,https://grundoscafe.b-cdn.net/items/battle_firebomb.gif,60,item
Fire Faerie Pen,https://grundoscafe.b-cdn.net/items/sch_faerie_firepen.gif,60,item
Fire Gem,https://grundoscafe.b-cdn.net/items/unicorngem2.gif,60,item
Fire Mask,https://grundoscafe.b-cdn.net/items/battle_firemask.gif,60,item
Fireworks,https://grundoscafe.b-cdn.net/items/mortar.gif,60,item
Flotsams,https://grundoscafe.b-cdn.net/items/book_flotsambook.gif,60,item
Forest Cloak,https://grundoscafe.b-cdn.net/items/battle_hoodcloak.gif,60,item
Fresh Bamboo Bed,https://grundoscafe.b-cdn.net/items/bam_bed.gif,60,item
Fresh Bamboo Shelf Unit,https://grundoscafe.b-cdn.net/items/bam_shelf.gif,60,item
Fresh Bamboo Table,https://grundoscafe.b-cdn.net/items/bam_table.gif,60,item
Fruity Jubpops,https://grundoscafe.b-cdn.net/items/choc_jubpops.gif,60,item
Fundus Fruit Tea,https://grundoscafe.b-cdn.net/items/coff_greenredcuppa.gif,60,item
Gelert Dental Care,https://grundoscafe.b-cdn.net/items/book_gelert_dental.gif,60,item
Gelert Paw Reading,https://grundoscafe.b-cdn.net/items/book_gelert_pawreading.gif,60,item
Gelert Wand,https://grundoscafe.b-cdn.net/items/gelertwand.gif,60,item
Ghastly Ghost My Pretty Uni,https://grundoscafe.b-cdn.net/items/mpu_ghastly_ghost.gif,60,item
Glossy Glowing My Pretty Uni,https://grundoscafe.b-cdn.net/items/mpu_glossy_glowing.gif,60,item
Gnorbu Mane Care,https://grundoscafe.b-cdn.net/items/boo_gnorbu_mane.gif,60,item
Grackle Bug Stamp,https://grundoscafe.b-cdn.net/items/sta_gracklebug.gif,60,item
Grarrl Comics,https://grundoscafe.b-cdn.net/items/book_grarrl_comic.gif,60,item
Grarrls Are Great,https://grundoscafe.b-cdn.net/items/book_grarrlbook.gif,60,item
Green Flotsam Plushie,https://grundoscafe.b-cdn.net/items/toy_greenflotsam.gif,60,item
Green Gem Candy,https://grundoscafe.b-cdn.net/items/can_letitslidegem_green.gif,60,item
Green Glittery Brush,https://grundoscafe.b-cdn.net/items/green_glitterbrush.gif,60,item
Green Jelly Chia,https://grundoscafe.b-cdn.net/items/choc_jelly_chia_grn.gif,60,item
Green Kyrii Plushie,https://grundoscafe.b-cdn.net/items/toy_kyr_green.gif,60,item
Grubwich,https://grundoscafe.b-cdn.net/items/gross_grubwich.gif,60,item
Gruel Pizza,https://grundoscafe.b-cdn.net/items/food_gruel_pizza.gif,60,item
Grumblebug Water Bowl,https://grundoscafe.b-cdn.net/items/pps_grumblebug_bowl.gif,60,item
Grundo Ballet,https://grundoscafe.b-cdn.net/items/book_grundo2.gif,60,item
Gummy Kacheek Tail,https://grundoscafe.b-cdn.net/items/food_kacheek_gummitail.gif,60,item
Healing Potion V,https://grundoscafe.b-cdn.net/items/potion19.gif,60,item
Hot Soup,https://grundoscafe.b-cdn.net/items/hotdrink.gif,60,item
How to Stay Fit,https://grundoscafe.b-cdn.net/items/book_stayfit.gif,60,item
Improved Lightning Beam,https://grundoscafe.b-cdn.net/items/improvelightbeam.gif,60,item
Instant Roses,https://grundoscafe.b-cdn.net/items/toy_instantroses.gif,60,item
Jelly Cereal,https://grundoscafe.b-cdn.net/items/jel_cereal.gif,60,item
Jhuidah Usuki,https://grundoscafe.b-cdn.net/items/doll_usul_1.gif,60,item
JubJub Pop-Up Book,https://grundoscafe.b-cdn.net/items/book_jubjub_footsie.gif,60,item
Kacheek Book,https://grundoscafe.b-cdn.net/items/book_kacheekguide.gif,60,item
Kickin Kikos,https://grundoscafe.b-cdn.net/items/book_kikobook.gif,60,item
Kougra Shining Soap,https://grundoscafe.b-cdn.net/items/groom_kougrasoap.gif,60,item
Learn to Fly,https://grundoscafe.b-cdn.net/items/book_fly.gif,60,item
Lemon Brucicle,https://grundoscafe.b-cdn.net/items/food_yellowbrucicle.gif,60,item
Level 2 Bubble Beam,https://grundoscafe.b-cdn.net/items/bubblebeam.gif,60,item
Light Faerie Pen,https://grundoscafe.b-cdn.net/items/sch_faerie_lightpen.gif,60,item
Lightning Wand,https://grundoscafe.b-cdn.net/items/lightningwand.gif,60,item
Lime Nimmo Bites,https://grundoscafe.b-cdn.net/items/fo_nimmo_bitesgreen.gif,60,item
Lime Snow Puff,https://grundoscafe.b-cdn.net/items/snowfood_snowpufflime.gif,60,item
Little Book of Puzzles,https://grundoscafe.b-cdn.net/items/book_littlepuzzles.gif,60,item
Loyal Lupes,https://grundoscafe.b-cdn.net/items/book_loyallupes.gif,60,item
Luxury Bell,https://grundoscafe.b-cdn.net/items/luxurybell.gif,60,item
Mad Clock,https://grundoscafe.b-cdn.net/items/battle_madclock.gif,60,item
Magic Vial,https://grundoscafe.b-cdn.net/items/magic_magicvial.gif,60,item
Mashed Potato With Gravy,https://grundoscafe.b-cdn.net/items/foo_mash_gravy.gif,60,item
Meaty Lupe Treat,https://grundoscafe.b-cdn.net/items/lupe_treat1.gif,60,item
Medicinal Plant,https://grundoscafe.b-cdn.net/items/plant.gif,60,item
Medicinal Soap,https://grundoscafe.b-cdn.net/items/neomon_soap.gif,60,item
Melted Chocolate Negg,https://grundoscafe.b-cdn.net/items/negg_chocolate_melt.gif,60,item
Milk Chocolate A,https://grundoscafe.b-cdn.net/items/candy_chocolatea.gif,60,item
Milk Chocolate Grarrl,https://grundoscafe.b-cdn.net/items/can_grarrl_milkchoc.gif,60,item
Milk Chocolate Moehog,https://grundoscafe.b-cdn.net/items/food_chocmoehog1.gif,60,item
Milk Chocolate Peophin,https://grundoscafe.b-cdn.net/items/can_peophin_milkchocolate.gif,60,item
Milk Chocolate Skeith,https://grundoscafe.b-cdn.net/items/milkchocskeith.gif,60,item
Mist Kougra Stamp,https://grundoscafe.b-cdn.net/items/stamp_neoquest_mistkougra.gif,60,item
Molten Hot Chilli,https://grundoscafe.b-cdn.net/items/food_chili_molten.gif,60,item
Money Tree Stamp,https://grundoscafe.b-cdn.net/items/stamp_neo_money.gif,60,item
Mr Irgo Stamp,https://grundoscafe.b-cdn.net/items/stamp_neoquest_irgo.gif,60,item
My Favourite Food,https://grundoscafe.b-cdn.net/items/book_cybunny_food.gif,60,item
Narwhool,https://grundoscafe.b-cdn.net/items/krawkpet_9.gif,60,item
Nimmo Combat Guide,https://grundoscafe.b-cdn.net/items/book_nimmo_combat.gif,60,item
Nimmo Gift Ideas,https://grundoscafe.b-cdn.net/items/book_nimmo_gift.gif,60,item
Onion Balm,https://grundoscafe.b-cdn.net/items/onion_balm.gif,60,item
Orange Gummy Quiggles,https://grundoscafe.b-cdn.net/items/fd_quiggle_gumoran.gif,60,item
Orange Jelly Sandwich,https://grundoscafe.b-cdn.net/items/jel_jellysandwich.gif,60,item
Orange Neodrops,https://grundoscafe.b-cdn.net/items/candy_orangeneodrops.gif,60,item
Orb Plant,https://grundoscafe.b-cdn.net/items/orb_plant.gif,60,item
Organic Celery,https://grundoscafe.b-cdn.net/items/food_veg_celery.gif,60,item
Organic Radish,https://grundoscafe.b-cdn.net/items/food_veg_radish.gif,60,item
Parsnip,https://grundoscafe.b-cdn.net/items/food_veg_parsnip.gif,60,item
Peanut Butter Slushie,https://grundoscafe.b-cdn.net/items/slush_pbslush.gif,60,item
Pickled Leeches,https://grundoscafe.b-cdn.net/items/gross_pickledleaches.gif,60,item
Pineapple,https://grundoscafe.b-cdn.net/items/food_pineapple.gif,60,item
Plain White Toilet,https://grundoscafe.b-cdn.net/items/toilet_white.gif,60,item
Pocket Calendar,https://grundoscafe.b-cdn.net/items/dogbook_giftshop.gif,60,item
Polarchuck Balloon,https://grundoscafe.b-cdn.net/items/polarchuck_balloon.gif,60,item
Pretty Peophins,https://grundoscafe.b-cdn.net/items/book_prettypeophins.gif,60,item
Pumpkin Spice Neocola,https://grundoscafe.b-cdn.net/items/neocolapumpkinspice.gif,60,item
Purple Invisihat,https://grundoscafe.b-cdn.net/items/purpleinvisihat.gif,60,item
Purple Juppie,https://grundoscafe.b-cdn.net/items/tropical_purplejuppie.gif,60,item
Purple Skateboard,https://grundoscafe.b-cdn.net/items/purpleskateboard.gif,60,item
Quick Reference Dictionary,https://grundoscafe.b-cdn.net/items/book_dictionary.gif,60,item
Quiggle Quotes,https://grundoscafe.b-cdn.net/items/book_quiggle_quotes.gif,60,item
Quiggle Stunt Book,https://grundoscafe.b-cdn.net/items/book_quigglestunt.gif,60,item
Rainbow Slushie Stamp,https://grundoscafe.b-cdn.net/items/stamp_snowy_slushie.gif,60,item
Raspberry Scorchio Cookie,https://grundoscafe.b-cdn.net/items/cook_scor_chip.gif,60,item
Red Chia Plushie,https://grundoscafe.b-cdn.net/items/redchiadoll.gif,60,item
Red Frost Cannon,https://grundoscafe.b-cdn.net/items/redfrostcannon.gif,60,item
Red Lupe Plushie,https://grundoscafe.b-cdn.net/items/toy_lupe_plushred.gif,60,item
Red Satin Collar,https://grundoscafe.b-cdn.net/items/redsatin.gif,60,item
Reject Cybunny Toy,https://grundoscafe.b-cdn.net/items/toy_blue_rej_cyb.gif,60,item
Roast Gargapple,https://grundoscafe.b-cdn.net/items/space_nuberry.gif,60,item
Robot Days,https://grundoscafe.b-cdn.net/items/bk_tusk_4.gif,60,item
Rock Shroom,https://grundoscafe.b-cdn.net/items/rock_shroom.gif,60,item
Rock Tree,https://grundoscafe.b-cdn.net/items/ga_rocktree.gif,60,item
Rotten Wormy Apple,https://grundoscafe.b-cdn.net/items/gross_rott_apple.gif,60,item
Scab Cake,https://grundoscafe.b-cdn.net/items/gross_scabcake.gif,60,item
Scabu,https://grundoscafe.b-cdn.net/items/tropical_scabu.gif,60,item
Selket,https://grundoscafe.b-cdn.net/items/pet_des_7.gif,60,item
Senator Palpus Stamp,https://grundoscafe.b-cdn.net/items/stamp_desert_palpus.gif,60,item
Shoyru Songs,https://grundoscafe.b-cdn.net/items/bk_sho_2.gif,60,item
Silver Springy Toy,https://grundoscafe.b-cdn.net/items/toy_worm.gif,60,item
Sludge Pie,https://grundoscafe.b-cdn.net/items/food_med_sludgepie.gif,60,item
Slymook,https://grundoscafe.b-cdn.net/items/slymook_yellow.gif,60,item
Snowberry Tea,https://grundoscafe.b-cdn.net/items/coff_snowberrytea.gif,60,item
Sparkle Potion,https://grundoscafe.b-cdn.net/items/mpo_odd_potion.gif,60,item
Spironut with Cream,https://grundoscafe.b-cdn.net/items/coffee6.gif,60,item
Squeaky Elephante Book,https://grundoscafe.b-cdn.net/items/book_elephante6.gif,60,item
Starry Scorchio Lollypop,https://grundoscafe.b-cdn.net/items/can_starscorc_lolly.gif,60,item
Stego,https://grundoscafe.b-cdn.net/items/pet_stego.gif,60,item
Stone Cool Box,https://grundoscafe.b-cdn.net/items/stone_cooler.gif,60,item
Strawberry Aisha Cookie,https://grundoscafe.b-cdn.net/items/food_aisha_pinkcookie.gif,60,item
Strawberry and Cream Fish Pop,https://grundoscafe.b-cdn.net/items/gross_fishstrawcream.gif,60,item
Strawberry Kau Cream Cake,https://grundoscafe.b-cdn.net/items/fo_kaupie_red.gif,60,item
Strawberry Vampire Pop,https://grundoscafe.b-cdn.net/items/hand_dipped_vampire_pop.gif,60,item
Super Duper Scooter,https://grundoscafe.b-cdn.net/items/toy_razor.gif,60,item
Sushi Rolls,https://grundoscafe.b-cdn.net/items/food_sushi.gif,60,item
Tangy Tyrannian Cheese and Crackers,https://grundoscafe.b-cdn.net/items/food_crack_ched.gif,60,item
Tatty Pencil,https://grundoscafe.b-cdn.net/items/sch_pencil_crummy.gif,60,item
Terrific Acaras,https://grundoscafe.b-cdn.net/items/book_terrificacaras.gif,60,item
The Cowardly Tuskaninny,https://grundoscafe.b-cdn.net/items/bk_tusk_2.gif,60,item
The End of the Tunnel,https://grundoscafe.b-cdn.net/items/faeriebook_endofthetunnel.gif,60,item
The Grumpy Acara,https://grundoscafe.b-cdn.net/items/book_acara_head.gif,60,item
The Lonely Grundo,https://grundoscafe.b-cdn.net/items/book_grundo4.gif,60,item
The Lone Quiggle,https://grundoscafe.b-cdn.net/items/bk_quiggle_lone.gif,60,item
The Mover,https://grundoscafe.b-cdn.net/items/book_jetsom_mover.gif,60,item
Tigersquash Tigerbuggles: Where and How to Find Them,https://grundoscafe.b-cdn.net/items/book_buzz2.gif,60,item
Toast with Jam,https://grundoscafe.b-cdn.net/items/food_toast_jam.gif,60,item
Toffee Apple,https://grundoscafe.b-cdn.net/items/food_carmelapple1.gif,60,item
Toffee Ice Cream,https://grundoscafe.b-cdn.net/items/toffeeicecream.gif,60,item
Triangular Flotsam Stamp,https://grundoscafe.b-cdn.net/items/stamp_island_flotsam.gif,60,item
Two in One Hair Care,https://grundoscafe.b-cdn.net/items/twoinone.gif,60,item
Tyrannian Korbat Stamp,https://grundoscafe.b-cdn.net/items/stamp_tyrannia_korbat.gif,60,item
Usuki Dream Stove,https://grundoscafe.b-cdn.net/items/usuki_dreamstove.gif,60,item
Usuki Dream Swing Set,https://grundoscafe.b-cdn.net/items/usuki_swingset.gif,60,item
Usuki Summer Fashion Set,https://grundoscafe.b-cdn.net/items/usuki_summerfashions.gif,60,item
Vanilla Acara Sandwich Cookie,https://grundoscafe.b-cdn.net/items/bak_acaracookie_vanilla.gif,60,item
Water Faerie Pencil,https://grundoscafe.b-cdn.net/items/sch_faerie_waterpencil.gif,60,item
Wet Snowball,https://grundoscafe.b-cdn.net/items/snowball_1.gif,60,Snowball
Wet Snowflake,https://grundoscafe.b-cdn.net/items/bd_snowflake_wet.gif,60,item
White Chocolate Aisha,https://grundoscafe.b-cdn.net/items/whitechocaisha.gif,60,item
White Chocolate Jetsam,https://grundoscafe.b-cdn.net/items/can_jetsam_whitechoc.gif,60,item
Wooden Chair,https://grundoscafe.b-cdn.net/items/wood_chair.gif,60,item
Wooden Patio Chair,https://grundoscafe.b-cdn.net/items/ga_chair_wood.gif,60,item
Yeasty Bread,https://grundoscafe.b-cdn.net/items/food_yeasty_bread.gif,60,item
Yellow Gelert Plushie,https://grundoscafe.b-cdn.net/items/gelert_plush_yellow.gif,60,item
Yellow Kougra Plushie,https://grundoscafe.b-cdn.net/items/toy_kougrayellow.gif,60,item
Yellow Lutari Plushie,https://grundoscafe.b-cdn.net/items/plu_lutari_yellow.gif,60,item
Baked Intesteen,https://grundoscafe.b-cdn.net/items/spooky_foo_bbqintesteen.gif,61,item
Coffee Chia Pop,https://grundoscafe.b-cdn.net/items/coffee_chiapop.gif,61,item
Feemix the Korbat Scout,https://grundoscafe.b-cdn.net/items/greentradingcardback.gif,61,item
Green Apple Slushie,https://grundoscafe.b-cdn.net/items/slush_appleslush.gif,61,item
Kalora the Kau,https://grundoscafe.b-cdn.net/items/greentradingcardback.gif,61,item
Pteri Knight,https://grundoscafe.b-cdn.net/items/greentradingcardback.gif,61,item
Ryshu,https://grundoscafe.b-cdn.net/items/greentradingcardback.gif,61,item
Scorchio Book,https://grundoscafe.b-cdn.net/items/book_scorchiobook.gif,61,item
The Esophagor,https://grundoscafe.b-cdn.net/items/greentradingcardback.gif,61,item
The Eye of the Quiggle,https://grundoscafe.b-cdn.net/items/book_eyeofthequiggle.gif,61,item
Yurble Face Cookie,https://grundoscafe.b-cdn.net/items/bak_yurbleheadcookie.gif,61,item
Yurble Janitor Cookie,https://grundoscafe.b-cdn.net/items/bak_yurblejanitorcookie.gif,61,item
Zeenana Stamp,https://grundoscafe.b-cdn.net/items/stamp_island_fruit.gif,61,item
Assorted Fruits Stamp,https://grundoscafe.b-cdn.net/items/stamp_mys_fru.gif,62,item
Bloatershroom,https://grundoscafe.b-cdn.net/items/mushroom7.gif,62,item
Blue Pop Slushie,https://grundoscafe.b-cdn.net/items/slush_bluepop.gif,62,item
Boating Usuki Set,https://grundoscafe.b-cdn.net/items/usuki_sports_4.gif,62,item
Broccoli and Cheese Pasty,https://grundoscafe.b-cdn.net/items/food_pasty_1.gif,62,item
Cheap Air Ring,https://grundoscafe.b-cdn.net/items/bd_ringair.gif,62,item
Cherry Zafara Shaved Ice,https://grundoscafe.b-cdn.net/items/cherry_zaf_shavedice.gif,62,item
Chuffer Bob,https://grundoscafe.b-cdn.net/items/greentradingcardback.gif,62,item
Devilish Cake,https://grundoscafe.b-cdn.net/items/foo_devilcake.gif,62,item
Extra Cheesy Jacket Potato,https://grundoscafe.b-cdn.net/items/food_tater2.gif,62,item
Festive Lei Aisha,https://grundoscafe.b-cdn.net/items/tiki_aisha_hula.gif,62,item
Fungi Fruit,https://grundoscafe.b-cdn.net/items/tropical_fungifruit.gif,62,item
Gog,https://grundoscafe.b-cdn.net/items/greentradingcardback.gif,62,item
Golden Khamette Stamp,https://grundoscafe.b-cdn.net/items/stamp_desert6.gif,62,item
Green Cybunny Plushie,https://grundoscafe.b-cdn.net/items/toy_green_cybunny.gif,62,item
Kacheek Vanilla Pudding,https://grundoscafe.b-cdn.net/items/foo_kacheek_pudding.gif,62,item
Nimmos,https://grundoscafe.b-cdn.net/items/book_nimmobook.gif,62,item
Orange My Pretty Uni Hoof Polish Set,https://grundoscafe.b-cdn.net/items/mpu_set_polish_orange.gif,62,item
Palm Frond Sculpture,https://grundoscafe.b-cdn.net/items/tiki_palmfrond_scuplture.gif,62,item
Pink My Pretty Uni Hoof Polish Set,https://grundoscafe.b-cdn.net/items/mpu_set_polish_pink.gif,62,item
Pop Princess Usuki Set,https://grundoscafe.b-cdn.net/items/usuki_4.gif,62,item
Purple My Pretty Uni Hoof Polish Set,https://grundoscafe.b-cdn.net/items/mpu_set_polish_purple.gif,62,item
Quiggle Joke Book,https://grundoscafe.b-cdn.net/items/book_quigglejoke.gif,62,item
Quiggle Squeeze Toy,https://grundoscafe.b-cdn.net/items/toy_squeezy_quiggle.gif,62,item
Red Gelert Plushie,https://grundoscafe.b-cdn.net/items/gelert_plush_red.gif,62,item
Rhan Tyr,https://grundoscafe.b-cdn.net/items/greentradingcardback.gif,62,item
Shoonee,https://grundoscafe.b-cdn.net/items/greentradingcardback.gif,62,item
Spooky Shutter,https://grundoscafe.b-cdn.net/items/bvw_scary_shutterface.gif,62,item
Tigersquash Chia Pop,https://grundoscafe.b-cdn.net/items/snow_tigerchiapop.gif,62,item
Uni Shoe Tales,https://grundoscafe.b-cdn.net/items/boo_unishoe_tales.gif,62,item
Water Mote,https://grundoscafe.b-cdn.net/items/magic_mote_water.gif,62,item
Aisha Lollypops,https://grundoscafe.b-cdn.net/items/can_aisha_lollylicks.gif,63,item
Blue Grundo Keychain,https://grundoscafe.b-cdn.net/items/grundo_keychainblue.gif,63,item
Bori of Brightvale,https://grundoscafe.b-cdn.net/items/bvb_bori_book.gif,63,item
Broccoli and Cheese Pizza,https://grundoscafe.b-cdn.net/items/pizza_brocheese.gif,63,item
Green Xweetok Plushie,https://grundoscafe.b-cdn.net/items/toy_xweetok_green.gif,63,item
Jacket Potato with Beans,https://grundoscafe.b-cdn.net/items/food_tater5.gif,63,item
Jetsam Toothbrush,https://grundoscafe.b-cdn.net/items/gro_jetsam_toothbrush.gif,63,item
King Coltzan III,https://grundoscafe.b-cdn.net/items/greentradingcardback.gif,63,item
Large Spirulina Smoothie,https://grundoscafe.b-cdn.net/items/smo_large_spirulina.gif,63,item
Lavender,https://grundoscafe.b-cdn.net/items/greentradingcardback.gif,63,item
Mint Acara Sandwich Cookie,https://grundoscafe.b-cdn.net/items/bak_acaracookie_mint.gif,63,item
Mummified Pepper,https://grundoscafe.b-cdn.net/items/food_desert6.gif,63,item
Pickled Eyeballs,https://grundoscafe.b-cdn.net/items/pickledeyeballs.gif,63,item
Quiggle Art Book,https://grundoscafe.b-cdn.net/items/book_quiggleart.gif,63,item
Red Grundo Keychain,https://grundoscafe.b-cdn.net/items/grundo_keychainred.gif,63,item
Red Grundo Keyring,https://grundoscafe.b-cdn.net/items/keychain_redgrundo.gif,63,item
Sardplant,https://grundoscafe.b-cdn.net/items/new_tropical_6.gif,63,item
Sponderolas,https://grundoscafe.b-cdn.net/items/sponderolas.gif,63,item
Strawberry Acara Sandwich Cookie,https://grundoscafe.b-cdn.net/items/bak_acaracookie_strawberry.gif,63,item
Time For Tennis Usuki Set,https://grundoscafe.b-cdn.net/items/usuki_sports_2.gif,63,item
Twigbug,https://grundoscafe.b-cdn.net/items/twigbug.gif,63,item
Warf,https://grundoscafe.b-cdn.net/items/pets_doggy.gif,63,item
Zyrolon,https://grundoscafe.b-cdn.net/items/greentradingcardback.gif,63,item
Aisha Cinnamon Roll,https://grundoscafe.b-cdn.net/items/bak_aisha_cinnoroll.gif,64,item
Bacon Deluxe Hot Dog,https://grundoscafe.b-cdn.net/items/hotdog_bacon.gif,64,item
Blue Pteri Plushie,https://grundoscafe.b-cdn.net/items/toy_pteri_blue.gif,64,item
Blue Xweetok Plushie,https://grundoscafe.b-cdn.net/items/toy_xweetok_blue.gif,64,item
Broken Heart Keyring,https://grundoscafe.b-cdn.net/items/gif_brokenheart_keychain.gif,64,item
Candy Corn Classic,https://grundoscafe.b-cdn.net/items/candycorn.gif,64,item
Cheese and Beans Jacket Potato,https://grundoscafe.b-cdn.net/items/food_tater3.gif,64,item
Counting Potatoes,https://grundoscafe.b-cdn.net/items/book_countingpotatoes.gif,64,item
Cress Ghostkersandwich,https://grundoscafe.b-cdn.net/items/foo_ghostkerchief_sprout.gif,64,item
Digging for Knowledge,https://grundoscafe.b-cdn.net/items/bvb_bori_diggingforknowledge.gif,64,item
Doodle Book,https://grundoscafe.b-cdn.net/items/doodle_book.gif,64,item
Dung Shield,https://grundoscafe.b-cdn.net/items/bd_shield_dung.gif,64,item
Elppa,https://grundoscafe.b-cdn.net/items/food_elppa.gif,64,item
Faerie JubJub Balloon,https://grundoscafe.b-cdn.net/items/goodies_balloon4.gif,64,item
Goodbye Mel,https://grundoscafe.b-cdn.net/items/book_goodbyemel.gif,64,item
Grey Evil Fuzzle,https://grundoscafe.b-cdn.net/items/toy_evilfuzzle_grey.gif,64,item
Kikoughela Syrup,https://grundoscafe.b-cdn.net/items/cough_syrup.gif,64,item
Large Asparrot Smoothie,https://grundoscafe.b-cdn.net/items/smo_large_asparrot.gif,64,item
Lime Jelly Usul,https://grundoscafe.b-cdn.net/items/jel_usul_green.gif,64,item
Lost Desert Wrist Plate,https://grundoscafe.b-cdn.net/items/bd_desert_wristband.gif,64,item
Mud Mote,https://grundoscafe.b-cdn.net/items/newmote1.gif,64,item
Myncha,https://grundoscafe.b-cdn.net/items/greentradingcardback.gif,64,item
Mystery Island Hut Stamp,https://grundoscafe.b-cdn.net/items/stamp_mys_mys.gif,64,item
Neopian Berry Smoothie,https://grundoscafe.b-cdn.net/items/smo_reg_neopian_berry.gif,64,item
Orange Gelert Lollypop,https://grundoscafe.b-cdn.net/items/can_gelert_lollyorange.gif,64,item
Quiggle Work Out,https://grundoscafe.b-cdn.net/items/book_quiggleworkout.gif,64,item
Radiant Rainbow My Pretty Uni,https://grundoscafe.b-cdn.net/items/mpu_radiant_rainbow.gif,64,item
Rainbow Cinnamon Roll,https://grundoscafe.b-cdn.net/items/rainbow_cinnamon_roll.gif,64,item
Spinach and Asparagus Pasty,https://grundoscafe.b-cdn.net/items/food_pasty_2.gif,64,item
Starry Kau Plushie,https://grundoscafe.b-cdn.net/items/plu_kau_starry.gif,64,item
Sticky Techo,https://grundoscafe.b-cdn.net/items/toy_techosticky.gif,64,item
Stone Pot,https://grundoscafe.b-cdn.net/items/stone_02.gif,64,item
Stone Tablet,https://grundoscafe.b-cdn.net/items/stone_04.gif,64,item
Teal Juppie,https://grundoscafe.b-cdn.net/items/tropical_tealjuppie.gif,64,item
The Angry Kau,https://grundoscafe.b-cdn.net/items/kau_book_angry.gif,64,item
The Fontaine Sisters,https://grundoscafe.b-cdn.net/items/greentradingcardback.gif,64,item
The Gelert Diaries,https://grundoscafe.b-cdn.net/items/book_gelert_3.gif,64,item
Wooden Practice Shield,https://grundoscafe.b-cdn.net/items/shw_wooden_shield.gif,64,item
Yellow Ogrin Plushie,https://grundoscafe.b-cdn.net/items/toy_ogrin_yellow.gif,64,item
Yellow Zafara Slide Puzzle,https://grundoscafe.b-cdn.net/items/toy_zaf_slidepuzzle.gif,64,item
Zafara Trivia,https://grundoscafe.b-cdn.net/items/boo_zafara_trivia.gif,64,item
Zephiea Boltheart,https://grundoscafe.b-cdn.net/items/greentradingcardback.gif,64,item
Aisha Chocolate Cheesecake,https://grundoscafe.b-cdn.net/items/foo_aisha_chocheesecake.gif,65,item
Almost Gummy Rat (Lime),https://grundoscafe.b-cdn.net/items/almostgummyratsgreen.gif,65,item
Altachuck,https://grundoscafe.b-cdn.net/items/altachuck.gif,65,item
Apple Neocola,https://grundoscafe.b-cdn.net/items/neocola_apple.gif,65,item
Banan,https://grundoscafe.b-cdn.net/items/new_tropical_16.gif,65,item
Beany Burpers,https://grundoscafe.b-cdn.net/items/faerie_food_beans.gif,65,item
Black Belt Usuki Set,https://grundoscafe.b-cdn.net/items/usuki_sports_3.gif,65,item
Black Currant Jelly Pop,https://grundoscafe.b-cdn.net/items/jel_jellydrink3.gif,65,item
Black Eyeliner,https://grundoscafe.b-cdn.net/items/gro_black_eyeliner.gif,65,item
Blairnut Tea,https://grundoscafe.b-cdn.net/items/coff_blairnut.gif,65,item
Blobagus,https://grundoscafe.b-cdn.net/items/space_petpet_1.gif,65,item
Blueberry Neodrops,https://grundoscafe.b-cdn.net/items/candy_blueneodrops.gif,65,item
Blue Bruce Plushie,https://grundoscafe.b-cdn.net/items/toy_bruce_plushie1.gif,65,item
Blue Koi Plushie,https://grundoscafe.b-cdn.net/items/toy_koi_plush4.gif,65,item
Blue Kougra Plushie,https://grundoscafe.b-cdn.net/items/toy_kougrablue.gif,65,item
Blue Mynci Plushie,https://grundoscafe.b-cdn.net/items/toy_mynci_plushie1.gif,65,item
Blue Uni Plushie,https://grundoscafe.b-cdn.net/items/toy_uni_plushie1.gif,65,item
Boadaisy,https://grundoscafe.b-cdn.net/items/boadaisy.gif,65,item
Bori Photo Album,https://grundoscafe.b-cdn.net/items/boo_bori_picture.gif,65,item
Bori Veggie Special,https://grundoscafe.b-cdn.net/items/foo_bori_vege_plate.gif,65,item
Bouncy Zafara Toy,https://grundoscafe.b-cdn.net/items/toy_bouncy.gif,65,item
Buttered Popcorn,https://grundoscafe.b-cdn.net/items/food_butterpopcorn.gif,65,item
Cantaloupe Melon,https://grundoscafe.b-cdn.net/items/foo_cantaloupe.gif,65,item
Carrot Cone,https://grundoscafe.b-cdn.net/items/food_carrotcone.gif,65,item
Catch It If You Can,https://grundoscafe.b-cdn.net/items/book_nimmo_catch.gif,65,item
Chard,https://grundoscafe.b-cdn.net/items/health_chard.gif,65,item
Chocolate Cake,https://grundoscafe.b-cdn.net/items/choccake.gif,65,item
Chocolate Chip Cybunny Cookie,https://grundoscafe.b-cdn.net/items/cook_cy_chip.gif,65,item
Chocolate Neodrops,https://grundoscafe.b-cdn.net/items/candy_chocolateneodrops.gif,65,item
Chocolate Tuskaninny Cookie,https://grundoscafe.b-cdn.net/items/food_tusk_cookie1.gif,65,item
Cinnamon Swirl,https://grundoscafe.b-cdn.net/items/cinnamon-swirl.gif,65,item
Coconut Bank,https://grundoscafe.b-cdn.net/items/gif_coconut_bank.gif,65,item
Coconut Chair,https://grundoscafe.b-cdn.net/items/co_chair.gif,65,item
Connect the Dots,https://grundoscafe.b-cdn.net/items/book_usul1.gif,65,item
Cybunny Rules 101,https://grundoscafe.b-cdn.net/items/book_newcybunny1.gif,65,item
Dark Chocolate Kougra Paw,https://grundoscafe.b-cdn.net/items/can_kougrapaw_dark.gif,65,item
Deaver,https://grundoscafe.b-cdn.net/items/krawkpet_8.gif,65,item
Dehydrated Duck a l'Orange,https://grundoscafe.b-cdn.net/items/spc_dehy_ducklorange.gif,65,item
Dont Bug Me,https://grundoscafe.b-cdn.net/items/book_bugme.gif,65,item
Dream Flower,https://grundoscafe.b-cdn.net/items/garden_dreamflower.gif,65,item
Dried Bamboo Shelf,https://grundoscafe.b-cdn.net/items/bamb_shelf.gif,65,item
Economy Jelly Beans,https://grundoscafe.b-cdn.net/items/jellybeans.gif,65,item
Faerie Eyrie Plushie,https://grundoscafe.b-cdn.net/items/plu_eyrie_faerie.gif,65,item
Fantastic Fly Pie,https://grundoscafe.b-cdn.net/items/gross_flypie.gif,65,item
Felinx,https://grundoscafe.b-cdn.net/items/felinx.gif,65,item
Fire Walking Boots,https://grundoscafe.b-cdn.net/items/f_boots.gif,65,item
Flat-u-less Tablets,https://grundoscafe.b-cdn.net/items/flatuless.gif,65,item
Flower Cracker,https://grundoscafe.b-cdn.net/items/ffo_cracker_plain.gif,65,item
From Egg to Feathers,https://grundoscafe.b-cdn.net/items/book_pteri2.gif,65,item
Geography Set,https://grundoscafe.b-cdn.net/items/geographykit_giftshop.gif,65,item
Gnorbu Explorers,https://grundoscafe.b-cdn.net/items/boo_gnorbu_explorers.gif,65,item
Grape Jam Hot Dog,https://grundoscafe.b-cdn.net/items/hotdog_jelly.gif,65,item
Green Acara Plushie,https://grundoscafe.b-cdn.net/items/toy_acara_plushie2.gif,65,item
Green Elephante Plushie,https://grundoscafe.b-cdn.net/items/plu_elephante_green.gif,65,item
Green Gummy Quiggles,https://grundoscafe.b-cdn.net/items/fd_quiggle_gumgre.gif,65,item
Green Kougra Plushie,https://grundoscafe.b-cdn.net/items/toy_kougragreen.gif,65,item
Green Mynci Puppet,https://grundoscafe.b-cdn.net/items/toy_myncipuppet_green.gif,65,item
Green Ogrin Plushie,https://grundoscafe.b-cdn.net/items/toy_ogrin_green.gif,65,item
Green Uni Plushie,https://grundoscafe.b-cdn.net/items/toy_uni_plushie4.gif,65,item
Green Vinyl Nimmo,https://grundoscafe.b-cdn.net/items/toy_nimmovinyl.gif,65,item
Gwernial Gelert Lollypop,https://grundoscafe.b-cdn.net/items/can_gelert_lollyspotted.gif,65,item
Haunted Brucicle,https://grundoscafe.b-cdn.net/items/foo_brucicle_haunted.gif,65,item
Home Surgery for Jetsams,https://grundoscafe.b-cdn.net/items/book_jetsom_surgery.gif,65,item
Honey Nut Pebbles,https://grundoscafe.b-cdn.net/items/cereal_4.gif,65,item
Hot Cheese Croissant,https://grundoscafe.b-cdn.net/items/food_pastry_croissant.gif,65,item
Jelly Green Cheese,https://grundoscafe.b-cdn.net/items/jel_cheese.gif,65,item
Kacheek Pretzels,https://grundoscafe.b-cdn.net/items/foo_kacheek_pretzels.gif,65,item
Kacheek Snowglobe,https://grundoscafe.b-cdn.net/items/toy_kacheek_globe.gif,65,item
Kau Print Chair,https://grundoscafe.b-cdn.net/items/funky_sofa_cow.gif,65,item
Kharlos,https://grundoscafe.b-cdn.net/items/greentradingcardback.gif,65,item
Kikos Darkside,https://grundoscafe.b-cdn.net/items/book_kiko4.gif,65,item
Koi Kelp Wrap,https://grundoscafe.b-cdn.net/items/food_koi_kelpwrap.gif,65,item
Kougra Scratching Comb,https://grundoscafe.b-cdn.net/items/groom_kougracomb.gif,65,item
Large Kalery Smoothie,https://grundoscafe.b-cdn.net/items/smo_large_kalery.gif,65,item
Lemon and Thornberry Jelly,https://grundoscafe.b-cdn.net/items/food_jelly_thorn.gif,65,item
Lemon Faerie Bubble,https://grundoscafe.b-cdn.net/items/faerie_food_lemon.gif,65,item
Lenny Cream of Onion Soup,https://grundoscafe.b-cdn.net/items/foo_lennysoup_cream.gif,65,item
Lenny Mint Chocolate Chip Ice Cream,https://grundoscafe.b-cdn.net/items/foo_lennycream_mintchip.gif,65,item
Lily of the Valley,https://grundoscafe.b-cdn.net/items/gar_lilyofthevalley.gif,65,item
Lime Elixir,https://grundoscafe.b-cdn.net/items/potion10.gif,65,item
Lime Grarrl Gummy,https://grundoscafe.b-cdn.net/items/can_gummygrarrl_green.gif,65,item
Lime Jelly Acara,https://grundoscafe.b-cdn.net/items/choc_jell_aca_grn.gif,65,item
Lime Jelly Flotsam,https://grundoscafe.b-cdn.net/items/jel_flot_green.gif,65,item
Little Wings Big Feet,https://grundoscafe.b-cdn.net/items/book_elephant_wings.gif,65,item
Lovely Lennys,https://grundoscafe.b-cdn.net/items/book_lennybook.gif,65,item
Lustra the Golden Peophin,https://grundoscafe.b-cdn.net/items/greentradingcardback.gif,65,item
Lutari Squirt Toy,https://grundoscafe.b-cdn.net/items/toy_lutari_squirtytoy.gif,65,item
Mangorific Slushie,https://grundoscafe.b-cdn.net/items/slush_mangorific.gif,65,item
Maps of Neopia,https://grundoscafe.b-cdn.net/items/book_maps.gif,65,item
Mechanical Pencil,https://grundoscafe.b-cdn.net/items/sch_pencil_mechanical.gif,65,item
Mega Cabpru Smoothie,https://grundoscafe.b-cdn.net/items/smo_cabbage_prune.gif,65,item
Mega Melman Smoothie,https://grundoscafe.b-cdn.net/items/smo_mega_melmans.gif,65,item
Mega Splime Smoothie,https://grundoscafe.b-cdn.net/items/smo_mega_spinachlime.gif,65,item
Milk Chocolate Eyrie,https://grundoscafe.b-cdn.net/items/can_eyrie_milkchocolate.gif,65,item
Mint Tea,https://grundoscafe.b-cdn.net/items/tea4.gif,65,item
Minty Acara Brush,https://grundoscafe.b-cdn.net/items/gro_acara_brush.gif,65,item
Mystery Island Drum,https://grundoscafe.b-cdn.net/items/tiki_native_drum.gif,65,item
Mystery Island Paperback Book,https://grundoscafe.b-cdn.net/items/boo_paper_mysteryisland.gif,65,item
Neo Baseball Cap,https://grundoscafe.b-cdn.net/items/cap_giftshop.gif,65,item
Niten Hiroru,https://grundoscafe.b-cdn.net/items/greentradingcardback.gif,65,item
Not-So-Gummy Rat,https://grundoscafe.b-cdn.net/items/notsogummyrat.gif,65,item
Nova,https://grundoscafe.b-cdn.net/items/magic_nova.gif,65,item
Octorna,https://grundoscafe.b-cdn.net/items/pet_pir_sucker.gif,65,item
Orange Pteri Plushie,https://grundoscafe.b-cdn.net/items/toy_pteri_orange.gif,65,item
Organic Beetroot,https://grundoscafe.b-cdn.net/items/food_veg_beetroot.gif,65,item
Organic Spring Onion,https://grundoscafe.b-cdn.net/items/food_veg_spring.gif,65,item
Peach Ice Cream,https://grundoscafe.b-cdn.net/items/peachicecream.gif,65,item
Perfume Mallows,https://grundoscafe.b-cdn.net/items/perfume_wallows.gif,65,item
Pineapple Slushie,https://grundoscafe.b-cdn.net/items/slush_pineapple.gif,65,item
Pink Evil Fuzzle,https://grundoscafe.b-cdn.net/items/toy_evilfuzzle_pink.gif,65,item
Pink Play Pen,https://grundoscafe.b-cdn.net/items/playpen_pink.gif,65,item
Plain Shoyru Meatball,https://grundoscafe.b-cdn.net/items/food_shoyball_plain.gif,65,item
Pretty Covered Table,https://grundoscafe.b-cdn.net/items/pink_covered_table.gif,65,item
Pumpkin Spice Ice Cream,https://grundoscafe.b-cdn.net/items/icecreampumpkinspice.gif,65,item
Purple Negg,https://grundoscafe.b-cdn.net/items/purple_negg.gif,65,item
Quiggle Devil Cake,https://grundoscafe.b-cdn.net/items/food_quiggle_devilcake.gif,65,item
Quiggle Poetry,https://grundoscafe.b-cdn.net/items/bk_quiggle_poetry.gif,65,item
Rainbow Sugar Cookie,https://grundoscafe.b-cdn.net/items/rainbow_sugar_cookie.gif,65,item
Rancid Dung Coffee,https://grundoscafe.b-cdn.net/items/grf_orange_coffee.gif,65,item
Raspberry Jelly A,https://grundoscafe.b-cdn.net/items/candy_raspberrya.gif,65,item
Raspberry Neocola,https://grundoscafe.b-cdn.net/items/neocola_raspberry.gif,65,item
Raspberry Nimmo Bites,https://grundoscafe.b-cdn.net/items/fo_nimmo_bitesred.gif,65,item
Red Koi Keyring,https://grundoscafe.b-cdn.net/items/keychain_redkoi.gif,65,item
Red Mynci Plushie,https://grundoscafe.b-cdn.net/items/toy_mynci_plushie2.gif,65,item
Red Pteri Plushie,https://grundoscafe.b-cdn.net/items/plu_pteri_red.gif,65,item
Sausage and Cheese Pasty,https://grundoscafe.b-cdn.net/items/food_pasty_4.gif,65,item
Scary Peophin Tales,https://grundoscafe.b-cdn.net/items/book_peophin4.gif,65,item
Scorchio Shortcake,https://grundoscafe.b-cdn.net/items/food_wing_cake.gif,65,item
Sloth Ruler,https://grundoscafe.b-cdn.net/items/school_7.gif,65,item
Speak Moehog,https://grundoscafe.b-cdn.net/items/book_moehog4.gif,65,item
Split Pizza,https://grundoscafe.b-cdn.net/items/pizza_1.gif,65,item
Squeaky Tonu Toy,https://grundoscafe.b-cdn.net/items/toy_tonurubberabj.gif,65,item
Strawberry Chip Quiggle Cookie,https://grundoscafe.b-cdn.net/items/food_quiggle_strawcook.gif,65,item
Strawberry Cybunny Cake,https://grundoscafe.b-cdn.net/items/food_cybunny_jellycake_pink.gif,65,item
Strawberry Ice Cream,https://grundoscafe.b-cdn.net/items/strawberryicecream.gif,65,item
Striped Balloons,https://grundoscafe.b-cdn.net/items/battle_crazyballons.gif,65,item
Sugar Coated Lupe Treat,https://grundoscafe.b-cdn.net/items/lupe_treat5.gif,65,item
Techo Says - The Book,https://grundoscafe.b-cdn.net/items/book_techocarguide.gif,65,item
The Great Cybunny Theft,https://grundoscafe.b-cdn.net/items/book_cybunny_theft.gif,65,item
The Yellow Lutari,https://grundoscafe.b-cdn.net/items/boo_lutari_yellow.gif,65,item
Thornberry Crepe,https://grundoscafe.b-cdn.net/items/food_crepe_thorn.gif,65,item
Thornberry Tea,https://grundoscafe.b-cdn.net/items/coff_peachycuppa.gif,65,item
Toffee Classic,https://grundoscafe.b-cdn.net/items/toffee.gif,65,item
Tomamu,https://grundoscafe.b-cdn.net/items/tomamu_white.gif,65,item
Tongue Shrinker,https://grundoscafe.b-cdn.net/items/lightblueinjection.gif,65,item
Trillium,https://grundoscafe.b-cdn.net/items/gar_trillium_red.gif,65,item
Usuki Dream Wardrobe,https://grundoscafe.b-cdn.net/items/usuki_ward.gif,65,item
Wheat Bread Hot Dog,https://grundoscafe.b-cdn.net/items/hotdog_wheat.gif,65,item
White Chocolate Elephante,https://grundoscafe.b-cdn.net/items/can_elephante_whitechocolate.gif,65,item
White Chocolate Flotsam,https://grundoscafe.b-cdn.net/items/can_flotsam_whitechoc.gif,65,item
White Chocolate Grarrl,https://grundoscafe.b-cdn.net/items/can_grarrl_whitechoc.gif,65,item
Wishing Well Stamp,https://grundoscafe.b-cdn.net/items/stamp_neo_well.gif,65,item
Wrapping Supplies,https://grundoscafe.b-cdn.net/items/wrap_giftshop.gif,65,item
Yellow Gnorbu Plushie,https://grundoscafe.b-cdn.net/items/toy_gnorbu_yellow.gif,65,item
Yellow Pteri Plushie,https://grundoscafe.b-cdn.net/items/toy_pteri_yellow.gif,65,item
Yellow Xweetok Plushie,https://grundoscafe.b-cdn.net/items/toy_xweetok_yellow.gif,65,item
Zeenana Cappuccino,https://grundoscafe.b-cdn.net/items/coffee9.gif,65,item
Acara Battle Book,https://grundoscafe.b-cdn.net/items/book_acara_battle.gif,66,item
Acara Compact Blush,https://grundoscafe.b-cdn.net/items/gro_acara_compact.gif,66,item
Accelerator Helmet,https://grundoscafe.b-cdn.net/items/bd_spa_helmetpurple.gif,66,item
Aisha Toffee Apple,https://grundoscafe.b-cdn.net/items/foo_aisha_carmapple.gif,66,item
Black Eye Shadow,https://grundoscafe.b-cdn.net/items/clo_shadow_eye_black.gif,66,item
Blue JubJub Plushie,https://grundoscafe.b-cdn.net/items/toy_jubjub_plushie4.gif,66,item
Blue Koi Keyring,https://grundoscafe.b-cdn.net/items/keychain_bluekoi.gif,66,item
Blue Ogrin Plushie,https://grundoscafe.b-cdn.net/items/toy_ogrin_blue.gif,66,item
Buzzer Cupcake,https://grundoscafe.b-cdn.net/items/foo_buzzer_cupcake.gif,66,item
Cactopus,https://grundoscafe.b-cdn.net/items/d_food29.gif,66,item
Caramel Techo Cookie,https://grundoscafe.b-cdn.net/items/choc_techo5.gif,66,item
Chocolate Coated Fish Pop,https://grundoscafe.b-cdn.net/items/gross_fishchoc.gif,66,item
Curvy Book Shelf,https://grundoscafe.b-cdn.net/items/funky_bookshelf.gif,66,item
Cybunny Diary,https://grundoscafe.b-cdn.net/items/book_cybunny_journal.gif,66,item
Dung Box,https://grundoscafe.b-cdn.net/items/dung_07.gif,66,item
Flatfruit Brucicle,https://grundoscafe.b-cdn.net/items/foo_brucicle_flatfruit.gif,66,item
Flower Necklace,https://grundoscafe.b-cdn.net/items/gif_flowery_necklace.gif,66,item
Gardenias,https://grundoscafe.b-cdn.net/items/plant_gardenias.gif,66,item
Grapefruit Gelert Lollypop,https://grundoscafe.b-cdn.net/items/can_gelert_lollyyellow.gif,66,item
Grape Gummy Gem,https://grundoscafe.b-cdn.net/items/can_gummy_gem.gif,66,item
Green Pteri Plushie,https://grundoscafe.b-cdn.net/items/toy_pteri_green.gif,66,item
Green Thumb Guide,https://grundoscafe.b-cdn.net/items/book_greenthumb.gif,66,item
Grey Pteri Plushie,https://grundoscafe.b-cdn.net/items/plu_pteri_grey.gif,66,item
Gruish Melon,https://grundoscafe.b-cdn.net/items/gad_fruit1.gif,66,item
Hail Mote,https://grundoscafe.b-cdn.net/items/newmote7.gif,66,item
Honeydew Melon,https://grundoscafe.b-cdn.net/items/foo_honeydew.gif,66,item
Hopso,https://grundoscafe.b-cdn.net/items/hopso.gif,66,item
Hot Lime Jelly,https://grundoscafe.b-cdn.net/items/food_jelly_pepper.gif,66,item
Kacheek Spring Toy,https://grundoscafe.b-cdn.net/items/toy_kacheek_spring.gif,66,item
Keergo,https://grundoscafe.b-cdn.net/items/greentradingcardback.gif,66,item
Ketchup Bottle Pen,https://grundoscafe.b-cdn.net/items/sch_ketchup_pen.gif,66,item
Lenny Strawberry Ice Cream,https://grundoscafe.b-cdn.net/items/foo_lennycream_straw.gif,66,item
Lenny Vegetable Soup,https://grundoscafe.b-cdn.net/items/foo_lennysoup_veg.gif,66,item
Lilacs,https://grundoscafe.b-cdn.net/items/gar_lilacs.gif,66,item
Luperus,https://grundoscafe.b-cdn.net/items/greentradingcardback.gif,66,item
Lutari Water Balloons,https://grundoscafe.b-cdn.net/items/toy_lutari_waterballoons.gif,66,item
Mega Carmelon Smoothie,https://grundoscafe.b-cdn.net/items/smo_carrot_melon.gif,66,item
Milk Chocolate Kougra Paw,https://grundoscafe.b-cdn.net/items/can_kougrapaw_milk.gif,66,item
My Garden Book,https://grundoscafe.b-cdn.net/items/book_mygarden.gif,66,item
Not-So-Disgusting Dung Uses,https://grundoscafe.b-cdn.net/items/bvb_dunguses.gif,66,item
Pineapple and Oranges,https://grundoscafe.b-cdn.net/items/foo_cny_pineapor.gif,66,item
Plains Aisha,https://grundoscafe.b-cdn.net/items/greentradingcardback.gif,66,item
Plastic Sword,https://grundoscafe.b-cdn.net/items/toy_sword.gif,66,item
Psimouse,https://grundoscafe.b-cdn.net/items/scarypet_andy_eyes.gif,66,item
Puppyblew,https://grundoscafe.b-cdn.net/items/pets_blew.gif,66,item
Rag Mynci Plushie,https://grundoscafe.b-cdn.net/items/toy_rag_mynci.gif,66,item
Red Cybunny Plushie,https://grundoscafe.b-cdn.net/items/toy_red_cybunny.gif,66,item
Red Gnome Shroom,https://grundoscafe.b-cdn.net/items/gnomeshroom.gif,66,item
Red Gnorbu Plushie,https://grundoscafe.b-cdn.net/items/toy_gnorbu_red.gif,66,item
Red Origami Gelert,https://grundoscafe.b-cdn.net/items/red_origami_toy.gif,66,item
Red Uni Plushie,https://grundoscafe.b-cdn.net/items/toy_uni_plushie3.gif,66,item
Red Xweetok Plushie,https://grundoscafe.b-cdn.net/items/toy_xweetok_red.gif,66,item
Refreshing Kyrii Fountain,https://grundoscafe.b-cdn.net/items/gar_altadorfountain_kyrii.gif,66,item
Rustic Kougra Plushie,https://grundoscafe.b-cdn.net/items/tiki_plushcub.gif,66,item
Scorchio Melted Cheese Sandwich,https://grundoscafe.b-cdn.net/items/foo_scorchio_cheese.gif,66,item
Shadow Korbat Plushie,https://grundoscafe.b-cdn.net/items/plu_korbat_shadow.gif,66,item
Shifting Shadows My Pretty Uni,https://grundoscafe.b-cdn.net/items/mpu_shifting_shadow.gif,66,item
Shoyru Heroes,https://grundoscafe.b-cdn.net/items/bk_sho_3.gif,66,item
Smellyshroom,https://grundoscafe.b-cdn.net/items/mushroom11.gif,66,item
Space Spice,https://grundoscafe.b-cdn.net/items/spc_space_spice.gif,66,item
Speckled Hot Dog,https://grundoscafe.b-cdn.net/items/foo_speckled_hotdog.gif,66,item
Spinach Hot Dog,https://grundoscafe.b-cdn.net/items/food_spinachdog.gif,66,item
Springy Pinchit Toy,https://grundoscafe.b-cdn.net/items/pps_pinchit_springy.gif,66,item
Strawberry Grarrl Gummy,https://grundoscafe.b-cdn.net/items/can_gummygrarrl_pink.gif,66,item
Strawberry Sweet My Pretty Uni,https://grundoscafe.b-cdn.net/items/mpu_strawberry.gif,66,item
Super Toy Sailboat,https://grundoscafe.b-cdn.net/items/tiki_boat2.gif,66,item
Sweet Violets,https://grundoscafe.b-cdn.net/items/gar_violets.gif,66,item
Symol Water Bowl,https://grundoscafe.b-cdn.net/items/pps_symol_bowl.gif,66,item
The Lost Kau,https://grundoscafe.b-cdn.net/items/kau_book_lost.gif,66,item
Tigerbuggle Jam on Toast,https://grundoscafe.b-cdn.net/items/food_toast_tigerjam.gif,66,item
Tiny Flowers,https://grundoscafe.b-cdn.net/items/garden_tinyflowers.gif,66,item
Valentine Centerpiece,https://grundoscafe.b-cdn.net/items/fur_lovepetal_tabletop.gif,66,item
Veggie Flower Cracker,https://grundoscafe.b-cdn.net/items/ffo_cracker_veggie.gif,66,item
Wartroot Jelly Beans,https://grundoscafe.b-cdn.net/items/food_jellybeans03.gif,66,item
White Chocolate Kougra,https://grundoscafe.b-cdn.net/items/can_kougra_whitechoc.gif,66,item
Yellow Evil Fuzzle,https://grundoscafe.b-cdn.net/items/toy_evilfuzzle_yellow.gif,66,item
Yellow Mynci Puppet,https://grundoscafe.b-cdn.net/items/toy_myncipuppet_yellow.gif,66,item
Acara Hair Ties,https://grundoscafe.b-cdn.net/items/gro_acara_headbands.gif,67,item
Baked Apple with Custard,https://grundoscafe.b-cdn.net/items/food_b_apple_custard.gif,67,item
Blue Vinyl Hissi,https://grundoscafe.b-cdn.net/items/toy_hissivinyl.gif,67,item
Bori Bowl of Fruit,https://grundoscafe.b-cdn.net/items/foo_bori_fruit_medley.gif,67,item
Caramel Coated Pear,https://grundoscafe.b-cdn.net/items/food_carmpear.gif,67,item
Care of Chias,https://grundoscafe.b-cdn.net/items/book_chia2.gif,67,item
Chocolate Coated Pear,https://grundoscafe.b-cdn.net/items/food_chopear.gif,67,item
Chocolate Kougra Pudding,https://grundoscafe.b-cdn.net/items/foo_kougra_choco.gif,67,item
Citrus Cybunny Cake,https://grundoscafe.b-cdn.net/items/food_cybunny_jellycake_orange.gif,67,item
Coconut Dates,https://grundoscafe.b-cdn.net/items/alf_coconut_dates.gif,67,item
Count Von Roo,https://grundoscafe.b-cdn.net/items/greentradingcardback.gif,67,item
Crimson Ham,https://grundoscafe.b-cdn.net/items/food_crimsonham.gif,67,item
Date Milkshake,https://grundoscafe.b-cdn.net/items/foo_date_milkshake.gif,67,item
Ettaphant Feeding Station,https://grundoscafe.b-cdn.net/items/pps_ettaphant_bowl.gif,67,item
Eyrie Punching Bag,https://grundoscafe.b-cdn.net/items/toy_punchbag_eyrie.gif,67,item
Gemmy Beans,https://grundoscafe.b-cdn.net/items/can_gemmy_beans.gif,67,item
Glowing Gelert Lollypop,https://grundoscafe.b-cdn.net/items/can_gelert_lollyglowing.gif,67,item
Grape Grarrl Gummy,https://grundoscafe.b-cdn.net/items/can_gummygrarrl_purple.gif,67,item
Grarrg,https://grundoscafe.b-cdn.net/items/greentradingcardback.gif,67,item
Grarrl Cheese Slices,https://grundoscafe.b-cdn.net/items/foo_grarrl_cheeseslices.gif,67,item
Green Bruce Plushie,https://grundoscafe.b-cdn.net/items/toy_bruce_plushie2.gif,67,item
Green Gnorbu Plushie,https://grundoscafe.b-cdn.net/items/toy_gnorbu_green.gif,67,item
Green JubJub Plushie,https://grundoscafe.b-cdn.net/items/toy_jubjub_plushie3.gif,67,item
Green Lenny Plushie,https://grundoscafe.b-cdn.net/items/toy_lenny_plush4.gif,67,item
Green Poogle Gnome Balloon,https://grundoscafe.b-cdn.net/items/toy_flowerhug_balloon.gif,67,item
Grobleen Fruit Punch,https://grundoscafe.b-cdn.net/items/spc_grobleenfruitpunch.gif,67,item
Harris,https://grundoscafe.b-cdn.net/items/faerie_pet5.gif,67,item
Ice Milk Black Tea,https://grundoscafe.b-cdn.net/items/coff_icemilk_blacktea.gif,67,item
Kacheek Marshmallows on a Stick,https://grundoscafe.b-cdn.net/items/foo_kacheek_marshmallow.gif,67,item
Kau Comics,https://grundoscafe.b-cdn.net/items/book_kau_comics.gif,67,item
Kiko Gnome-in-the-box,https://grundoscafe.b-cdn.net/items/toy_gnomebox_kiko.gif,67,item
Koi Cookie,https://grundoscafe.b-cdn.net/items/food_koi_cookie.gif,67,item
Magic Wand Magnet,https://grundoscafe.b-cdn.net/items/gif_magnet_magicwand.gif,67,item
Mega Sweet Lemon Smoothie,https://grundoscafe.b-cdn.net/items/smo_honey_lemon.gif,67,item
Mint Chocolate Kougra Paw,https://grundoscafe.b-cdn.net/items/can_kougrapaw_mint.gif,67,item
Moehog Comic,https://grundoscafe.b-cdn.net/items/book_moehog_comic.gif,67,item
Mustard Bottle Glue,https://grundoscafe.b-cdn.net/items/sch_mustard_glue.gif,67,item
Orange Chocolate Kougra,https://grundoscafe.b-cdn.net/items/can_kougra_orangechoc.gif,67,item
Pirate Usuki Play Set,https://grundoscafe.b-cdn.net/items/usuki_pirateset.gif,67,item
Pitch Black Lipstick,https://grundoscafe.b-cdn.net/items/gro_black_lipstick.gif,67,item
Plushie Eyrie Plushie,https://grundoscafe.b-cdn.net/items/plu_eyrie_plushie.gif,67,item
Pteri Battle Manual,https://grundoscafe.b-cdn.net/items/book_pteri1.gif,67,item
Ptolymelon,https://grundoscafe.b-cdn.net/items/food_desert12.gif,67,item
Red Gummy Quiggles,https://grundoscafe.b-cdn.net/items/fd_quiggle_gumred.gif,67,item
Red Ogrin Plushie,https://grundoscafe.b-cdn.net/items/toy_ogrin_red.gif,67,item
Rock Candy,https://grundoscafe.b-cdn.net/items/food_rockcandy.gif,67,item
Scorchio Ham Sandwich,https://grundoscafe.b-cdn.net/items/foo_scorchio_sandwichham.gif,67,item
Senator Barca,https://grundoscafe.b-cdn.net/items/greentradingcardback.gif,67,item
Shoulder Armour,https://grundoscafe.b-cdn.net/items/space_shoulder-aumor.gif,67,item
Smelly Skunk My Pretty Uni,https://grundoscafe.b-cdn.net/items/mpu_smelly_skunk.gif,67,item
Space-Fungused Cheese Cracker,https://grundoscafe.b-cdn.net/items/spc_spacefunguscheese.gif,67,item
Sparkling Flotsam Fountain,https://grundoscafe.b-cdn.net/items/gar_altadorfountain_flotsam.gif,67,item
Spooky Stories,https://grundoscafe.b-cdn.net/items/book_scary_stories.gif,67,item
Starry Scorchio Cupcake,https://grundoscafe.b-cdn.net/items/bak_starscorch_cupcake.gif,67,item
Strawberry Kougra Pudding,https://grundoscafe.b-cdn.net/items/foo_kougra_strawberry.gif,67,item
Striped Hammer,https://grundoscafe.b-cdn.net/items/battle_crazyhammer.gif,67,item
Supersize Mega Ultra Plus,https://grundoscafe.b-cdn.net/items/bm_supersize.gif,67,item
The Faerie Queen Burrito,https://grundoscafe.b-cdn.net/items/faerie_food_borrito.gif,67,item
Tomato Shoyru Meatball,https://grundoscafe.b-cdn.net/items/food_shoyball_sauce.gif,67,item
Twirly Fruit Brucicle,https://grundoscafe.b-cdn.net/items/foo_brucicle_twirly.gif,67,item
Vanilla Koi Biscuit,https://grundoscafe.b-cdn.net/items/bak_koi_cookievan.gif,67,item
Whole Wheat Flower Cracker,https://grundoscafe.b-cdn.net/items/ffo_cracker_wholewheat.gif,67,item
Wintermelon,https://grundoscafe.b-cdn.net/items/foo_wintermelon.gif,67,item
Yellow Koi Plushie,https://grundoscafe.b-cdn.net/items/toy_koi_plush3.gif,67,item
Yellow Lenny Plushie,https://grundoscafe.b-cdn.net/items/toy_lenny_plush1.gif,67,item
Yellow Uni Plushie,https://grundoscafe.b-cdn.net/items/toy_uni_plushie2.gif,67,item
Zafara Music,https://grundoscafe.b-cdn.net/items/book_zafaramusic.gif,67,item
2 Gallon Hatz,https://grundoscafe.b-cdn.net/items/greentradingcardback.gif,68,item
Acaras Waterproof Lotion,https://grundoscafe.b-cdn.net/items/gro_acara_waterprooflotion.gif,68,item
Aisha Board Game,https://grundoscafe.b-cdn.net/items/aishas_boardgame.gif,68,item
Assorted Gummy Quiggles,https://grundoscafe.b-cdn.net/items/fd_quiggle_gumasso.gif,68,item
Basic Wooden Shield,https://grundoscafe.b-cdn.net/items/bd_basicshield.gif,68,item
Battle!,https://grundoscafe.b-cdn.net/items/book_kougrabattle.gif,68,item
Beast Burger,https://grundoscafe.b-cdn.net/items/foo_beastburger.gif,68,item
Black Currant Nimmo Bites,https://grundoscafe.b-cdn.net/items/fo_nimmo_bitespurple.gif,68,item
Black Tea,https://grundoscafe.b-cdn.net/items/coff_tea_black.gif,68,item
Blue Gnorbu Plushie,https://grundoscafe.b-cdn.net/items/toy_gnorbu_blue.gif,68,item
Blue Lenny Plushie,https://grundoscafe.b-cdn.net/items/toy_lenny_plush3.gif,68,item
Bori Cheese Sandwich,https://grundoscafe.b-cdn.net/items/foo_bori_sandwich_plate.gif,68,item
Bottle of Love,https://grundoscafe.b-cdn.net/items/gift_val_bottle.gif,68,item
Carved Seashell,https://grundoscafe.b-cdn.net/items/tiki_carved_shell.gif,68,item
Cheese Flower Cracker,https://grundoscafe.b-cdn.net/items/ffo_cracker_cheese.gif,68,item
Cheesy Shoyru Meatball,https://grundoscafe.b-cdn.net/items/food_shoyball_cheese.gif,68,item
Chocolate Covered Lime Gummy Gem,https://grundoscafe.b-cdn.net/items/can_choc_gem.gif,68,item
Chocolate Mint Kougra,https://grundoscafe.b-cdn.net/items/can_kougra_mintchoc.gif,68,item
Chokato Kougra Pudding,https://grundoscafe.b-cdn.net/items/foo_kougra_chokato.gif,68,item
Cotton Tales,https://grundoscafe.b-cdn.net/items/book_cybunny_cotton.gif,68,item
Cratered Pastry,https://grundoscafe.b-cdn.net/items/spc_spacetry.gif,68,item
Curvy Recliner,https://grundoscafe.b-cdn.net/items/funky_italian_recliner.gif,68,item
Deep-Fried Space Rocks,https://grundoscafe.b-cdn.net/items/spc_deepfriedspacerocks.gif,68,item
Doodle Bubble Tea,https://grundoscafe.b-cdn.net/items/doodle_bubble_tea.gif,68,item
Downsize!,https://grundoscafe.b-cdn.net/items/bd_downsize.gif,68,item
Dried Bamboo Table,https://grundoscafe.b-cdn.net/items/bamb_table.gif,68,item
Dung Basket,https://grundoscafe.b-cdn.net/items/dung_06.gif,68,item
Electric Notebook,https://grundoscafe.b-cdn.net/items/sch_notebook_electric.gif,68,item
Eyrie Style,https://grundoscafe.b-cdn.net/items/book_eyrie_style.gif,68,item
Fiery Faerie Chicken Nuggets,https://grundoscafe.b-cdn.net/items/faerie_food_nuggets.gif,68,item
Gelert Sticky Rice Cake,https://grundoscafe.b-cdn.net/items/foo_cny_ricegel.gif,68,item
Ghost Pancakes,https://grundoscafe.b-cdn.net/items/food_spooky_pancake.gif,68,item
Giant Grackle Bug,https://grundoscafe.b-cdn.net/items/greentradingcardback.gif,68,item
Grarrl Crackers,https://grundoscafe.b-cdn.net/items/foo_grarrl_crackers.gif,68,item
Grunion,https://grundoscafe.b-cdn.net/items/gadgads_grunion.gif,68,item
Icy Negg,https://grundoscafe.b-cdn.net/items/ice_negg.gif,68,item
Knowing Moehogs,https://grundoscafe.b-cdn.net/items/book_moehog1.gif,68,item
Koi Pop-Up Book,https://grundoscafe.b-cdn.net/items/book_koi_baby.gif,68,item
Korbats Lab Card,https://grundoscafe.b-cdn.net/items/greentradingcardback.gif,68,item
Krawks I Have Known,https://grundoscafe.b-cdn.net/items/book_krawk_krawks_known.gif,68,item
Kyruggi,https://grundoscafe.b-cdn.net/items/greentradingcardback.gif,68,item
Lemon Grarrl Gummy,https://grundoscafe.b-cdn.net/items/can_gummygrarrl_yellow.gif,68,item
Lemon Slushie,https://grundoscafe.b-cdn.net/items/slush_lemon.gif,68,item
Lime Faerie Bubble,https://grundoscafe.b-cdn.net/items/faerie_food_lime.gif,68,item
Meekins,https://grundoscafe.b-cdn.net/items/faerie_pet10.gif,68,item
Meerca Cinnamon Bun,https://grundoscafe.b-cdn.net/items/foo_meerca_bun.gif,68,item
Mega Peagurt Smoothie,https://grundoscafe.b-cdn.net/items/smo_yogurt_pea.gif,68,item
Milk Chocolate Jetsam,https://grundoscafe.b-cdn.net/items/can_jetsam_milkchoc.gif,68,item
Moehog Hoof Pad,https://grundoscafe.b-cdn.net/items/battledome_spikedhoof.gif,68,item
Nucifera,https://grundoscafe.b-cdn.net/items/greentradingcardback.gif,68,item
Orange Evil Fuzzle,https://grundoscafe.b-cdn.net/items/toy_evilfuzzle_orange.gif,68,item
Orange Faerie Bubble,https://grundoscafe.b-cdn.net/items/faerie_food_orange.gif,68,item
Oyster Salad,https://grundoscafe.b-cdn.net/items/waterfood_oyster_salad.gif,68,item
Peanut Butter and Jam Shield,https://grundoscafe.b-cdn.net/items/bd_shield_pbandj.gif,68,item
Peophin MD,https://grundoscafe.b-cdn.net/items/book_peophin3.gif,68,item
Pepperoni and Mushroom Pizza,https://grundoscafe.b-cdn.net/items/pizza_14.gif,68,item
Pink Cyclamen,https://grundoscafe.b-cdn.net/items/gar_cyclamen.gif,68,item
Pizza Pasty,https://grundoscafe.b-cdn.net/items/food_pasty_3.gif,68,item
Plain Black Sunglasses,https://grundoscafe.b-cdn.net/items/clo_sunglass1.gif,68,item
Polarchuck Brush,https://grundoscafe.b-cdn.net/items/polarchuck_brush.gif,68,item
Pop-Up Skeith,https://grundoscafe.b-cdn.net/items/book_skeithchildrens.gif,68,item
Princess Fernypoo,https://grundoscafe.b-cdn.net/items/greentradingcardback.gif,68,item
Pteri Games,https://grundoscafe.b-cdn.net/items/book_pteri3.gif,68,item
Pumpkin Spice Soap,https://grundoscafe.b-cdn.net/items/gro_spiceinfused_soap.gif,68,item
Red Bruce Plushie,https://grundoscafe.b-cdn.net/items/toy_bruce_plushie3.gif,68,item
Red JubJub Plushie,https://grundoscafe.b-cdn.net/items/toy_jubjub_plushie2.gif,68,item
Red Koi Plushie,https://grundoscafe.b-cdn.net/items/toy_koi_plush2.gif,68,item
Red Korbat Keyring,https://grundoscafe.b-cdn.net/items/keychain_redkorbat.gif,68,item
Red Lenny Plushie,https://grundoscafe.b-cdn.net/items/toy_lenny_plush2.gif,68,item
Robot Grundo Sugar Cookie,https://grundoscafe.b-cdn.net/items/bak_biscuit_grundorobot.gif,68,item
Rock Mote,https://grundoscafe.b-cdn.net/items/newmote4.gif,68,item
Sand Strawberry,https://grundoscafe.b-cdn.net/items/food_desert43.gif,68,item
Scratching Post,https://grundoscafe.b-cdn.net/items/scratchingpost.gif,68,item
Scribble Negg,https://grundoscafe.b-cdn.net/items/scribble_negg.gif,68,item
Shocket,https://grundoscafe.b-cdn.net/items/rpp_petpet2.gif,68,item
Slorg Flakes Stamp,https://grundoscafe.b-cdn.net/items/sta_bd_slorgflakes.gif,68,item
Sourmelon Brew,https://grundoscafe.b-cdn.net/items/coff_sourmelon.gif,68,item
Sparkly Green Paint,https://grundoscafe.b-cdn.net/items/school_31.gif,68,item
Specktacular Speckled My Pretty Uni,https://grundoscafe.b-cdn.net/items/mpu_spectacular_speckled.gif,68,item
Squeezy Toothbrush,https://grundoscafe.b-cdn.net/items/toothbrush_stripe.gif,68,item
Strawberry Jelly Usul,https://grundoscafe.b-cdn.net/items/choc_jelly_usul.gif,68,item
Strawberry Koi Biscuit,https://grundoscafe.b-cdn.net/items/bak_koi_cookiestraw.gif,68,item
Summertime Connect-the-Dots,https://grundoscafe.b-cdn.net/items/boo_summer_dot.gif,68,item
Super Shiny Shampoo,https://grundoscafe.b-cdn.net/items/groom_super_shine.gif,68,item
Tchea Brucicle,https://grundoscafe.b-cdn.net/items/foo_brucicle_tchea.gif,68,item
Tears of the Water Faerie,https://grundoscafe.b-cdn.net/items/pot_waterfaerietears.gif,68,item
The Kau Cookbook,https://grundoscafe.b-cdn.net/items/book_kau_cookbook.gif,68,item
The Legend of Count von Roo,https://grundoscafe.b-cdn.net/items/bk_blu_5.gif,68,item
Usuki Dream Castle,https://grundoscafe.b-cdn.net/items/usuki_castle.gif,68,item
Vanilla Kougra Pudding,https://grundoscafe.b-cdn.net/items/foo_kougra_vanilla.gif,68,item
Watermelon,https://grundoscafe.b-cdn.net/items/foo_watermelon.gif,68,item
White Chocolate Kougra Paw,https://grundoscafe.b-cdn.net/items/can_kougrapaw_white.gif,68,item
Wriggling Grub,https://grundoscafe.b-cdn.net/items/grub.gif,68,item
Yellow Gummy Quiggles,https://grundoscafe.b-cdn.net/items/fd_quiggle_gumyell.gif,68,item
Zobamints,https://grundoscafe.b-cdn.net/items/plant_zobamints.gif,68,item
Basic Shield of Flight,https://grundoscafe.b-cdn.net/items/bd_flyingshield.gif,69,item
BOO Window,https://grundoscafe.b-cdn.net/items/bvw_scary_eyes.gif,69,item
Brightvale Guide to Stained Glass Windows,https://grundoscafe.b-cdn.net/items/bvb_123EZstainglass.gif,69,item
Chen-Ra Son of the Sun,https://grundoscafe.b-cdn.net/items/greentradingcardback.gif,69,item
Cloudy Wocky Days,https://grundoscafe.b-cdn.net/items/book_wocky2002_3.gif,69,item
Cream Filled Chocolate Koi Biscuit,https://grundoscafe.b-cdn.net/items/bak_koi_cookiesandwich.gif,69,item
Desert Arrow Launcher,https://grundoscafe.b-cdn.net/items/bd_desert_arrow.gif,69,item
Deviled Delight,https://grundoscafe.b-cdn.net/items/food_devileddelight.gif,69,item
Dung Table,https://grundoscafe.b-cdn.net/items/dung_09.gif,69,item
Golden Juppie Delight,https://grundoscafe.b-cdn.net/items/coffee14.gif,69,item
Gooseberries,https://grundoscafe.b-cdn.net/items/food_goose_berry.gif,69,item
Grarrl Picture Book,https://grundoscafe.b-cdn.net/items/book_grarrl_pict.gif,69,item
Guardian of Shock Magic,https://grundoscafe.b-cdn.net/items/greentradingcardback.gif,69,item
Gummy Gem Cupcake,https://grundoscafe.b-cdn.net/items/bak_gem_cupcake.gif,69,item
How to Make Papyrus,https://grundoscafe.b-cdn.net/items/book_des3.gif,69,item
Kacheek Cheeseburger,https://grundoscafe.b-cdn.net/items/foo_kacheek_cheeseburger.gif,69,item
Koi Flakes,https://grundoscafe.b-cdn.net/items/food_koi_fishfood.gif,69,item
Krawk Clacker,https://grundoscafe.b-cdn.net/items/toy_krawk_clackers.gif,69,item
Meerca Fruit Burger,https://grundoscafe.b-cdn.net/items/foo_meerca_burger.gif,69,item
Milk Chocolate Kougra,https://grundoscafe.b-cdn.net/items/can_kougra_milkchoc.gif,69,item
Ogrin Fruit Salad,https://grundoscafe.b-cdn.net/items/foo_ogrinfruitsalad.gif,69,item
Orange Spanner Jelly,https://grundoscafe.b-cdn.net/items/food_jelly_wrench.gif,69,item
Rainbow Elephante Toy,https://grundoscafe.b-cdn.net/items/toy_rainbowelephante.gif,69,item
Raspberry Gummy Skeith Tail,https://grundoscafe.b-cdn.net/items/food_skeith_jellytail1.gif,69,item
Skullberry Brucicle,https://grundoscafe.b-cdn.net/items/foo_brucicle_skullberry.gif,69,item
Split Grundo Keychain,https://grundoscafe.b-cdn.net/items/grundo_keychainsplit.gif,69,item
Strong Mints,https://grundoscafe.b-cdn.net/items/food_strongmints.gif,69,item
Yellow Kiko Balloon,https://grundoscafe.b-cdn.net/items/goodies_balloon5.gif,69,item
100 Percent Fake Vintage Uni Mask,https://grundoscafe.b-cdn.net/items/uni_vintage.gif,70,item
A Buzz Life,https://grundoscafe.b-cdn.net/items/book_buzzlife.gif,70,item
Acara Acrostics,https://grundoscafe.b-cdn.net/items/boo_acara_acrostics.gif,70,item
Acara Jelly Pops,https://grundoscafe.b-cdn.net/items/fd_acara_pops.gif,70,item
Advert Attack Stamp,https://grundoscafe.b-cdn.net/items/stamp_advert_attack.gif,70,item
After the Battle,https://grundoscafe.b-cdn.net/items/faeriebook_afterthebattle.gif,70,item
Air Faerie Backpack,https://grundoscafe.b-cdn.net/items/sch_faerie_airbackpack.gif,70,item
Aisha Hot Chocolate,https://grundoscafe.b-cdn.net/items/food_aisha_cocoa.gif,70,item
Anubis,https://grundoscafe.b-cdn.net/items/pet_des_6.gif,70,item
Apple Fruit Pancakes,https://grundoscafe.b-cdn.net/items/foo_pancakes_apple.gif,70,item
Apple Krawk Lollypop,https://grundoscafe.b-cdn.net/items/can_lolli_krawk.gif,70,item
Archmagus of Roo Stamp,https://grundoscafe.b-cdn.net/items/stamp_neoquest_archmagusroo.gif,70,item
Arts and Crafts With Lupes,https://grundoscafe.b-cdn.net/items/book_lupe3.gif,70,item
Attack of the Giant Space Fungus,https://grundoscafe.b-cdn.net/items/bbo_space_fungus.gif,70,item
Auto Targeting Telescope,https://grundoscafe.b-cdn.net/items/bd_telescope.gif,70,item
Baby Bruce Squeaky Toy,https://grundoscafe.b-cdn.net/items/toy_bbruce_squeaky.gif,70,item
Baby Moehogs,https://grundoscafe.b-cdn.net/items/book_moehog_stories.gif,70,item
Baby Shoyru Baby Bottle,https://grundoscafe.b-cdn.net/items/food_shoyru_bottle.gif,70,item
Bacon and Beans Jacket Potato,https://grundoscafe.b-cdn.net/items/food_tater4.gif,70,item
Baked Apple with Tigerbuggle Sauce,https://grundoscafe.b-cdn.net/items/food_b_apple_tiger.gif,70,item
Banana Roll,https://grundoscafe.b-cdn.net/items/food_bananarolls.gif,70,item
Bananas the Mynci Way,https://grundoscafe.b-cdn.net/items/book_mynci2.gif,70,item
Basic Pen,https://grundoscafe.b-cdn.net/items/sch_pen.gif,70,item
Basketball,https://grundoscafe.b-cdn.net/items/basketball.gif,70,item
Battle Muffin,https://grundoscafe.b-cdn.net/items/bd_muffin.gif,70,item
Beautiful Bride Usuki,https://grundoscafe.b-cdn.net/items/doll_usul_8.gif,70,item
Being Stinky,https://grundoscafe.b-cdn.net/items/book_jetsom_stinky.gif,70,item
Beyond Neopia,https://grundoscafe.b-cdn.net/items/bbo_beyond_neopia.gif,70,item
Blobbule,https://grundoscafe.b-cdn.net/items/gadgad_fruit1_2003.gif,70,item
Blorpulous,https://grundoscafe.b-cdn.net/items/blorpulous_green.gif,70,item
Blue Aisha Plushie,https://grundoscafe.b-cdn.net/items/toy_aisha_plushie1.gif,70,item
Blue and Green Hair Tie,https://grundoscafe.b-cdn.net/items/groom_uni_hairtie.gif,70,item
Blue and Orange Drawer,https://grundoscafe.b-cdn.net/items/funky_blue_drawer.gif,70,item
Blueberry Zafara Shaved Ice,https://grundoscafe.b-cdn.net/items/babyblueberry_zaf_shavedice.gif,70,item
Blue Fuzzle,https://grundoscafe.b-cdn.net/items/toy_bluefuzzle.gif,70,item
Blue Skateboard,https://grundoscafe.b-cdn.net/items/blueskateboard.gif,70,item
Blue Stocking,https://grundoscafe.b-cdn.net/items/stocking_blue.gif,70,item
Blue Toy Car,https://grundoscafe.b-cdn.net/items/bluetoycar.gif,70,item
Blue Usul Plushie,https://grundoscafe.b-cdn.net/items/toy_blueusul.gif,70,item
Book Shop Nimmo Stamp,https://grundoscafe.b-cdn.net/items/stamp_neo_book.gif,70,item
"Brack, Cactus Farmer",https://grundoscafe.b-cdn.net/items/greentradingcardback.gif,70,item
Bran Boulders,https://grundoscafe.b-cdn.net/items/cereal_3.gif,70,item
Brown JubJub Plushie,https://grundoscafe.b-cdn.net/items/toy_jubjub_brown.gif,70,item
Burgundy Grundo Plushie,https://grundoscafe.b-cdn.net/items/toy_grundo_red.gif,70,item
Cabbage Doughnut,https://grundoscafe.b-cdn.net/items/food_cab_dough.gif,70,item
Caramel Flavoured Kougra Milk,https://grundoscafe.b-cdn.net/items/food_kougra_milk.gif,70,item
Caramel Moehog Hoof,https://grundoscafe.b-cdn.net/items/food_hog_on_stick.gif,70,item
Caramel Mynci Apple,https://grundoscafe.b-cdn.net/items/food_mynci_apple.gif,70,item
Catamara,https://grundoscafe.b-cdn.net/items/isl_petpet13.gif,70,item
Chamomile Tea,https://grundoscafe.b-cdn.net/items/tea3.gif,70,item
Cheese Covered Pretzel,https://grundoscafe.b-cdn.net/items/food_cheesypretzel.gif,70,item
Cheese Ghostkersandwich,https://grundoscafe.b-cdn.net/items/foo_ghostkerchief_cheese.gif,70,item
Cheese Sandwich,https://grundoscafe.b-cdn.net/items/cheesesandwich.gif,70,item
Cherryberry Krawkade,https://grundoscafe.b-cdn.net/items/food_krawkade_cherry.gif,70,item
Cherry Peophin Lollypop,https://grundoscafe.b-cdn.net/items/food_peophin_lolly2.gif,70,item
Cherry-tastic Faerie Pie,https://grundoscafe.b-cdn.net/items/faerie_food_pie.gif,70,item
Chewing Dung,https://grundoscafe.b-cdn.net/items/gross_chewingdung.gif,70,item
Chewy Licorice Aisha Ears,https://grundoscafe.b-cdn.net/items/candy_aishaearsblack.gif,70,item
Chocolate Cherry Moehog,https://grundoscafe.b-cdn.net/items/food_chocmoehog2.gif,70,item
Chocolate Chip Kyrii Cookie,https://grundoscafe.b-cdn.net/items/food_kyrii_choccook.gif,70,item
Chocolate Cybunny Paw,https://grundoscafe.b-cdn.net/items/food_cychoc_paw.gif,70,item
Chocolate Dipped Pteri Tail,https://grundoscafe.b-cdn.net/items/food_pteritail.gif,70,item
Chocolate Kau Cream Cake,https://grundoscafe.b-cdn.net/items/fo_kaupie_brown.gif,70,item
Chocolate Koi Biscuit,https://grundoscafe.b-cdn.net/items/bak_koi_cookiechoc.gif,70,item
Chocolate Marshmallow Pasty,https://grundoscafe.b-cdn.net/items/food_pasty_5.gif,70,item
Chocolate Moehog Tower Cake,https://grundoscafe.b-cdn.net/items/bak_moehog_towercake.gif,70,item
Chocolate Negg,https://grundoscafe.b-cdn.net/items/negg_chocolate.gif,70,item
Chocolate Parsnip,https://grundoscafe.b-cdn.net/items/food_chocolateparsnip.gif,70,item
Chocolate Silver Coins,https://grundoscafe.b-cdn.net/items/food_silvercoins.gif,70,item
Chocolate Techo Cookie,https://grundoscafe.b-cdn.net/items/food_techo_chochead.gif,70,item
Choco-Strawberry Techo Cookie,https://grundoscafe.b-cdn.net/items/choc_techo3.gif,70,item
Choco-Vanilla Korbat Cake,https://grundoscafe.b-cdn.net/items/food_korbatcake1.gif,70,item
Chomby Pop-Up Book,https://grundoscafe.b-cdn.net/items/book_chomby_popup.gif,70,item
Christmas Chia Hand Puppet,https://grundoscafe.b-cdn.net/items/toy_chia_puppet.gif,70,item
Christmas Uni Stamp,https://grundoscafe.b-cdn.net/items/sta_christmasuni.gif,70,item
Cirrus,https://grundoscafe.b-cdn.net/items/faerie_pet4.gif,70,item
Coconut Stand,https://grundoscafe.b-cdn.net/items/co_stand.gif,70,item
Colourful Cybunny Cookie,https://grundoscafe.b-cdn.net/items/cook_cy_sprinkle.gif,70,item
Colouring Flowers,https://grundoscafe.b-cdn.net/items/garden_coloring_flowers.gif,70,item
Crown Roast Beef,https://grundoscafe.b-cdn.net/items/space_meal.gif,70,item
Curious Korbats,https://grundoscafe.b-cdn.net/items/book_korbatbook.gif,70,item
Curious Moehog Gnome,https://grundoscafe.b-cdn.net/items/fu_gnome_moehog.gif,70,item
Cybunny Carols,https://grundoscafe.b-cdn.net/items/boo_cybunny_carols.gif,70,item
Cybunny Cookie Making,https://grundoscafe.b-cdn.net/items/book_cybunny_cookie.gif,70,item
Darigan Angelpuss Action Figure,https://grundoscafe.b-cdn.net/items/dto_angelpuss_figure.gif,70,item
Darigan Pteri Puzzle,https://grundoscafe.b-cdn.net/items/toy_darigan_pteri_puzzle.gif,70,item
Defence for Elephantes,https://grundoscafe.b-cdn.net/items/book_ele_def.gif,70,item
Deluxe Set of Colouring Pencils,https://grundoscafe.b-cdn.net/items/toy_setofpencils.gif,70,item
Devilpuss,https://grundoscafe.b-cdn.net/items/angelpuss_devilpuss.gif,70,item
Doodleshroom,https://grundoscafe.b-cdn.net/items/doodleshroom.gif,70,item
Drawing Pencil,https://grundoscafe.b-cdn.net/items/toy_drawingpencil.gif,70,item
Dried Bamboo Bed,https://grundoscafe.b-cdn.net/items/bamb_bed.gif,70,item
Eeby Deebie Tablets,https://grundoscafe.b-cdn.net/items/hoochie_coochie_cure.gif,70,item
Esophagor Stamp,https://grundoscafe.b-cdn.net/items/stamp_hal_esoph.gif,70,item
Ettaphant Petpet Bed,https://grundoscafe.b-cdn.net/items/pps_ettaphant_bed.gif,70,item
Evil Snowflake,https://grundoscafe.b-cdn.net/items/bd_snowflake_evil.gif,70,item
Evil Spells,https://grundoscafe.b-cdn.net/items/book_scary_green.gif,70,item
Eyrie Scrapbook,https://grundoscafe.b-cdn.net/items/book_eyrie_scrap.gif,70,item
Eyrie Sushi,https://grundoscafe.b-cdn.net/items/foo_eyrie_sushi.gif,70,item
Eyrie Tangellapop,https://grundoscafe.b-cdn.net/items/can_eyrie_orangepop.gif,70,item
Faerie Colouring Book,https://grundoscafe.b-cdn.net/items/fbo_faerie_colouring_book.gif,70,item
Faerie Kougra Claw Polish,https://grundoscafe.b-cdn.net/items/faerie_kougra_polish.gif,70,item
Faerie Pastry,https://grundoscafe.b-cdn.net/items/food_faerie_pastry.gif,70,item
Faerie Portrait,https://grundoscafe.b-cdn.net/items/magic_portrait-01.gif,70,item
Faerie Slingshot Stamp,https://grundoscafe.b-cdn.net/items/sta_bd_slingshot.gif,70,item
Fake Uni Hat,https://grundoscafe.b-cdn.net/items/toy_fake_uni_hat.gif,70,item
Falling Leaves,https://grundoscafe.b-cdn.net/items/faeriebook_fallingleaves.gif,70,item
Fashion For Krawks,https://grundoscafe.b-cdn.net/items/book_krawk_fashion.gif,70,item
Felly Jelly Rainbow Candy,https://grundoscafe.b-cdn.net/items/can_fellyjelly_rainbow.gif,70,item
Fire Faerie Backpack,https://grundoscafe.b-cdn.net/items/sch_faerie_firebackpack.gif,70,item
Flexible Pencil,https://grundoscafe.b-cdn.net/items/sch_pencil_flex.gif,70,item
Flotsam Fables,https://grundoscafe.b-cdn.net/items/book_flotsam_note.gif,70,item
Flotsam Flakes,https://grundoscafe.b-cdn.net/items/food_flotsam_flakes.gif,70,item
Flotsam Party Ideas,https://grundoscafe.b-cdn.net/items/boo_flotsam_party.gif,70,item
Flower Picking Xweetok Gnome,https://grundoscafe.b-cdn.net/items/gar_xweetok_flower.gif,70,item
Flying Saucers,https://grundoscafe.b-cdn.net/items/food_flyingsaucers.gif,70,item
Freshly Tinned Carrots,https://grundoscafe.b-cdn.net/items/food_cyb_tinned.gif,70,item
Fruity Usul Acorns,https://grundoscafe.b-cdn.net/items/food_usul_acorns.gif,70,item
Funky Blue and Orange Drawer,https://grundoscafe.b-cdn.net/items/funky_drawer.gif,70,item
Fyoyo,https://grundoscafe.b-cdn.net/items/toy_fyora_yoyo.gif,70,item
Get Well Soon Card,https://grundoscafe.b-cdn.net/items/giftcard_getwell.gif,70,item
Gherkin Hot Dog,https://grundoscafe.b-cdn.net/items/hotdog_pickle.gif,70,item
Giant Leaf Curtains,https://grundoscafe.b-cdn.net/items/tyra_curtains.gif,70,item
Gingerbread Korbat,https://grundoscafe.b-cdn.net/items/gingerbread-bat.gif,70,item
Gingerbread Man,https://grundoscafe.b-cdn.net/items/gingerbread_man.gif,70,item
Glass Coffee Table,https://grundoscafe.b-cdn.net/items/glass_cofee_table.gif,70,item
Gooseberry Cupcake,https://grundoscafe.b-cdn.net/items/food_goose_cup.gif,70,item
Grackle Bug on a Stick,https://grundoscafe.b-cdn.net/items/food_desert1.gif,70,item
Grapefruit Neocola,https://grundoscafe.b-cdn.net/items/neocola_grapefruit.gif,70,item
Grapity Slushie,https://grundoscafe.b-cdn.net/items/slush_grapity.gif,70,item
Grarrl Keno Card,https://grundoscafe.b-cdn.net/items/greentradingcardback.gif,70,item
Great Grarrl Adventures,https://grundoscafe.b-cdn.net/items/boo_grarrl_head.gif,70,item
Greeble,https://grundoscafe.b-cdn.net/items/pets_froggy.gif,70,item
Green Carnations,https://grundoscafe.b-cdn.net/items/gar_carnations_green.gif,70,item
Green Evil Fuzzle,https://grundoscafe.b-cdn.net/items/toy_evilfuzzle_green.gif,70,item
Green Fuzzle,https://grundoscafe.b-cdn.net/items/toy_greenfuzzle.gif,70,item
Green Grundo Bath Sponge,https://grundoscafe.b-cdn.net/items/gro_grundosponge_green.gif,70,item
Green Koi Plushie,https://grundoscafe.b-cdn.net/items/toy_koi_plush1.gif,70,item
Green Korbat Plushie,https://grundoscafe.b-cdn.net/items/toy_korbat_plushie4.gif,70,item
Green Mynci Plushie,https://grundoscafe.b-cdn.net/items/toy_mynci_plushie4.gif,70,item
Green Potion,https://grundoscafe.b-cdn.net/items/bd_green_potion.gif,70,item
Green Satin Collar,https://grundoscafe.b-cdn.net/items/greensatin.gif,70,item
Green Stocking,https://grundoscafe.b-cdn.net/items/stocking_green.gif,70,item
Green Zafara Plushie,https://grundoscafe.b-cdn.net/items/toy_zaf_green.gif,70,item
Grey Fuzzle,https://grundoscafe.b-cdn.net/items/toy_greyfuzzle.gif,70,item
Gruel Sandwich,https://grundoscafe.b-cdn.net/items/food_gruel_sandwich.gif,70,item
Guide to Bruces,https://grundoscafe.b-cdn.net/items/book_bruce3.gif,70,item
Hagans Secrets,https://grundoscafe.b-cdn.net/items/bvb_haganssecrets.gif,70,item
Halloween Aisha Stamp,https://grundoscafe.b-cdn.net/items/stamp_hal_aishahal.gif,70,item
Harmonica,https://grundoscafe.b-cdn.net/items/toy_harmonica.gif,70,item
Healing Potion VI,https://grundoscafe.b-cdn.net/items/potion20.gif,70,item
Hissi Alphabet,https://grundoscafe.b-cdn.net/items/boo_hissi_alphabet.gif,70,item
Hoppers Hayday,https://grundoscafe.b-cdn.net/items/book_cybunny_hopper.gif,70,item
Hot Crossed Buns,https://grundoscafe.b-cdn.net/items/med_hot_buns.gif,70,item
Huberts Hot Dogs Stamp,https://grundoscafe.b-cdn.net/items/stamp_neo_hotdog.gif,70,item
Interesting Ixi,https://grundoscafe.b-cdn.net/items/boo_interestixi.gif,70,item
Island Music Stamp,https://grundoscafe.b-cdn.net/items/stamp_mys_mystic.gif,70,item
Jade Slingshot of the Ogrin,https://grundoscafe.b-cdn.net/items/bd_ogrin_slingshot.gif,70,item
Jelly Lenny Beaks,https://grundoscafe.b-cdn.net/items/food_lenny_jelly.gif,70,item
JubJub Hair Styling,https://grundoscafe.b-cdn.net/items/book_jubjub_hair.gif,70,item
JubJub Know How,https://grundoscafe.b-cdn.net/items/book_jubjub-how-to.gif,70,item
Juppie Cheese Wedge,https://grundoscafe.b-cdn.net/items/food_cheese_juppie.gif,70,item
Kacheek Graduation Card,https://grundoscafe.b-cdn.net/items/gif_gradcard1.gif,70,item
Kau Cookie,https://grundoscafe.b-cdn.net/items/food_kau_pie.gif,70,item
Kauvara Table,https://grundoscafe.b-cdn.net/items/star_table.gif,70,item
Kelpcakes with Green Sauce,https://grundoscafe.b-cdn.net/items/waterfood_pancakes.gif,70,item
Kiko Food Guide,https://grundoscafe.b-cdn.net/items/book_kiko_food.gif,70,item
Kiwi Slushie,https://grundoscafe.b-cdn.net/items/slush_kiwi.gif,70,item
Korbat Calculus,https://grundoscafe.b-cdn.net/items/book_korbat_calculus.gif,70,item
Korbat Games,https://grundoscafe.b-cdn.net/items/book_kor_games.gif,70,item
Korbats Lab Stamp,https://grundoscafe.b-cdn.net/items/stamp_hal_korbatslab.gif,70,item
Kougra Face Paint,https://grundoscafe.b-cdn.net/items/groom_kougrapaint.gif,70,item
Kougra Nail Clippers,https://grundoscafe.b-cdn.net/items/groom_kougraclippers.gif,70,item
Krakuberry Mocha,https://grundoscafe.b-cdn.net/items/coffee4.gif,70,item
Krawk Bubble Bath,https://grundoscafe.b-cdn.net/items/groom_krawk_bubble.gif,70,item
Krawk Dental Care,https://grundoscafe.b-cdn.net/items/book_krawk_dental.gif,70,item
Large Yogurt Pea Smoothie,https://grundoscafe.b-cdn.net/items/smo_large_yogurtpea.gif,70,item
Leaps and Bounds,https://grundoscafe.b-cdn.net/items/bk_quiggle_leaps.gif,70,item
Leirobas Stamp,https://grundoscafe.b-cdn.net/items/stamp_leirobas.gif,70,item
Lemberry Chia Jelly,https://grundoscafe.b-cdn.net/items/food_jelly_bluechia.gif,70,item
Lemon Nimmo Bites,https://grundoscafe.b-cdn.net/items/fo_nimmo_bitesyellow.gif,70,item
Lemon Sherbert Candy Cane,https://grundoscafe.b-cdn.net/items/candy_caneyellow.gif,70,item
Lemwart,https://grundoscafe.b-cdn.net/items/gadgad_fruit4_2003.gif,70,item
Library Tales,https://grundoscafe.b-cdn.net/items/fbo_library_tales.gif,70,item
Lime Toffee Juppie,https://grundoscafe.b-cdn.net/items/food_carmeljuppie1.gif,70,item
Little Lupe,https://grundoscafe.b-cdn.net/items/littlelupe.gif,70,item
Lost Desert Grarrl Stamp,https://grundoscafe.b-cdn.net/items/stamp_desert3.gif,70,item
Low Fat Milk,https://grundoscafe.b-cdn.net/items/lowfatmilk.gif,70,item
Mad Umbrella,https://grundoscafe.b-cdn.net/items/battle_madumbrella.gif,70,item
Maggie the Meerca,https://grundoscafe.b-cdn.net/items/book_meerca_1.gif,70,item
Magic Ghost Marshmallows,https://grundoscafe.b-cdn.net/items/magic_marshmallows.gif,70,item
Magic Spells,https://grundoscafe.b-cdn.net/items/book_faerie_spells.gif,70,item
Marshmallow Elephante,https://grundoscafe.b-cdn.net/items/food_elephante_marsh.gif,70,item
Marshmallow Grundo,https://grundoscafe.b-cdn.net/items/spf_marshgrund_plain.gif,70,item
Meat Feast Pizza Block,https://grundoscafe.b-cdn.net/items/food_pizzablock.gif,70,item
Meerca Friends,https://grundoscafe.b-cdn.net/items/book_meerca_friends.gif,70,item
Meerca Sundae,https://grundoscafe.b-cdn.net/items/foo_meerca_sundae.gif,70,item
Meturf,https://grundoscafe.b-cdn.net/items/meturf_green.gif,70,item
Milk Chocolate Elephante,https://grundoscafe.b-cdn.net/items/can_elephante_milkchocolate.gif,70,item
Milk Chocolate Pteri,https://grundoscafe.b-cdn.net/items/milkchoc_pteri.gif,70,item
Milk Chocolate Techo,https://grundoscafe.b-cdn.net/items/can_techo_milkchocolate.gif,70,item
Mint Cybunny Cake,https://grundoscafe.b-cdn.net/items/food_cybunny_jellycake_mint.gif,70,item
Mint Jelly A,https://grundoscafe.b-cdn.net/items/candy_minta.gif,70,item
Mis-shapen Pot,https://grundoscafe.b-cdn.net/items/17419.gif,70,item
Moehog Poetry,https://grundoscafe.b-cdn.net/items/book_moehog2.gif,70,item
Mucus Soup,https://grundoscafe.b-cdn.net/items/gross_mucussoup.gif,70,item
Mynci Tails,https://grundoscafe.b-cdn.net/items/book_mynci_tails.gif,70,item
My Pretty Uni Prancing Pride Blind Box,https://grundoscafe.b-cdn.net/items/my_pretty_uni_prancing_pride_blind_box.gif,70,item
Nimmo Cream Cakes,https://grundoscafe.b-cdn.net/items/food_nimmocreamies.gif,70,item
Nimmo Yoga,https://grundoscafe.b-cdn.net/items/book_nimmo1.gif,70,item
Olive Cupcake,https://grundoscafe.b-cdn.net/items/food_olivecupcake.gif,70,item
Onion Shoyru Meatball,https://grundoscafe.b-cdn.net/items/food_shoyball_onion.gif,70,item
Oramu,https://grundoscafe.b-cdn.net/items/oramu.gif,70,item
Orange Bori Candy Container,https://grundoscafe.b-cdn.net/items/gif_bori_candy_container.gif,70,item
Orange Fuzzle,https://grundoscafe.b-cdn.net/items/toy_orangefuzzle.gif,70,item
Orange Invisihat,https://grundoscafe.b-cdn.net/items/orangeinvisihat.gif,70,item
Orange Zafara Shaved Ice,https://grundoscafe.b-cdn.net/items/orange_zaf_shavedice.gif,70,item
Organic Pineapple,https://grundoscafe.b-cdn.net/items/food_pineapple.gif,70,item
Organic Turnip,https://grundoscafe.b-cdn.net/items/food_veg_turnip.gif,70,item
Peanut Butter Elephante Cookie,https://grundoscafe.b-cdn.net/items/bak_ele_cookie3.gif,70,item
Pear Lollypop,https://grundoscafe.b-cdn.net/items/food_pear_lollypop.gif,70,item
Phear Coffee,https://grundoscafe.b-cdn.net/items/coff_phear.gif,70,item
Pineapple Plant,https://grundoscafe.b-cdn.net/items/ga_pineappleplant.gif,70,item
Pink Fuzzle,https://grundoscafe.b-cdn.net/items/toy_pinkfuzzle.gif,70,item
Pink Table,https://grundoscafe.b-cdn.net/items/pink_table.gif,70,item
Pink Tile Patio Table,https://grundoscafe.b-cdn.net/items/ga_table_pinky.gif,70,item
Plains Aisha Stamp,https://grundoscafe.b-cdn.net/items/stamp_neoquest_aisha.gif,70,item
Poisonous Snowflake,https://grundoscafe.b-cdn.net/items/bd_snowflake_poison.gif,70,item
Poison Snowball,https://grundoscafe.b-cdn.net/items/snowball_2.gif,70,Snowball
Polarchuck,https://grundoscafe.b-cdn.net/items/polarchuck_white.gif,70,item
Polarchuck Slippers,https://grundoscafe.b-cdn.net/items/polarchuck_slippers.gif,70,item
Popcorn,https://grundoscafe.b-cdn.net/items/popcorn.gif,70,item
Popcorn Sandwich,https://grundoscafe.b-cdn.net/items/food_popcornsand.gif,70,item
Poppit,https://grundoscafe.b-cdn.net/items/pets_poppit.gif,70,item
Potting Bench,https://grundoscafe.b-cdn.net/items/potting-bench.gif,70,item
Pumpkin Spice Ice Lolly,https://grundoscafe.b-cdn.net/items/icelollypumpkinspice.gif,70,item
Puny Pumpkin,https://grundoscafe.b-cdn.net/items/puny_pumpkin.gif,70,item
Purple Fuzzle,https://grundoscafe.b-cdn.net/items/toy_purplefuzzle.gif,70,item
Purple JubJub Sandcastle Set,https://grundoscafe.b-cdn.net/items/item_bucket4.gif,70,item
Purple Pencil Case,https://grundoscafe.b-cdn.net/items/school_8.gif,70,item
Purplum,https://grundoscafe.b-cdn.net/items/tropical_purplum.gif,70,item
Quiggle Food Guide,https://grundoscafe.b-cdn.net/items/book_quiggle_flies.gif,70,item
Quiggle Scissors,https://grundoscafe.b-cdn.net/items/school_18.gif,70,item
Rainborific Slushie,https://grundoscafe.b-cdn.net/items/slush_rainborific.gif,70,item
Rainbow Aisha Plushie,https://grundoscafe.b-cdn.net/items/toy_aisha_rainbow.gif,70,item
Rainbow Buzz Plushie,https://grundoscafe.b-cdn.net/items/toy_buzzrainbow.gif,70,item
Rainbow Painting,https://grundoscafe.b-cdn.net/items/bk_rainbow_paint.gif,70,item
Rainbow Reject Cybunny Plushie,https://grundoscafe.b-cdn.net/items/toy_rain_rej_cyb.gif,70,item
Rainbow Scone,https://grundoscafe.b-cdn.net/items/rainbow_scone.gif,70,item
Recorder,https://grundoscafe.b-cdn.net/items/toy_recorder.gif,70,item
Red Acara Plushie,https://grundoscafe.b-cdn.net/items/toy_acara_plushie3.gif,70,item
Red Kougra Plushie,https://grundoscafe.b-cdn.net/items/toy_kougrared.gif,70,item
Red Kyrii Plushie,https://grundoscafe.b-cdn.net/items/toy_kyr_red.gif,70,item
Red Shoyru Plushie,https://grundoscafe.b-cdn.net/items/shoyruplush5.gif,70,item
Red Skeith Keyring,https://grundoscafe.b-cdn.net/items/keychain_redskeith.gif,70,item
Red Stocking,https://grundoscafe.b-cdn.net/items/stocking_red.gif,70,item
Reject JubJub Plushie,https://grundoscafe.b-cdn.net/items/spooky_toy_tattered_jub-jub.gif,70,item
Retro Rainbow Grundo Toy,https://grundoscafe.b-cdn.net/items/retro_rainbow_grundo_toy.gif,70,item
Rock Stamp,https://grundoscafe.b-cdn.net/items/stamp_haunted_petrock.gif,70,item
Roller Blades,https://grundoscafe.b-cdn.net/items/toy_blades.gif,70,item
Rotten Egg Grarrl Gobstopper,https://grundoscafe.b-cdn.net/items/gob_rottenegg.gif,70,item
Rubber Power Axe,https://grundoscafe.b-cdn.net/items/bd_axe_02.gif,70,item
Ryshu Stamp,https://grundoscafe.b-cdn.net/items/stamp_mys_ryshu.gif,70,item
Salmon Steak,https://grundoscafe.b-cdn.net/items/food_salm.gif,70,item
Sandstone Boots,https://grundoscafe.b-cdn.net/items/bd_sandstoneboots.gif,70,item
Scorchio Sketch Book,https://grundoscafe.b-cdn.net/items/boo_scorchio_sketch.gif,70,item
Shadow Usul,https://grundoscafe.b-cdn.net/items/greentradingcardback.gif,70,item
Simple Spells,https://grundoscafe.b-cdn.net/items/fbo_simple_spells.gif,70,item
Skeith Bank Manager Stamp,https://grundoscafe.b-cdn.net/items/stamp_skeith_bank.gif,70,item
Skeith Magic,https://grundoscafe.b-cdn.net/items/book_skeithmagic.gif,70,item
Skeith T-Shirt,https://grundoscafe.b-cdn.net/items/skeithtee.gif,70,item
Slorg Usuki Set,https://grundoscafe.b-cdn.net/items/usu_slorg_set.gif,70,item
Smooshed Tomato,https://grundoscafe.b-cdn.net/items/food_med_smooshtom.gif,70,item
Snowberry Delight,https://grundoscafe.b-cdn.net/items/coff_snowberrypie.gif,70,item
Snowy - A White Kougra Story,https://grundoscafe.b-cdn.net/items/book_kougrasnowy.gif,70,item
Soft Tyrannian Cheese and Crackers,https://grundoscafe.b-cdn.net/items/food_crack_cam.gif,70,item
Sour Gummy Skeith Tail,https://grundoscafe.b-cdn.net/items/food_skeith_jellytail2.gif,70,item
Sourmelon Pie,https://grundoscafe.b-cdn.net/items/coff_sourmelonpie.gif,70,item
Spooky Lime Pudding,https://grundoscafe.b-cdn.net/items/food_spooky_alien.gif,70,item
Spring Beauty,https://grundoscafe.b-cdn.net/items/gar_spring_beauty.gif,70,item
Starberry,https://grundoscafe.b-cdn.net/items/food_starberry.gif,70,item
Star Fish Sandwich,https://grundoscafe.b-cdn.net/items/food_starfish_sandwich.gif,70,item
Stone Armchair Stamp,https://grundoscafe.b-cdn.net/items/stamp_tyrannia_furn1.gif,70,item
Stone Fire Body Basher,https://grundoscafe.b-cdn.net/items/f_body.gif,70,item
Strawberry Carrot Cake,https://grundoscafe.b-cdn.net/items/food_cy_straw_carrot.gif,70,item
Strawberry Kiwi Vanilla Smoothie,https://grundoscafe.b-cdn.net/items/smo_reg_strawberrykiwivanilla.gif,70,item
Strawberry Kougra Cookie,https://grundoscafe.b-cdn.net/items/food_kougra_cookstraw.gif,70,item
Strawberry Toffee Chokato,https://grundoscafe.b-cdn.net/items/food_carmelchokato1.gif,70,item
Tales of Gnorbu Tails,https://grundoscafe.b-cdn.net/items/boo_gnorbu_tails.gif,70,item
Tangy Tropic Slushie,https://grundoscafe.b-cdn.net/items/slush_tangytropic.gif,70,item
Techo Battle Helmet,https://grundoscafe.b-cdn.net/items/techo_battlehelmet.gif,70,item
Thanks Card,https://grundoscafe.b-cdn.net/items/giftcard_thanks.gif,70,item
The Female Nimmo Ranger,https://grundoscafe.b-cdn.net/items/book_nimmo_girl.gif,70,item
The Great Kau Caper,https://grundoscafe.b-cdn.net/items/book_kau_caper.gif,70,item
The Hungry Techo,https://grundoscafe.b-cdn.net/items/book_techo_baby.gif,70,item
The Last Kau,https://grundoscafe.b-cdn.net/items/kau_book_last.gif,70,item
The Little Scorchio,https://grundoscafe.b-cdn.net/items/book_scorchio_little.gif,70,item
The Lupe Pack,https://grundoscafe.b-cdn.net/items/book_lupe_pack.gif,70,item
The Sad Shoyru,https://grundoscafe.b-cdn.net/items/bk_sho_4.gif,70,item
The Secret Chomby,https://grundoscafe.b-cdn.net/items/book_newchomby3.gif,70,item
The Tricky Ixi,https://grundoscafe.b-cdn.net/items/book_ixi_tricky.gif,70,item
Tigersquash Cappuccino,https://grundoscafe.b-cdn.net/items/coffee13.gif,70,item
Tree Homes,https://grundoscafe.b-cdn.net/items/book_usul2.gif,70,item
Turnip,https://grundoscafe.b-cdn.net/items/food_veg_turnip.gif,70,item
Tuskaninny Cupcake,https://grundoscafe.b-cdn.net/items/food_tusk_copcake.gif,70,item
Two Rings Archmagus Stamp,https://grundoscafe.b-cdn.net/items/stamp_neoquest_archmagus.gif,70,item
Tylix,https://grundoscafe.b-cdn.net/items/greentradingcardback.gif,70,item
Tyragh the Terrible,https://grundoscafe.b-cdn.net/items/book_tyragh.gif,70,item
Uggatrip,https://grundoscafe.b-cdn.net/items/pet_uggatrip.gif,70,item
Usuki Ballet Set,https://grundoscafe.b-cdn.net/items/usuki_sports_5.gif,70,item
Usuki Dream Pool,https://grundoscafe.b-cdn.net/items/usuki_pool.gif,70,item
Usuki Neogarden Set,https://grundoscafe.b-cdn.net/items/usuki_neogarden.gif,70,item
Usuki Shipwreck Set,https://grundoscafe.b-cdn.net/items/usuki_marooned.gif,70,item
Valentine Jetsam Plushie,https://grundoscafe.b-cdn.net/items/plushvaljet.gif,70,item
Valentines Cookies,https://grundoscafe.b-cdn.net/items/food_val_cookie.gif,70,item
Vanilla Tuskaninny Cookie,https://grundoscafe.b-cdn.net/items/food_tusk_cookie2.gif,70,item
Vionanna,https://grundoscafe.b-cdn.net/items/food_vionanna.gif,70,item
Wartroot,https://grundoscafe.b-cdn.net/items/new_tropical_9.gif,70,item
Water Faerie Backpack,https://grundoscafe.b-cdn.net/items/sch_faerie_waterbackpack.gif,70,item
Weight Lifting for Jetsams,https://grundoscafe.b-cdn.net/items/book_Jetsom_weights.gif,70,item
White Chocolate Buzz,https://grundoscafe.b-cdn.net/items/can_buzz_whitechoc.gif,70,item
White Petpet Bath Tub,https://grundoscafe.b-cdn.net/items/fur_pettub_white.gif,70,item
Wind Up Yellow Draik Toy,https://grundoscafe.b-cdn.net/items/toy_cwdraik_yellow.gif,70,item
Wind Up Zytch,https://grundoscafe.b-cdn.net/items/petpet_toy_windupzytch.gif,70,item
Wooden Pull Along Nimmo,https://grundoscafe.b-cdn.net/items/toy_wooden_nimmopull.gif,70,item
Wooden Washboard,https://grundoscafe.b-cdn.net/items/mus_washboard.gif,70,item
Yellow Acara Plushie,https://grundoscafe.b-cdn.net/items/toy_acara_plushie4.gif,70,item
Yellow Aisha T-Shirt,https://grundoscafe.b-cdn.net/items/aisha.gif,70,item
Yellow Cap,https://grundoscafe.b-cdn.net/items/yellowcap.gif,70,item
Yellow Fuzzle,https://grundoscafe.b-cdn.net/items/toy_yellowfuzzle.gif,70,item
Yellow JubJub Plushie,https://grundoscafe.b-cdn.net/items/toy_jubjub_plushie1.gif,70,item
Yellow Marbleman T-Shirt,https://grundoscafe.b-cdn.net/items/tshirt_marblemen_yellow.gif,70,item
Yellow Shoyru Plushie,https://grundoscafe.b-cdn.net/items/shoyruplush3.gif,70,item
Youre The Best Card,https://grundoscafe.b-cdn.net/items/giftcard_best.gif,70,item
Zafaras Rainy Day,https://grundoscafe.b-cdn.net/items/book_zafara2.gif,70,item
Z Is For Zafara,https://grundoscafe.b-cdn.net/items/boo_zafara_z.gif,70,item
A New Day,https://grundoscafe.b-cdn.net/items/faeriebook_anewday.gif,71,item
Ash Mote,https://grundoscafe.b-cdn.net/items/newmote2.gif,71,item
Banana Split Smoothie,https://grundoscafe.b-cdn.net/items/smo_reg_bananasplit.gif,71,item
Blueberry Krawkade,https://grundoscafe.b-cdn.net/items/smo_krawkade_blueberry.gif,71,item
Bubbling Blueberry Pizza,https://grundoscafe.b-cdn.net/items/pizza_8.gif,71,item
Chilli Jacket Potato,https://grundoscafe.b-cdn.net/items/food_tater7.gif,71,item
Chocalotta Ice Lolly,https://grundoscafe.b-cdn.net/items/food_chocolateicecream.gif,71,item
Edna the Witch,https://grundoscafe.b-cdn.net/items/purpletradingcardback.gif,71,item
Eyrie Chokatopop,https://grundoscafe.b-cdn.net/items/can_eyrie_chokatopop.gif,71,item
Faerie Foods Book,https://grundoscafe.b-cdn.net/items/fbo_faerie_foods.gif,71,item
Flakyshroom,https://grundoscafe.b-cdn.net/items/mushroom8.gif,71,item
Foozette,https://grundoscafe.b-cdn.net/items/food_foozette.gif,71,item
Gormball Plushie,https://grundoscafe.b-cdn.net/items/plu_gormball.gif,71,item
Green Nimmo Plushie,https://grundoscafe.b-cdn.net/items/nimmoplush2.gif,71,item
Grimilix,https://grundoscafe.b-cdn.net/items/purpletradingcardback.gif,71,item
Hot Meerca Tea,https://grundoscafe.b-cdn.net/items/foo_meerca_tea.gif,71,item
Large Islandberry Smoothie,https://grundoscafe.b-cdn.net/items/smo_large_islandberries.gif,71,item
Lenny Magic,https://grundoscafe.b-cdn.net/items/book_lenny_4.gif,71,item
Lupe Soup,https://grundoscafe.b-cdn.net/items/foo_lupe_soup.gif,71,item
Mystery Island Heads Stamp,https://grundoscafe.b-cdn.net/items/stamp_island_heads.gif,71,item
Poems of Brightvale,https://grundoscafe.b-cdn.net/items/bvb_poemsof_brightvale.gif,71,item
Rainbow Sand Bottle,https://grundoscafe.b-cdn.net/items/toy_sandbottle.gif,71,item
Red Chomby Plushie,https://grundoscafe.b-cdn.net/items/chombyplush2.gif,71,item
Red Tuskaninny Keyring,https://grundoscafe.b-cdn.net/items/keychain_redtuskaninny.gif,71,item
Robot Stapler,https://grundoscafe.b-cdn.net/items/sch_robot_petpet_stapler.gif,71,item
Spiffy Split My Pretty Uni,https://grundoscafe.b-cdn.net/items/mpu_spiffy_split.gif,71,item
Sproing,https://grundoscafe.b-cdn.net/items/isl_petpet14.gif,71,item
Strawbericious Ice Lolly,https://grundoscafe.b-cdn.net/items/food_strawberryicecream.gif,71,item
Yellow Bruce Plushie,https://grundoscafe.b-cdn.net/items/toy_bruce_plushie4.gif,71,item
Zen Table,https://grundoscafe.b-cdn.net/items/zen_table.gif,71,item
Alabriss,https://grundoscafe.b-cdn.net/items/alabriss.gif,72,item
A Nimmo Music Extravaganza,https://grundoscafe.b-cdn.net/items/boo_music_nimmo.gif,72,item
Being Bruce,https://grundoscafe.b-cdn.net/items/book_bruce2.gif,72,item
Black Meowclops Ring,https://grundoscafe.b-cdn.net/items/gro_meowclops_ring.gif,72,item
Blarthrox,https://grundoscafe.b-cdn.net/items/purpletradingcardback.gif,72,item
Blue Chomby Plushie,https://grundoscafe.b-cdn.net/items/chombyplush3.gif,72,item
Blue Wocky Plushie,https://grundoscafe.b-cdn.net/items/toy_bluewocky.gif,72,item
Blunella Brucicle,https://grundoscafe.b-cdn.net/items/foo_brucicle_blunella.gif,72,item
Bowla,https://grundoscafe.b-cdn.net/items/isl_petpet15.gif,72,item
Bullseye Pie,https://grundoscafe.b-cdn.net/items/mfo_bullseye_pie.gif,72,item
Cherry Wocky Lollypop,https://grundoscafe.b-cdn.net/items/can_wocky_lolli.gif,72,item
Chocolate Covered Peanuts,https://grundoscafe.b-cdn.net/items/peanutcandy.gif,72,item
Chocolate Soup,https://grundoscafe.b-cdn.net/items/can_chocolate_soup.gif,72,item
Chocolate Waffle Cone,https://grundoscafe.b-cdn.net/items/food_chocone.gif,72,item
Cybit,https://grundoscafe.b-cdn.net/items/rpp_petpet4.gif,72,item
Ettaphant Petpet Tunnel,https://grundoscafe.b-cdn.net/items/pps_ettaphant_tunnel.gif,72,item
Eyrie Plumberripop,https://grundoscafe.b-cdn.net/items/can_eyrie_grapepop.gif,72,item
Faerie Guide to Interior Design,https://grundoscafe.b-cdn.net/items/fbo_faerie_interior_design.gif,72,item
Flamestrike Bottle,https://grundoscafe.b-cdn.net/items/potion31.gif,72,item
Flaming Burnumup,https://grundoscafe.b-cdn.net/items/d_food41.gif,72,item
Flatfruit Lollypop,https://grundoscafe.b-cdn.net/items/foo_flatfruit_lolli.gif,72,item
Flotsam Kelp Shake,https://grundoscafe.b-cdn.net/items/food_flotsam_kelpshake.gif,72,item
Fluffy Faerie Pancakes,https://grundoscafe.b-cdn.net/items/faerie_food_pancakes.gif,72,item
Gikerot,https://grundoscafe.b-cdn.net/items/ipnib_green.gif,72,item
Good Luck Ankh,https://grundoscafe.b-cdn.net/items/bat_desert_ankh.gif,72,item
Gruslen,https://grundoscafe.b-cdn.net/items/pet_gruslen.gif,72,item
Guava Roll,https://grundoscafe.b-cdn.net/items/food_guavarolls.gif,72,item
How to Ride a Bike,https://grundoscafe.b-cdn.net/items/book_howtorideabike.gif,72,item
Hubrids Puzzle Box Stamp,https://grundoscafe.b-cdn.net/items/sta_bd_puzzlebox.gif,72,item
Jade Helmet of the Ogrin,https://grundoscafe.b-cdn.net/items/bd_ogrin_helm.gif,72,item
Jetsam Toy Grabber,https://grundoscafe.b-cdn.net/items/toy_jetsam_grabber.gif,72,item
Kevin Plushie,https://grundoscafe.b-cdn.net/items/plu_kevin.gif,72,item
Know Your Seeds,https://grundoscafe.b-cdn.net/items/book_pteriseeds.gif,72,item
Large Honey Lemon Smoothie,https://grundoscafe.b-cdn.net/items/smo_large_honeylemon.gif,72,item
Lemon Bori Lolly,https://grundoscafe.b-cdn.net/items/can_borilolly_yellow.gif,72,item
Lennies in Love,https://grundoscafe.b-cdn.net/items/book_lenny_3.gif,72,item
Lenny Crosswords,https://grundoscafe.b-cdn.net/items/boo_lenny_crosswords.gif,72,item
Lutari Dental Hygiene,https://grundoscafe.b-cdn.net/items/boo_lutari_dentalhygine.gif,72,item
Maccy,https://grundoscafe.b-cdn.net/items/maccy.gif,72,item
Mad Hat,https://grundoscafe.b-cdn.net/items/battle_madhat.gif,72,item
Marshmallow Polarchuck,https://grundoscafe.b-cdn.net/items/polarchuck_marshmallow.gif,72,item
Meerca Paddleball,https://grundoscafe.b-cdn.net/items/toy_meerca_paddleball.gif,72,item
Mega Bean Smoothie,https://grundoscafe.b-cdn.net/items/smo_mega_bean.gif,72,item
Mega Wheatgrass Fruit Smoothie,https://grundoscafe.b-cdn.net/items/smo_wheatgrass_fruit.gif,72,item
Mummy Intruder Window,https://grundoscafe.b-cdn.net/items/bvw_scary_mummyhands.gif,72,item
Mystical Hissi Knight,https://grundoscafe.b-cdn.net/items/purpletradingcardback.gif,72,item
Nasty Lenny,https://grundoscafe.b-cdn.net/items/book_lenny_2.gif,72,item
No Sleep Til Brightvale,https://grundoscafe.b-cdn.net/items/bvb_nosleeptil_brightvale.gif,72,item
Pressurised Water,https://grundoscafe.b-cdn.net/items/water.gif,72,item
Quiggle Facts,https://grundoscafe.b-cdn.net/items/book_quiggle.gif,72,item
Rainbow Aurora Shake,https://grundoscafe.b-cdn.net/items/rainbow_aurora_shake.gif,72,item
Rainbow Toothbrush,https://grundoscafe.b-cdn.net/items/toothbrush_rainbow.gif,72,item
Red Hissi Paddleball Game,https://grundoscafe.b-cdn.net/items/toy_hissi_paddle.gif,72,item
Red Usul Keyring,https://grundoscafe.b-cdn.net/items/keychain_redusul.gif,72,item
Robotic Striped Gelert Toy,https://grundoscafe.b-cdn.net/items/toy_gelertstriped_robotic.gif,72,item
Robot Mote,https://grundoscafe.b-cdn.net/items/mote_robot.gif,72,item
Settra,https://grundoscafe.b-cdn.net/items/food_settra.gif,72,item
Stick-O-Sap,https://grundoscafe.b-cdn.net/items/d_food43.gif,72,item
Strawberry Waffle Cone,https://grundoscafe.b-cdn.net/items/food_stracone.gif,72,item
Striped Hat,https://grundoscafe.b-cdn.net/items/battle_crazyhat.gif,72,item
Striped Toothbrush,https://grundoscafe.b-cdn.net/items/toothbrush_tiger.gif,72,item
Tyrannian Usuki,https://grundoscafe.b-cdn.net/items/doll_usul_11.gif,72,item
Ummagine Tea,https://grundoscafe.b-cdn.net/items/coff_ummagine.gif,72,item
Uni Shampoo,https://grundoscafe.b-cdn.net/items/groom_uni_shampoo.gif,72,item
Vanilla Polarchuck Cookie,https://grundoscafe.b-cdn.net/items/polarchuck_vanillacookie.gif,72,item
Vanilla Waffle Cone,https://grundoscafe.b-cdn.net/items/food_vancone.gif,72,item
Wadjet Saxophone,https://grundoscafe.b-cdn.net/items/mus_wadjet_saxophone.gif,72,item
Zen Drawer,https://grundoscafe.b-cdn.net/items/zen_drawer.gif,72,item
Zombie Unis,https://grundoscafe.b-cdn.net/items/book_unizombie.gif,72,item
About Roberta,https://grundoscafe.b-cdn.net/items/bvb_about.gif,73,item
Acara Facts,https://grundoscafe.b-cdn.net/items/book_acaras.gif,73,item
Angry Red Usul Keyring,https://grundoscafe.b-cdn.net/items/keychain_redusul_anger.gif,73,item
Azzle Salad,https://grundoscafe.b-cdn.net/items/foo_azzle_salad.gif,73,item
Babaa,https://grundoscafe.b-cdn.net/items/pets_babaa.gif,73,item
Bazri The Grundo,https://grundoscafe.b-cdn.net/items/purpletradingcardback.gif,73,item
Blueberry Roll,https://grundoscafe.b-cdn.net/items/food_blueberryrolls.gif,73,item
Chocolate Chip Cookie Slushie,https://grundoscafe.b-cdn.net/items/slush_chipslush.gif,73,item
Eye Candy,https://grundoscafe.b-cdn.net/items/eye_candy.gif,73,item
Eyrie Diary,https://grundoscafe.b-cdn.net/items/book_eyrie_diary.gif,73,item
Eyrie Loveberripop,https://grundoscafe.b-cdn.net/items/can_eyrie_cherrypop.gif,73,item
Faerie Music Book,https://grundoscafe.b-cdn.net/items/fbo_faerie_music.gif,73,item
Fancy Pen,https://grundoscafe.b-cdn.net/items/sch_pen_fancy.gif,73,item
Firestorm Bottle,https://grundoscafe.b-cdn.net/items/potion32.gif,73,item
Floatyshroom,https://grundoscafe.b-cdn.net/items/mushroom15.gif,73,item
Frost Bite Egg,https://grundoscafe.b-cdn.net/items/bd_ice2.gif,73,item
Furry Fury Grarrl Gobstopper,https://grundoscafe.b-cdn.net/items/gob_furrball.gif,73,item
Gargarox Plushie,https://grundoscafe.b-cdn.net/items/plu_garagrox.gif,73,item
Glowing Pretzel,https://grundoscafe.b-cdn.net/items/spf_pretzel.gif,73,item
Grape Roll,https://grundoscafe.b-cdn.net/items/food_graperolls.gif,73,item
Green Hissi Float Ring,https://grundoscafe.b-cdn.net/items/toy_hissi_float.gif,73,item
Green Usul Plushie,https://grundoscafe.b-cdn.net/items/toy_greenusul.gif,73,item
Green Wocky Plushie,https://grundoscafe.b-cdn.net/items/toy_greenwocky.gif,73,item
Grundo Stix,https://grundoscafe.b-cdn.net/items/grundo_sticks.gif,73,item
Ice Shard,https://grundoscafe.b-cdn.net/items/bd_ice10.gif,73,item
Jelly Muffin,https://grundoscafe.b-cdn.net/items/bd_muffin_jelly.gif,73,item
Mega Fishy Smoothie,https://grundoscafe.b-cdn.net/items/smo_mega_fish.gif,73,item
Mega Spirulina Smoothie,https://grundoscafe.b-cdn.net/items/smo_spirulina.gif,73,item
Mint Explosion Ice Lolly,https://grundoscafe.b-cdn.net/items/food_minticecream.gif,73,item
Missquet,https://grundoscafe.b-cdn.net/items/missquet_basic.gif,73,item
Mummy Spaghetti,https://grundoscafe.b-cdn.net/items/mummy_spagetti.gif,73,item
Neolodge Stamp,https://grundoscafe.b-cdn.net/items/stamp_nc_lodge.gif,73,item
Nimmo Bubbly Surprise,https://grundoscafe.b-cdn.net/items/food_nimmobubbledrink.gif,73,item
Pumpkin Slice,https://grundoscafe.b-cdn.net/items/pumpkin_slice.gif,73,item
Purple Evil Fuzzle,https://grundoscafe.b-cdn.net/items/toy_evilfuzzle_purple.gif,73,item
Quiggle Bedtime Stories,https://grundoscafe.b-cdn.net/items/boo_quiggle_bed.gif,73,item
Rainbow Slorg Usuki Set,https://grundoscafe.b-cdn.net/items/usu_slorg_rainbow.gif,73,item
Raisin Twist Loaf,https://grundoscafe.b-cdn.net/items/food_med_twist.gif,73,item
Red Korbat Plushie,https://grundoscafe.b-cdn.net/items/toy_korbat_plushie1.gif,73,item
Selket Castanets,https://grundoscafe.b-cdn.net/items/mus_selket_castanetas.gif,73,item
Sklyde Hairties,https://grundoscafe.b-cdn.net/items/gro_sklyde_hairties.gif,73,item
Slice of Lemoran Pie,https://grundoscafe.b-cdn.net/items/tro_lemoran_pie.gif,73,item
Spardel,https://grundoscafe.b-cdn.net/items/med_pet_sparks.gif,73,item
Star Lollypop,https://grundoscafe.b-cdn.net/items/can_lollipop_star.gif,73,item
Strawberry and Vanilla Ice Lolly,https://grundoscafe.b-cdn.net/items/food_strawberryvanillaicecream.gif,73,item
Sturdy Stone My Pretty Uni,https://grundoscafe.b-cdn.net/items/mpu_sturdy_stone.gif,73,item
Super Strong Hair Gel,https://grundoscafe.b-cdn.net/items/groom_gel_super.gif,73,item
Symol Sleeping Bag,https://grundoscafe.b-cdn.net/items/pps_symol_sleepingbag.gif,73,item
The Art of Sword Fighting,https://grundoscafe.b-cdn.net/items/faeriebook_artofswordfighting.gif,73,item
The Loveliest Uni,https://grundoscafe.b-cdn.net/items/boo_loveliest_uni.gif,73,item
Tree Stump Table,https://grundoscafe.b-cdn.net/items/treestump_table.gif,73,item
Twisty Shroom,https://grundoscafe.b-cdn.net/items/twisty_shroom.gif,73,item
Umbus Alta,https://grundoscafe.b-cdn.net/items/purpletradingcardback.gif,73,item
Undead Farmer,https://grundoscafe.b-cdn.net/items/purpletradingcardback.gif,73,item
Vanilla Wocky Cookie,https://grundoscafe.b-cdn.net/items/bak_wocky_vancookie.gif,73,item
Walein,https://grundoscafe.b-cdn.net/items/pet_walein.gif,73,item
Wooden Chomby Toy,https://grundoscafe.b-cdn.net/items/toy_wood_chomby.gif,73,item
Yellow Chomby Plushie,https://grundoscafe.b-cdn.net/items/chombyplush4.gif,73,item
You Did It Card,https://grundoscafe.b-cdn.net/items/gif_gradcard3.gif,73,item
Zen Bed,https://grundoscafe.b-cdn.net/items/zen_bed.gif,73,item
Zen Mirror,https://grundoscafe.b-cdn.net/items/zen_mirror.gif,73,item
A Bori Alphabet,https://grundoscafe.b-cdn.net/items/boo_bori_abc.gif,74,item
Apricot Gnorbu Juice,https://grundoscafe.b-cdn.net/items/foo_gnorbu_juice.gif,74,item
Baby Aisha Hair Clip,https://grundoscafe.b-cdn.net/items/groom_aisha_clip.gif,74,item
Blue Hissi Puppet,https://grundoscafe.b-cdn.net/items/toy_hissi_puppet.gif,74,item
Blue Korbat Plushie,https://grundoscafe.b-cdn.net/items/toy_korbat_plushie2.gif,74,item
Blue Zafara Plushie,https://grundoscafe.b-cdn.net/items/toy_zaf_blue.gif,74,item
Boraxis the Healer Stamp,https://grundoscafe.b-cdn.net/items/stamp_neoquest_boraxis.gif,74,item
Brightvale Wisdom,https://grundoscafe.b-cdn.net/items/bvb_bightvalewisdom.gif,74,item
Chilli and Cheese Jacket Potato,https://grundoscafe.b-cdn.net/items/food_tater6.gif,74,item
Chocolate Chip Elephante Cookie,https://grundoscafe.b-cdn.net/items/bak_ele_cookie4.gif,74,item
Cococrazy Ice Lolly,https://grundoscafe.b-cdn.net/items/food_coconuticecream.gif,74,item
Downpour Bottle,https://grundoscafe.b-cdn.net/items/potion34.gif,74,item
Dung Carpet,https://grundoscafe.b-cdn.net/items/dung_11.gif,74,item
Ergy Pizza,https://grundoscafe.b-cdn.net/items/pizza_5.gif,74,item
Fancy Free Uni,https://grundoscafe.b-cdn.net/items/boo_fancyfree_uni.gif,74,item
Farvin III Plushie,https://grundoscafe.b-cdn.net/items/plu_farvin_iii.gif,74,item
Fire Kougra Plushie,https://grundoscafe.b-cdn.net/items/plu_kougra_fire.gif,74,item
Flotsam Tail Cookies,https://grundoscafe.b-cdn.net/items/food_flotsam_fincookies.gif,74,item
Fruitmallow Grog,https://grundoscafe.b-cdn.net/items/tro_fruitmallow_grog.gif,74,item
Grape Pizza,https://grundoscafe.b-cdn.net/items/pizza_grape.gif,74,item
Green Chomby Plushie,https://grundoscafe.b-cdn.net/items/chombyplush5.gif,74,item
Hissi History,https://grundoscafe.b-cdn.net/items/boo_hissi_history.gif,74,item
How to Stitch,https://grundoscafe.b-cdn.net/items/boo_chomby_howtostitch.gif,74,item
Island Slorg Usuki Set,https://grundoscafe.b-cdn.net/items/usu_slorg_island.gif,74,item
Jade Sword of the Ogrin,https://grundoscafe.b-cdn.net/items/bd_ogrin_sword.gif,74,item
Jungle Kougra Stamp,https://grundoscafe.b-cdn.net/items/stamp_mys_nat.gif,74,item
Krawk Fighting Techniques,https://grundoscafe.b-cdn.net/items/book_krawk_fight.gif,74,item
Large Grundo Toe With Lint Side Order,https://grundoscafe.b-cdn.net/items/grundotoewithtoelint.gif,74,item
Lava Mote,https://grundoscafe.b-cdn.net/items/magic_mote_lava.gif,74,item
Lenny Feathers,https://grundoscafe.b-cdn.net/items/boo_lenny_feathers.gif,74,item
Lenny Fitness,https://grundoscafe.b-cdn.net/items/book_lenny_fitness.gif,74,item
Magical Healing Potion,https://grundoscafe.b-cdn.net/items/alm_potion_orange.gif,74,item
Mega Asparrot Smoothie,https://grundoscafe.b-cdn.net/items/smo_asparagus_carrot.gif,74,item
Mega Shepherds Pie Smoothie,https://grundoscafe.b-cdn.net/items/smo_mega_shepardspie.gif,74,item
Melowhirl,https://grundoscafe.b-cdn.net/items/tro_melowhirl.gif,74,item
Minty Vanilla Ice Lolly,https://grundoscafe.b-cdn.net/items/food_mintvanillaicecream.gif,74,item
Nutty Cheese Surprise,https://grundoscafe.b-cdn.net/items/faerie_food_pbj.gif,74,item
Parsnip Sandwich,https://grundoscafe.b-cdn.net/items/food_parsnipsub.gif,74,item
Purple Grasper,https://grundoscafe.b-cdn.net/items/d_food28.gif,74,item
Pyramid Tambourine,https://grundoscafe.b-cdn.net/items/mus_pyramid_tambourine.gif,74,item
Quiggle Pet Guide,https://grundoscafe.b-cdn.net/items/boo_quiggle_pet.gif,74,item
Ramosan,https://grundoscafe.b-cdn.net/items/pet_ramosan.gif,74,item
Red Bruce Ball,https://grundoscafe.b-cdn.net/items/toy_bruce_ball.gif,74,item
Red Usul Plushie,https://grundoscafe.b-cdn.net/items/toy_redusul.gif,74,item
Red Wocky Plushie,https://grundoscafe.b-cdn.net/items/toy_redwocky.gif,74,item
Shahuaga The Red,https://grundoscafe.b-cdn.net/items/purpletradingcardback.gif,74,item
Snuffly,https://grundoscafe.b-cdn.net/items/pet_winter_1.gif,74,item
Sparkly Blue Paint,https://grundoscafe.b-cdn.net/items/school_32.gif,74,item
Techo Yoga,https://grundoscafe.b-cdn.net/items/book_techo_yoga.gif,74,item
Tonu Trivia,https://grundoscafe.b-cdn.net/items/boo_tonu_trivia.gif,74,item
Triple Carrot Sandwich,https://grundoscafe.b-cdn.net/items/food_cyb_sandwich.gif,74,item
Trumpet,https://grundoscafe.b-cdn.net/items/toy_trumpet.gif,74,item
Uni Veggie Yogurt,https://grundoscafe.b-cdn.net/items/hfo_uni_vegyogurt.gif,74,item
Wing Sock,https://grundoscafe.b-cdn.net/items/groom_uni_wingsock.gif,74,item
Wooden Drawer,https://grundoscafe.b-cdn.net/items/wood_drawer.gif,74,item
Yellow Grundo Keychain,https://grundoscafe.b-cdn.net/items/grundo_keychainyellow.gif,74,item
Yellow Grundo Keyring,https://grundoscafe.b-cdn.net/items/keychain_yellowgrundo.gif,74,item
Yellow Tuskaninny Ball,https://grundoscafe.b-cdn.net/items/toy_tuskaninny_ball.gif,74,item
Zen Desk,https://grundoscafe.b-cdn.net/items/zen_desk.gif,74,item
101 Buzz Honey Recipes,https://grundoscafe.b-cdn.net/items/book_buzz3.gif,75,item
Acid Attack Block Stack Game,https://grundoscafe.b-cdn.net/items/dto_acid_blockstack.gif,75,item
Aisha Cheeseburger,https://grundoscafe.b-cdn.net/items/foo_aisha_burgerwcheese.gif,75,item
Artichoke Ice Pop,https://grundoscafe.b-cdn.net/items/food_artichoke.gif,75,item
Aubergine Surprise,https://grundoscafe.b-cdn.net/items/food_med_eggplant.gif,75,item
Babaa Eraser,https://grundoscafe.b-cdn.net/items/babaa_eraser.gif,75,item
Baby Bruce Blocks,https://grundoscafe.b-cdn.net/items/toy_bbruce_blocks.gif,75,item
Bagel and Egg Sandwich,https://grundoscafe.b-cdn.net/items/foo_bagelegg_sand.gif,75,item
Baked Apple with Cream and Jam,https://grundoscafe.b-cdn.net/items/food_b_apple_jam.gif,75,item
Baked Pumpkin Bread,https://grundoscafe.b-cdn.net/items/bak_pumpkin_bread.gif,75,item
Banana Blumaroo Waffles,https://grundoscafe.b-cdn.net/items/bak_blumaroo_waffles_ban.gif,75,item
Bandolaro,https://grundoscafe.b-cdn.net/items/space_utility-bandolaro.gif,75,item
Barlow,https://grundoscafe.b-cdn.net/items/wowbow.gif,75,item
Basic 12 Hole Ocarina,https://grundoscafe.b-cdn.net/items/basic_12_hole_ocarina.gif,75,item
Battle Ready!,https://grundoscafe.b-cdn.net/items/faeriebook_battleready.gif,75,item
Bendy Yellow Pencil,https://grundoscafe.b-cdn.net/items/school_22.gif,75,item
Berry Cola Slushie,https://grundoscafe.b-cdn.net/items/slush_berrycola.gif,75,item
Blended Lemaniac,https://grundoscafe.b-cdn.net/items/food_blended_lemaniac.gif,75,item
Blended Merryberry,https://grundoscafe.b-cdn.net/items/food_blended_merryberry.gif,75,item
Blended Pipper,https://grundoscafe.b-cdn.net/items/food_blended_pipper.gif,75,item
Blue Disembodied Tuskaninny Puppet,https://grundoscafe.b-cdn.net/items/toy_tuskaninny_puppet.gif,75,item
Blue Gnorbu Brush,https://grundoscafe.b-cdn.net/items/gro_gnorbu_brush.gif,75,item
Blue Marbleman T-Shirt,https://grundoscafe.b-cdn.net/items/tshirt_marblemen_blue.gif,75,item
Blue Raspberry Zafara Shaved Ice,https://grundoscafe.b-cdn.net/items/blueraspberry_zaf_shavedice.gif,75,item
Blue Shoyru Plushie,https://grundoscafe.b-cdn.net/items/shoyruplush4.gif,75,item
Blue Spotted Food Bowl,https://grundoscafe.b-cdn.net/items/pps_bowl_bluedot.gif,75,item
Blue Tuskaninny Plushie,https://grundoscafe.b-cdn.net/items/toy_bluetuskaninny.gif,75,item
Blue Tuskaninny Tales,https://grundoscafe.b-cdn.net/items/book_tusk_head.gif,75,item
Blue Uni Toy,https://grundoscafe.b-cdn.net/items/blue_uni_toy.gif,75,item
Blurtle,https://grundoscafe.b-cdn.net/items/krawkpet_7.gif,75,item
Box of Fake Gems,https://grundoscafe.b-cdn.net/items/toy_fake_gems.gif,75,item
Bread,https://grundoscafe.b-cdn.net/items/bread.gif,75,item
Bruce Beauty Tips,https://grundoscafe.b-cdn.net/items/boo_bruce_beautytips.gif,75,item
Bulbous,https://grundoscafe.b-cdn.net/items/space_petpet_3.gif,75,item
Buzz Honey,https://grundoscafe.b-cdn.net/items/d_food34.gif,75,item
Candy Peas,https://grundoscafe.b-cdn.net/items/candypeas.gif,75,item
Captain Threelegs,https://grundoscafe.b-cdn.net/items/purpletradingcardback.gif,75,item
Chatter,https://grundoscafe.b-cdn.net/items/robo_4.gif,75,item
Cheese and Mushroom Hot Dog,https://grundoscafe.b-cdn.net/items/hdo_swissmushroom.gif,75,item
Chocolate Caramel Elephante Cookie,https://grundoscafe.b-cdn.net/items/bak_ele_cookie2.gif,75,item
Chocolate Dipped Marshmallow Grundo,https://grundoscafe.b-cdn.net/items/spf_marshgrund_choc.gif,75,item
Chocolate Kau Pat,https://grundoscafe.b-cdn.net/items/food_kau_patty.gif,75,item
Chocolate Pteri Eggs,https://grundoscafe.b-cdn.net/items/food_pteriegg.gif,75,item
Chocolate Roll,https://grundoscafe.b-cdn.net/items/food_chocorolls.gif,75,item
Chocolate Techo Foot,https://grundoscafe.b-cdn.net/items/food_techo_choc_stik.gif,75,item
Chocolate Yurble Meringue Cookie,https://grundoscafe.b-cdn.net/items/bak_choco_yurblemeringue.gif,75,item
Chomby Dental Care,https://grundoscafe.b-cdn.net/items/book_chomby_dental.gif,75,item
Christmas Kougra Stamp,https://grundoscafe.b-cdn.net/items/stamp_snowy_kougra.gif,75,item
Christmas Pteri Plushie,https://grundoscafe.b-cdn.net/items/plu_pteri_christmas.gif,75,item
Chunky Cauliflower Soup,https://grundoscafe.b-cdn.net/items/hfo_cauliflower_soup.gif,75,item
Chyrsaberry Pizza,https://grundoscafe.b-cdn.net/items/pizza_chyrsaberry.gif,75,item
Cocolatte Fruit,https://grundoscafe.b-cdn.net/items/food_cocolatte_fruit.gif,75,item
Coconut Bed,https://grundoscafe.b-cdn.net/items/co_bed.gif,75,item
Cosmic Broccoli,https://grundoscafe.b-cdn.net/items/spf_broccoli.gif,75,item
Cowgirl Usuki,https://grundoscafe.b-cdn.net/items/doll_usul_9.gif,75,item
Crazy About Quiggles,https://grundoscafe.b-cdn.net/items/book_quiggle_crazy.gif,75,item
Custard Hissi Plushie,https://grundoscafe.b-cdn.net/items/plu_custard_hissi.gif,75,item
Darigan Bubble Blower,https://grundoscafe.b-cdn.net/items/dto_bubble_blower.gif,75,item
Darigan Dentistry Play Set,https://grundoscafe.b-cdn.net/items/dto_dentistry_game.gif,75,item
Darigan Dominoes,https://grundoscafe.b-cdn.net/items/dto_dominoes.gif,75,item
Dark Chocolate Acara,https://grundoscafe.b-cdn.net/items/darkchoc_acara.gif,75,item
Dehydrated Chicken Dumplings,https://grundoscafe.b-cdn.net/items/spc_dhydrted_chickdump.gif,75,item
Deluxe Sun Hat,https://grundoscafe.b-cdn.net/items/sun-hat.gif,75,item
Double Hot Dog,https://grundoscafe.b-cdn.net/items/hotdog_double.gif,75,item
Dung Bed,https://grundoscafe.b-cdn.net/items/dung_12.gif,75,item
Earth Faerie Brownies,https://grundoscafe.b-cdn.net/items/faerie_food_brownies.gif,75,item
Eggnay,https://grundoscafe.b-cdn.net/items/negg_eggnay.gif,75,item
Ettaphant Bouncy Ball,https://grundoscafe.b-cdn.net/items/pps_ettaphant_ball.gif,75,item
Evil Muffin,https://grundoscafe.b-cdn.net/items/bd_muffin_evil.gif,75,item
Evil Snowball,https://grundoscafe.b-cdn.net/items/snowball_3.gif,75,Snowball
Eyrie Soap,https://grundoscafe.b-cdn.net/items/gro_eyrie_soap.gif,75,item
Feeding Your Chomby,https://grundoscafe.b-cdn.net/items/book_chomby_3.gif,75,item
Feeding Your Elephante,https://grundoscafe.b-cdn.net/items/book_elephant_feeding.gif,75,item
Fire Rock Helmet,https://grundoscafe.b-cdn.net/items/f_helmet.gif,75,item
Flaming Bomberry Tea,https://grundoscafe.b-cdn.net/items/coff_flamingbombtea.gif,75,item
Frizz Free Mane Cloth,https://grundoscafe.b-cdn.net/items/groom_uni_cloth.gif,75,item
Frosty Snowman Stamp,https://grundoscafe.b-cdn.net/items/stamp_snowy_man.gif,75,item
Fruit Sensation Korbat Cake,https://grundoscafe.b-cdn.net/items/food_korbatcake2.gif,75,item
Funky Blue Table,https://grundoscafe.b-cdn.net/items/funky_blue_bar.gif,75,item
Gathering Food Effectively,https://grundoscafe.b-cdn.net/items/book_mynci1.gif,75,item
Gnorbu Knitting,https://grundoscafe.b-cdn.net/items/boo_gnorbu_yarn.gif,75,item
Grarrl Keno,https://grundoscafe.b-cdn.net/items/book_grarrlkeno.gif,75,item
Green Backpack,https://grundoscafe.b-cdn.net/items/school_12.gif,75,item
Green Koi Keyring,https://grundoscafe.b-cdn.net/items/keychain_greenkoi.gif,75,item
Green Mynci Sand Bottle,https://grundoscafe.b-cdn.net/items/tiki_mynci_green_sand.gif,75,item
Green Shoyru Plushie,https://grundoscafe.b-cdn.net/items/shoyruplush2.gif,75,item
Green Uni Toy,https://grundoscafe.b-cdn.net/items/green_uni_toy.gif,75,item
Gummy Fish,https://grundoscafe.b-cdn.net/items/food_swedishfish.gif,75,item
Haiku Stamp,https://grundoscafe.b-cdn.net/items/stamp_island_haiku.gif,75,item
Happy Wocky Tails,https://grundoscafe.b-cdn.net/items/book_wocky2002_2.gif,75,item
Horus,https://grundoscafe.b-cdn.net/items/pet_des_3.gif,75,item
Hot Burnumup,https://grundoscafe.b-cdn.net/items/d_food42.gif,75,item
Intergalactic Planet Dairy,https://grundoscafe.b-cdn.net/items/spc_planet_dairy.gif,75,item
Invisible Tuskaninny Balloon,https://grundoscafe.b-cdn.net/items/bal_invisible_tusk.gif,75,item
Ixi Heroes,https://grundoscafe.b-cdn.net/items/boo_ixi_heroes.gif,75,item
Jade Shield of the Ogrin,https://grundoscafe.b-cdn.net/items/bd_ogrin_shield.gif,75,item
Juicy Warterberry,https://grundoscafe.b-cdn.net/items/tro_warterberry.gif,75,item
Kadoatie Food Storage,https://grundoscafe.b-cdn.net/items/pps_kadoatie_foodstorage.gif,75,item
Karaoke Usuki Set,https://grundoscafe.b-cdn.net/items/usuki_1.gif,75,item
Kateil,https://grundoscafe.b-cdn.net/items/kateil_green.gif,75,item
Koi Beauty Tips,https://grundoscafe.b-cdn.net/items/book_koi_beauty.gif,75,item
Kougra Loyalty,https://grundoscafe.b-cdn.net/items/boo_kougra_loyalty.gif,75,item
Krakuberry Mince Pie,https://grundoscafe.b-cdn.net/items/food_mincepie1.gif,75,item
Krawk Brand Crisps,https://grundoscafe.b-cdn.net/items/food_krawkchips.gif,75,item
Large Banana Split Smoothie,https://grundoscafe.b-cdn.net/items/smo_large_bananasplit.gif,75,item
Learn-to-paint Set,https://grundoscafe.b-cdn.net/items/paintset_giftshop.gif,75,item
Lenny Language,https://grundoscafe.b-cdn.net/items/boo_lenny_language.gif,75,item
Lime Bori Lolly,https://grundoscafe.b-cdn.net/items/can_borilolly_green.gif,75,item
Lime Neodrops,https://grundoscafe.b-cdn.net/items/candy_limeneodrops.gif,75,item
Lost Desert Dagger,https://grundoscafe.b-cdn.net/items/bd_desert_knife2.gif,75,item
Lupe Mysteries,https://grundoscafe.b-cdn.net/items/book_lupemysteries.gif,75,item
Mathematics In Space,https://grundoscafe.b-cdn.net/items/bbo_krel_maths.gif,75,item
Mega Churro Smoothie,https://grundoscafe.b-cdn.net/items/smo_mega_churro.gif,75,item
Mega Kalery Smoothie,https://grundoscafe.b-cdn.net/items/smo_celery_kale.gif,75,item
Merry Matey My Pretty Uni,https://grundoscafe.b-cdn.net/items/mpu_pirate.gif,75,item
Milk Chocolate Flotsam Cookie,https://grundoscafe.b-cdn.net/items/food_flotsam_cookie2.gif,75,item
Milky Moo Ice Lolly,https://grundoscafe.b-cdn.net/items/food_cowicecream.gif,75,item
Mint Chocolate Wocky,https://grundoscafe.b-cdn.net/items/mintchoco_wocky.gif,75,item
Musical Mini Usukis,https://grundoscafe.b-cdn.net/items/usu_miniusuki_set.gif,75,item
Mutant Meerca Plushie,https://grundoscafe.b-cdn.net/items/plu_meerca_mutant.gif,75,item
Mynci Tail Lollypops,https://grundoscafe.b-cdn.net/items/food_mynci_lolly.gif,75,item
Mynci Wiggling Eyes Book,https://grundoscafe.b-cdn.net/items/book_mynci_eyes.gif,75,item
Nerkin Jelly Beans,https://grundoscafe.b-cdn.net/items/food_jellybeans04.gif,75,item
Nimmo Meditation,https://grundoscafe.b-cdn.net/items/book_nimmo2.gif,75,item
Nuranna,https://grundoscafe.b-cdn.net/items/pets_nuranna.gif,75,item
Ogrin Meatballs,https://grundoscafe.b-cdn.net/items/foo_ogrinmeatballs.gif,75,item
Orange Roll,https://grundoscafe.b-cdn.net/items/food_orangerolls.gif,75,item
Orange Split Chia Pop,https://grundoscafe.b-cdn.net/items/snow_splitchiapop.gif,75,item
Orbiting Eclair,https://grundoscafe.b-cdn.net/items/spc_orbitingeclair.gif,75,item
Pango Chute,https://grundoscafe.b-cdn.net/items/tropical_pangochute.gif,75,item
Peadackle,https://grundoscafe.b-cdn.net/items/pet_peadackle.gif,75,item
Peophin Cards,https://grundoscafe.b-cdn.net/items/toy_peophin_cards.gif,75,item
Pink Grundo Bath Sponge,https://grundoscafe.b-cdn.net/items/gro_grundosponge_pink.gif,75,item
Pinklet,https://grundoscafe.b-cdn.net/items/pet_pinklet.gif,75,item
Pin the Tail on the Pteri,https://grundoscafe.b-cdn.net/items/toy_orange_pteri_tail.gif,75,item
Plushie Trumpet,https://grundoscafe.b-cdn.net/items/inst_trumpet_plushie.gif,75,item
Pork Steak,https://grundoscafe.b-cdn.net/items/food_pork_steak.gif,75,item
Potion of Concealment,https://grundoscafe.b-cdn.net/items/camouflage.gif,75,item
Pretty Bouquet,https://grundoscafe.b-cdn.net/items/gift_val_flowers.gif,75,item
Pteri Combat Jacket,https://grundoscafe.b-cdn.net/items/pteri_jacket.gif,75,item
Purple Grundo Stamp,https://grundoscafe.b-cdn.net/items/stamp_space_grundo.gif,75,item
Quiggle Swimming Guide,https://grundoscafe.b-cdn.net/items/boo_quiggle_swim.gif,75,item
Rainbow Bagel,https://grundoscafe.b-cdn.net/items/rainbow_bagel.gif,75,item
Rainbow Faerie Tales,https://grundoscafe.b-cdn.net/items/bk_faerie_rainbow1.gif,75,item
Rangamelon,https://grundoscafe.b-cdn.net/items/food_rangamelon.gif,75,item
Raspberry Neodrops,https://grundoscafe.b-cdn.net/items/candy_raspberryneodrops.gif,75,item
Red Juppie,https://grundoscafe.b-cdn.net/items/tropical_redjuppie.gif,75,item
Red Mountain Bike,https://grundoscafe.b-cdn.net/items/redbike.gif,75,item
Red Ruki Scooter,https://grundoscafe.b-cdn.net/items/toy_ruki_scooter.gif,75,item
Robocrush,https://grundoscafe.b-cdn.net/items/rpp_petpet3.gif,75,item
Sceeby,https://grundoscafe.b-cdn.net/items/sceeby.gif,75,item
Scorchio Cooks,https://grundoscafe.b-cdn.net/items/book_scor_cook.gif,75,item
Scorchio Mummy,https://grundoscafe.b-cdn.net/items/purpletradingcardback.gif,75,item
Seafood Pasty,https://grundoscafe.b-cdn.net/items/food_pasty_6.gif,75,item
Silver Chomby Plushie,https://grundoscafe.b-cdn.net/items/chombyplush6.gif,75,item
Single Scoop of Sorbet,https://grundoscafe.b-cdn.net/items/icc_singlescoop.gif,75,item
Slorg Feeder,https://grundoscafe.b-cdn.net/items/pps_slorg_feeder.gif,75,item
Snow Brucicle,https://grundoscafe.b-cdn.net/items/foo_brucicle_snow.gif,75,item
Snow Mote,https://grundoscafe.b-cdn.net/items/newmote3.gif,75,item
Spicy Tomato Soup,https://grundoscafe.b-cdn.net/items/foo_soup_tomato.gif,75,item
Spider Licorice,https://grundoscafe.b-cdn.net/items/spider_licorice.gif,75,item
Spike Fashion,https://grundoscafe.b-cdn.net/items/book_chomby_spike.gif,75,item
Spoogentberry Ixi Hoofprint Cookie,https://grundoscafe.b-cdn.net/items/bak_ixi_strawberry.gif,75,item
Spooky Korbat Stories,https://grundoscafe.b-cdn.net/items/boo_korbat_spooky.gif,75,item
Springy Mootix Toy,https://grundoscafe.b-cdn.net/items/fur_petpet_springymootix.gif,75,item
Starburst Bottle,https://grundoscafe.b-cdn.net/items/potion35.gif,75,item
Steamed Carp,https://grundoscafe.b-cdn.net/items/carp_dish.gif,75,item
Steamed Spardel Bun,https://grundoscafe.b-cdn.net/items/foo_cny_steamspar.gif,75,item
Stone Box,https://grundoscafe.b-cdn.net/items/stone_05.gif,75,item
Strawberry Fruit Pancakes,https://grundoscafe.b-cdn.net/items/foo_pancakes_strawberry.gif,75,item
"Stripe, the Strange Skeith",https://grundoscafe.b-cdn.net/items/book_skeithstripe.gif,75,item
Stylish Striped My Pretty Uni,https://grundoscafe.b-cdn.net/items/mpu_stylish_striped.gif,75,item
Supernova,https://grundoscafe.b-cdn.net/items/supernova.gif,75,item
Super Sourmelon Tea,https://grundoscafe.b-cdn.net/items/coff_greenteajelly.gif,75,item
Sweet Tooth Soup,https://grundoscafe.b-cdn.net/items/sweet_tooth_soup.gif,75,item
Techo Dance,https://grundoscafe.b-cdn.net/items/book_techo_dance.gif,75,item
The Kau Files,https://grundoscafe.b-cdn.net/items/book_kau_files.gif,75,item
The Korbat Who Couldnt Hang,https://grundoscafe.b-cdn.net/items/book_kor_hang.gif,75,item
The Loneliest Xweetok,https://grundoscafe.b-cdn.net/items/boo_xweetok_lonliest.gif,75,item
The Pterrible Pteri,https://grundoscafe.b-cdn.net/items/book_pteri4.gif,75,item
The Royal Book of Colouring,https://grundoscafe.b-cdn.net/items/bvb_colouring.gif,75,item
The Wicked Little Uni,https://grundoscafe.b-cdn.net/items/boo_wickedlittleuni.gif,75,item
Thornberry Jelly,https://grundoscafe.b-cdn.net/items/coff_thornberryjelly.gif,75,item
Time For Xweetok Talk,https://grundoscafe.b-cdn.net/items/boo_xweetok_talk.gif,75,item
Time Travel,https://grundoscafe.b-cdn.net/items/book_timetravel.gif,75,item
Turtmid,https://grundoscafe.b-cdn.net/items/turtmid_brown.gif,75,item
Ubikiberry Elixir,https://grundoscafe.b-cdn.net/items/potion33.gif,75,item
Uni Veggie Wrap,https://grundoscafe.b-cdn.net/items/hfo_uni_hornwrap.gif,75,item
Urchull,https://grundoscafe.b-cdn.net/items/urchull_brown.gif,75,item
Ursula Usul,https://grundoscafe.b-cdn.net/items/purpletradingcardback.gif,75,item
Usuki Back to School Set,https://grundoscafe.b-cdn.net/items/usuki_backtoschool.gif,75,item
Valentines Muffin,https://grundoscafe.b-cdn.net/items/food_val_muffin.gif,75,item
Vanilla Gnorbu Cupcake,https://grundoscafe.b-cdn.net/items/foo_gnorbu_cupcake.gif,75,item
Vanilla Kau Cream Cake,https://grundoscafe.b-cdn.net/items/fo_kaupie_yellow.gif,75,item
Veggies Made Easy,https://grundoscafe.b-cdn.net/items/boo_cybunny_veggies.gif,75,item
Wesley Clearheart,https://grundoscafe.b-cdn.net/items/purpletradingcardback.gif,75,item
White Chocolate Cybunny Cookie,https://grundoscafe.b-cdn.net/items/cook_cy_sugar.gif,75,item
White Chocolate Pear,https://grundoscafe.b-cdn.net/items/food_whtpear.gif,75,item
Wind Up Mutant Jetsam,https://grundoscafe.b-cdn.net/items/toy_jetsam_windup.gif,75,item
Wocky Beauty Tips,https://grundoscafe.b-cdn.net/items/book_wocky2002_1.gif,75,item
Wocky Jewellery,https://grundoscafe.b-cdn.net/items/book_wocky_jewelry.gif,75,item
Wocky T-Shirt,https://grundoscafe.b-cdn.net/items/wockytshirt.gif,75,item
Wooden Desk,https://grundoscafe.b-cdn.net/items/wood_desk.gif,75,item
Wooden Rocking Uni,https://grundoscafe.b-cdn.net/items/toy_wooden_unirocker.gif,75,item
Yellow Korbat Plushie,https://grundoscafe.b-cdn.net/items/toy_korbat_plushie3.gif,75,item
Yellow Mynci Plushie,https://grundoscafe.b-cdn.net/items/toy_mynci_plushie3.gif,75,item
Yellow Pull Along Chia,https://grundoscafe.b-cdn.net/items/toy_chia_pull.gif,75,item
Yellow Pull Along Hissi,https://grundoscafe.b-cdn.net/items/toy_hissi_pull.gif,75,item
Yellow Sandcastle Set,https://grundoscafe.b-cdn.net/items/item_bucket3.gif,75,item
Zafara Crossword Puzzles,https://grundoscafe.b-cdn.net/items/book_zafara1.gif,75,item
Zen Rug,https://grundoscafe.b-cdn.net/items/zen_rug.gif,75,item
Altalaphus,https://grundoscafe.b-cdn.net/items/wootle.gif,76,item
Antimatter Alphabet Book Collection,https://grundoscafe.b-cdn.net/items/book_antimatter.gif,76,item
Appaloosa My Pretty Uni,https://grundoscafe.b-cdn.net/items/mpu_appaloosa.gif,76,item
Appletastic Ice Lolly,https://grundoscafe.b-cdn.net/items/food_vegiicecream.gif,76,item
A Quiggles Life,https://grundoscafe.b-cdn.net/items/boo_quiggle_life.gif,76,item
A Smatter of Mustard,https://grundoscafe.b-cdn.net/items/foo_smattering_mustard.gif,76,item
Attack Pea Stamp,https://grundoscafe.b-cdn.net/items/sta_bd_attackpea.gif,76,item
Baby Buzz Book,https://grundoscafe.b-cdn.net/items/boo_buzz_baby.gif,76,item
Bad Soup,https://grundoscafe.b-cdn.net/items/soup_bad.gif,76,item
Bat Cookie,https://grundoscafe.b-cdn.net/items/bat_cookie.gif,76,item
Beetroot Ice Cream,https://grundoscafe.b-cdn.net/items/foo_beetroot_icecream.gif,76,item
Black Hole Jellybeans,https://grundoscafe.b-cdn.net/items/spc_blackhole_jellybeans.gif,76,item
Blue Berry Aisha Ice Cream,https://grundoscafe.b-cdn.net/items/foo_aisha_blueberrycone.gif,76,item
Blueberry Fruit Pancakes,https://grundoscafe.b-cdn.net/items/foo_pancakes_blueberry.gif,76,item
Blueberry Gummy Peophin,https://grundoscafe.b-cdn.net/items/can_peogum_blueberry.gif,76,item
Blue Gnorbu Comb,https://grundoscafe.b-cdn.net/items/gro_gnorbu_comb.gif,76,item
Blue Kazoo,https://grundoscafe.b-cdn.net/items/inst_kazoo_blue.gif,76,item
Bruce Snowball Strategies,https://grundoscafe.b-cdn.net/items/boo_bruce_snowball.gif,76,item
Caramel Skeith Cookie,https://grundoscafe.b-cdn.net/items/food_skeith_cookie1.gif,76,item
Checked Kitchen Chair,https://grundoscafe.b-cdn.net/items/fur_chair_kitchen.gif,76,item
Chocolate Blumaroo Waffles,https://grundoscafe.b-cdn.net/items/bak_blumaroo_waffles_choc.gif,76,item
Chocolate Zafara,https://grundoscafe.b-cdn.net/items/food_zafara_stick.gif,76,item
Chunky Mushroom Soup,https://grundoscafe.b-cdn.net/items/foo_soup_mushroom.gif,76,item
Clever Clogs Usuki,https://grundoscafe.b-cdn.net/items/usuki_nerd.gif,76,item
Cybunny Carrot Cookie,https://grundoscafe.b-cdn.net/items/food_cyb_cookie.gif,76,item
Darigan Dice Set,https://grundoscafe.b-cdn.net/items/dto_dice_set.gif,76,item
Darigan Maze Game,https://grundoscafe.b-cdn.net/items/dto_mazegame.gif,76,item
Darigan Stacking Rings,https://grundoscafe.b-cdn.net/items/dto_babyring_toy.gif,76,item
Darigan Tea Set,https://grundoscafe.b-cdn.net/items/dto_tea_set.gif,76,item
Dark Chocolate Aisha,https://grundoscafe.b-cdn.net/items/darkchoc_aisha.gif,76,item
Deluxe Ham Sub,https://grundoscafe.b-cdn.net/items/food_sndwch4.gif,76,item
Desert Scorchio Care Guide,https://grundoscafe.b-cdn.net/items/boo_scorchio_deserttips.gif,76,item
Designer Blackened Potato,https://grundoscafe.b-cdn.net/items/mfo_blackened_potato.gif,76,item
Digging Gnorbu Gnome,https://grundoscafe.b-cdn.net/items/gar_gnorbu_gnome.gif,76,item
Disco Nimmo Puppet,https://grundoscafe.b-cdn.net/items/toy_nimmo_fingerpuppet.gif,76,item
Drillaroot,https://grundoscafe.b-cdn.net/items/tro_drillroot.gif,76,item
Dust Mote,https://grundoscafe.b-cdn.net/items/newmote5.gif,76,item
Entertainment Center,https://grundoscafe.b-cdn.net/items/ent_center.gif,76,item
Farlax V,https://grundoscafe.b-cdn.net/items/purpletradingcardback.gif,76,item
Fire Acara Plushie,https://grundoscafe.b-cdn.net/items/plu_acara_fire.gif,76,item
Fire Utility Belt,https://grundoscafe.b-cdn.net/items/f_belt.gif,76,item
Floating Pigs in Blankets,https://grundoscafe.b-cdn.net/items/spc_floating_pigblankets.gif,76,item
Flying Moquot Toy,https://grundoscafe.b-cdn.net/items/pps_moquot_flyingtoy.gif,76,item
Fried Courgette,https://grundoscafe.b-cdn.net/items/mfo_courgette_fried.gif,76,item
Geometry Level 2,https://grundoscafe.b-cdn.net/items/book_geometry2.gif,76,item
Gloof Stick,https://grundoscafe.b-cdn.net/items/spc_gloofstick.gif,76,item
Good Soup,https://grundoscafe.b-cdn.net/items/soup_good.gif,76,item
Gooseberry Mousse,https://grundoscafe.b-cdn.net/items/food_goose_mousse.gif,76,item
Green Chia Pencil Holder,https://grundoscafe.b-cdn.net/items/school_15.gif,76,item
Green Grarrl Mirror,https://grundoscafe.b-cdn.net/items/groom_grarrlmirror.gif,76,item
Green Tuskaninny Plushie,https://grundoscafe.b-cdn.net/items/toy_greentuskaninny.gif,76,item
Grey Carmariller Plushie,https://grundoscafe.b-cdn.net/items/plu_grey_carmariller.gif,76,item
Guide to Maraquan Krawks,https://grundoscafe.b-cdn.net/items/book_krawk_maraquan.gif,76,item
Hegred Aishann,https://grundoscafe.b-cdn.net/items/purpletradingcardback.gif,76,item
Hoof Polish,https://grundoscafe.b-cdn.net/items/groom_uni_hoofpolish.gif,76,item
Hot Dog Squeaky Toy,https://grundoscafe.b-cdn.net/items/pps_hotdog_squeeky.gif,76,item
How To Keep Korbats Happy,https://grundoscafe.b-cdn.net/items/book_kor_hap.gif,76,item
Iyana the Earth Faerie,https://grundoscafe.b-cdn.net/items/purpletradingcardback.gif,76,item
Jetsam Balloon,https://grundoscafe.b-cdn.net/items/toy_jetsam_balloon.gif,76,item
Jhuidah Stamp,https://grundoscafe.b-cdn.net/items/stamp_jhuidah1.gif,76,item
Kacheek Earmuffs,https://grundoscafe.b-cdn.net/items/toy_kacheek_muff.gif,76,item
Kau Congrats Card,https://grundoscafe.b-cdn.net/items/gif_gradcard2.gif,76,item
Kyrii ABCs,https://grundoscafe.b-cdn.net/items/book_kyrii_abc.gif,76,item
Large Basil Lentil Smoothie,https://grundoscafe.b-cdn.net/items/smo_large_basillentil.gif,76,item
Lenny Comics,https://grundoscafe.b-cdn.net/items/boo_lenny_comics.gif,76,item
Lenny Curator,https://grundoscafe.b-cdn.net/items/purpletradingcardback.gif,76,item
Lenny Love,https://grundoscafe.b-cdn.net/items/book_lenny_love.gif,76,item
Looking Like A Moehog,https://grundoscafe.b-cdn.net/items/book_moehog5.gif,76,item
Lost Desert Sphinx Stamp,https://grundoscafe.b-cdn.net/items/sta_kacheeksphinx.gif,76,item
Marshmallow Roast Coffee,https://grundoscafe.b-cdn.net/items/coff_grey_marsh.gif,76,item
Mortog Water Bowl,https://grundoscafe.b-cdn.net/items/pps_mortog_bowl.gif,76,item
Mustard Mayhem Grarrl Gobstopper,https://grundoscafe.b-cdn.net/items/gob_mustard.gif,76,item
Mutant Usul Stamp,https://grundoscafe.b-cdn.net/items/stamp_haunted_mutantusul.gif,76,item
Ona Usuki Set,https://grundoscafe.b-cdn.net/items/usu_ona_set.gif,76,item
Orange Chocolate Grarrl,https://grundoscafe.b-cdn.net/items/orangechoc_grarrl.gif,76,item
Osiris Pottery Stamp,https://grundoscafe.b-cdn.net/items/stamp_desert_pottery.gif,76,item
Peophin Dart Gun,https://grundoscafe.b-cdn.net/items/toy_peophin_dartgun.gif,76,item
Pink Pteri Plushie,https://grundoscafe.b-cdn.net/items/toy_pteri_pink.gif,76,item
Pink Tile Patio Chair,https://grundoscafe.b-cdn.net/items/ga_chair_pinky.gif,76,item
Plushie Banjo,https://grundoscafe.b-cdn.net/items/inst_banjo_plushie.gif,76,item
Pumpkin-Filled Doughnut,https://grundoscafe.b-cdn.net/items/bak_pumpkin_filleddoughnut.gif,76,item
Red Uni Toy,https://grundoscafe.b-cdn.net/items/red_uni_toy.gif,76,item
Red Zafara Plushie,https://grundoscafe.b-cdn.net/items/toy_zaf_red.gif,76,item
Rubber Mozito Bone,https://grundoscafe.b-cdn.net/items/pet_bone_mozito.gif,76,item
Skeith Sock Puppet,https://grundoscafe.b-cdn.net/items/toy_skeith_sockpuppet.gif,76,item
Split Meerca Plushie,https://grundoscafe.b-cdn.net/items/plu_meerca_split.gif,76,item
Springy Veespa Toy,https://grundoscafe.b-cdn.net/items/pet_post_veespa.gif,76,item
Stick-O-Mynci,https://grundoscafe.b-cdn.net/items/d_food44.gif,76,item
Summer Postcards,https://grundoscafe.b-cdn.net/items/boo_summer_postcard.gif,76,item
Super Sticky Kacheek Candy Apple,https://grundoscafe.b-cdn.net/items/food_kacheek_candyapple.gif,76,item
Tasty Corn Dog,https://grundoscafe.b-cdn.net/items/hotdog_corn.gif,76,item
Techo in Love,https://grundoscafe.b-cdn.net/items/book_techo_love.gif,76,item
The Techo Cookbook,https://grundoscafe.b-cdn.net/items/book_techo_cook.gif,76,item
Torn Valentines Day Card,https://grundoscafe.b-cdn.net/items/gif_torn_valcard.gif,76,item
Tug-O-War Card,https://grundoscafe.b-cdn.net/items/purpletradingcardback.gif,76,item
Tyrowbee,https://grundoscafe.b-cdn.net/items/tyrowbee_orange.gif,76,item
Uni Pops,https://grundoscafe.b-cdn.net/items/candy_unipops.gif,76,item
Uni-versity,https://grundoscafe.b-cdn.net/items/boo_uni_versity.gif,76,item
Usuki Perfect Nails Set,https://grundoscafe.b-cdn.net/items/usuki_nails.gif,76,item
Usul Tail Shampoo,https://grundoscafe.b-cdn.net/items/gro_usul_tailshampoo.gif,76,item
Vanilla Ghost Cake,https://grundoscafe.b-cdn.net/items/food_spooky_ghost.gif,76,item
Wheelie,https://grundoscafe.b-cdn.net/items/robo_5.gif,76,item
White Chocolate Mynci,https://grundoscafe.b-cdn.net/items/can_mynci_white_choc.gif,76,item
White Chocolate Ruki,https://grundoscafe.b-cdn.net/items/can_ruki_whitechoc.gif,76,item
Wooden Building Blocks,https://grundoscafe.b-cdn.net/items/toy_wood_blocks.gif,76,item
Wooden Grarrl Skeleton,https://grundoscafe.b-cdn.net/items/toy_grarrl_woodenskeleton.gif,76,item
Xweetok Sugar Cookies,https://grundoscafe.b-cdn.net/items/foo_xweetok_sugarcookies.gif,76,item
Yellow Crocus,https://grundoscafe.b-cdn.net/items/gar_crocus_yellow.gif,76,item
Yellow Snowflake,https://grundoscafe.b-cdn.net/items/bd_snowflake_yellow.gif,76,item
Yurble Meringue Cookie,https://grundoscafe.b-cdn.net/items/bak_cookie_yurblemeringue.gif,76,item
Zap Bottle,https://grundoscafe.b-cdn.net/items/potion40.gif,76,item
A Camouflage Scorchios Journal,https://grundoscafe.b-cdn.net/items/boo_scorchio_camouflage.gif,77,item
Aisha Lollyswirl,https://grundoscafe.b-cdn.net/items/can_aishalollyswirl.gif,77,item
All About Water Faeries,https://grundoscafe.b-cdn.net/items/book_waterfaerie.gif,77,item
Anniversary Spotted Kau Plushie,https://grundoscafe.b-cdn.net/items/anniv_spotted_kau_plu.gif,77,item
Apple Soup,https://grundoscafe.b-cdn.net/items/hea_appledish2.gif,77,item
A Smatter of Mayo,https://grundoscafe.b-cdn.net/items/foo_smattering_mayo.gif,77,item
Birthday Cake Frappe,https://grundoscafe.b-cdn.net/items/birthday_frappe.gif,77,item
Bitty Baby My Pretty Uni,https://grundoscafe.b-cdn.net/items/mpu_bitty_baby.gif,77,item
Blumaroo Waffles,https://grundoscafe.b-cdn.net/items/bak_blumaroo_waffles_plain.gif,77,item
Blumbs,https://grundoscafe.b-cdn.net/items/plant_blumbs.gif,77,item
Bouncy Peophin Ball,https://grundoscafe.b-cdn.net/items/toy_peophin_ball.gif,77,item
Broken Heart Soup,https://grundoscafe.b-cdn.net/items/broken_heart_soup.gif,77,item
Buzz Alchemist,https://grundoscafe.b-cdn.net/items/purpletradingcardback.gif,77,item
Cactopus Cream,https://grundoscafe.b-cdn.net/items/med_cactocream.gif,77,item
Caramel Swirl Frappe,https://grundoscafe.b-cdn.net/items/caramel_frappe.gif,77,item
Castle Window,https://grundoscafe.b-cdn.net/items/bvg_castle_window.gif,77,item
Chocolate Banana Pteri Egg,https://grundoscafe.b-cdn.net/items/can_pteriegg_banana.gif,77,item
Chocolate Chomby Ice Cream Sandwich,https://grundoscafe.b-cdn.net/items/foo_chomby_icecream_sandwic.gif,77,item
Chocolate Drizzle Frappe,https://grundoscafe.b-cdn.net/items/chocolate_frappe.gif,77,item
Chocolate Jetsam Fin,https://grundoscafe.b-cdn.net/items/food_jetsam_chocstik.gif,77,item
Chocolate Xweetok Biscuit,https://grundoscafe.b-cdn.net/items/bak_xweetok_chobiscuit.gif,77,item
Chokato Brucicle,https://grundoscafe.b-cdn.net/items/foo_brucicle_chokato.gif,77,item
Chunky Cherry Grarrl Gobstopper,https://grundoscafe.b-cdn.net/items/gob_morningbreath.gif,77,item
Coconut JubJub Plushie,https://grundoscafe.b-cdn.net/items/island_jub_plush.gif,77,item
Creature Factory Toy,https://grundoscafe.b-cdn.net/items/dto_creature_factory.gif,77,item
Darigan Bouquet-Making Craft Set,https://grundoscafe.b-cdn.net/items/dto_flowercraft_set.gif,77,item
Darigan Eyrie Action Figure,https://grundoscafe.b-cdn.net/items/dto_dariganeyrie_action.gif,77,item
Darigan Paper Airplane,https://grundoscafe.b-cdn.net/items/dto_paper_airplane.gif,77,item
Dark Chocolate Blumaroo,https://grundoscafe.b-cdn.net/items/darkchoc_blumaroo.gif,77,item
Dark Chocolate Ruki,https://grundoscafe.b-cdn.net/items/can_ruki_darkchoc.gif,77,item
Easy Peophin Recipes,https://grundoscafe.b-cdn.net/items/boo_peophin_easyrecipes.gif,77,item
Eitchtwoo Melon,https://grundoscafe.b-cdn.net/items/food_h20melon.gif,77,item
Enhanced Solar Gauntlet,https://grundoscafe.b-cdn.net/items/space_mutant_gauntlet.gif,77,item
Extra Thick Goggles,https://grundoscafe.b-cdn.net/items/thick_goggles.gif,77,item
Feather Hat Cake,https://grundoscafe.b-cdn.net/items/bak_featherhat_cake.gif,77,item
Fruit Punch Roll,https://grundoscafe.b-cdn.net/items/food_fruitpunchrolls.gif,77,item
Gallion Lolly,https://grundoscafe.b-cdn.net/items/can_lolli_gallion.gif,77,item
Geometry Level 3,https://grundoscafe.b-cdn.net/items/book_geometry3.gif,77,item
Gnorbu Conditioning Shampoo,https://grundoscafe.b-cdn.net/items/gro_gnorbu_conditioner.gif,77,item
Golden Goblet,https://grundoscafe.b-cdn.net/items/gif_golden_goblet.gif,77,item
Grackle the Chia Bomber,https://grundoscafe.b-cdn.net/items/purpletradingcardback.gif,77,item
Green Flower Stained Glass Window Cookie,https://grundoscafe.b-cdn.net/items/bak_stainedglass_2.gif,77,item
Hopso Plushie,https://grundoscafe.b-cdn.net/items/Pink_Hopso_Plushie.gif,77,item
Kougras Paw Ocarina,https://grundoscafe.b-cdn.net/items/kougras_paw_ocarina.gif,77,item
Large Strawberry Kiwi Smoothie,https://grundoscafe.b-cdn.net/items/smo_large_strawberrykiwi.gif,77,item
Lemon Yurble Meringue Cookie,https://grundoscafe.b-cdn.net/items/bak_lemon_yurblemeringue.gif,77,item
Lime Gummy Peophin,https://grundoscafe.b-cdn.net/items/can_peogum_lime.gif,77,item
Matcha Green Tea Frappe,https://grundoscafe.b-cdn.net/items/matcha_frappe.gif,77,item
Mighty Melon Ice Lolly,https://grundoscafe.b-cdn.net/items/food_watermelonicecream.gif,77,item
Mystery Dessert Goo,https://grundoscafe.b-cdn.net/items/spc_mystery_strawtube.gif,77,item
Ogrin Pasta,https://grundoscafe.b-cdn.net/items/foo_ogrinpasta.gif,77,item
Orangeberry Krawkade,https://grundoscafe.b-cdn.net/items/food_krawkade_orange.gif,77,item
Orange Bori Lolly,https://grundoscafe.b-cdn.net/items/can_borilolly_orange.gif,77,item
Orange Chocolate Grundo,https://grundoscafe.b-cdn.net/items/foo_orangechoc_grundo.gif,77,item
Pink Usul Nail Varnish,https://grundoscafe.b-cdn.net/items/gro_usul_polish.gif.gif,77,item
Poogle Pot Pie,https://grundoscafe.b-cdn.net/items/foo_poogle_potpie.gif,77,item
Purple Ogrin Puzzle,https://grundoscafe.b-cdn.net/items/toy_puzzle_purple_ogrin.gif,77,item
Purple Pteri Plushie,https://grundoscafe.b-cdn.net/items/toy_pteri_purple.gif,77,item
Rainblug Chew Toy,https://grundoscafe.b-cdn.net/items/pps_rainblug_chewtoy.gif,77,item
Rainbow Warf Lolly,https://grundoscafe.b-cdn.net/items/can_lolli_warf.gif,77,item
Red Kacheek Plushie,https://grundoscafe.b-cdn.net/items/toy_kacheekred.gif,77,item
Red Tuskaninny Plushie,https://grundoscafe.b-cdn.net/items/toy_redtuskaninny.gif,77,item
Retro Blue Fuzzle,https://grundoscafe.b-cdn.net/items/fuzzle_retro_blue.gif,77,item
Retro Green Fuzzle,https://grundoscafe.b-cdn.net/items/fuzzle_retro_green.gif,77,item
Retro Orange Fuzzle,https://grundoscafe.b-cdn.net/items/fuzzle_retro_orange.gif,77,item
Retro Yellow Fuzzle,https://grundoscafe.b-cdn.net/items/fuzzle_retro_yellow.gif,77,item
Rocket Fizzy Drink,https://grundoscafe.b-cdn.net/items/spc_rocket_ale.gif,77,item
Rotten Beetroot,https://grundoscafe.b-cdn.net/items/bd_rotten_beet.gif,77,item
Sauteed Space Rock,https://grundoscafe.b-cdn.net/items/spc_sauteedspacerock.gif,77,item
Spindly Mushrooms,https://grundoscafe.b-cdn.net/items/mushroom5.gif,77,item
Steamed Warf Bun,https://grundoscafe.b-cdn.net/items/foo_cny_steamwarf.gif,77,item
Strawberry Ogrin Biscuit,https://grundoscafe.b-cdn.net/items/bak_ogrin_strawbiscuit.gif,77,item
Summer Mirror,https://grundoscafe.b-cdn.net/items/gro_summer_mirror.gif,77,item
Swirly Mint Mynci,https://grundoscafe.b-cdn.net/items/can_mynci_mint_choc_swirl.gif,77,item
The Big Book of Karma,https://grundoscafe.b-cdn.net/items/faeriebook_bigbookofkarma.gif,77,item
The Snow Aisha Adventure,https://grundoscafe.b-cdn.net/items/boo_snow_aisha.gif,77,item
Toroidoughnut,https://grundoscafe.b-cdn.net/items/spf_doughnut.gif,77,item
Tuna Jacket Potato,https://grundoscafe.b-cdn.net/items/food_tater10.gif,77,item
Turmac Bouncy Ball,https://grundoscafe.b-cdn.net/items/pps_turmac_ball.gif,77,item
Twirly Fruit Ixi Hoofprint Cookie,https://grundoscafe.b-cdn.net/items/bak_ixi_lime.gif,77,item
Uni Shoes My Pretty Uni Set,https://grundoscafe.b-cdn.net/items/mpu_set_uni_shoes.gif,77,item
Usuki Nail Clippers,https://grundoscafe.b-cdn.net/items/gro_usuki_nailclipper.gif,77,item
Valentine Kazoo,https://grundoscafe.b-cdn.net/items/inst_valentinekazoo.gif,77,item
Vanilla Gnorbu Biscuit,https://grundoscafe.b-cdn.net/items/bak_gnorbu_vanbiscuit.gif,77,item
Vegetarian Stuffed Courgette,https://grundoscafe.b-cdn.net/items/mfo_courgette_veggiestuffed.gif,77,item
Very Strawberry Frappe,https://grundoscafe.b-cdn.net/items/strawberry_frappe.gif,77,item
Vial of Pure Water,https://grundoscafe.b-cdn.net/items/vial_of_pure_water.gif,77,item
Vinyl Darigan Meerca Toy,https://grundoscafe.b-cdn.net/items/dto_meerca_vinyl.gif,77,item
Wain,https://grundoscafe.b-cdn.net/items/space_petpet_4.gif,77,item
Where The Elephantes Roam,https://grundoscafe.b-cdn.net/items/book_elephante_5.gif,77,item
White Chocolate Gnorbu,https://grundoscafe.b-cdn.net/items/can_whitechoco_gnorbu.gif,77,item
White Chocolate Hissi,https://grundoscafe.b-cdn.net/items/can_hissi_whtchoc.gif,77,item
White Chocolate Krawk Coin,https://grundoscafe.b-cdn.net/items/can_krawkcoin_vanilla.gif,77,item
Wilted Red Roses,https://grundoscafe.b-cdn.net/items/gif_wilted_roses.gif,77,item
Wind Up Cooty,https://grundoscafe.b-cdn.net/items/pet_windup_cooty.gif,77,item
Wine Gums,https://grundoscafe.b-cdn.net/items/food_winegums.gif,77,item
Xweetok Veggie Crepe,https://grundoscafe.b-cdn.net/items/foo_xweetok_veggiecrepe.gif,77,item
Yellow Kiko Keyring,https://grundoscafe.b-cdn.net/items/keychain_yellowkiko.gif,77,item
Yellow Uni Toy,https://grundoscafe.b-cdn.net/items/yellow_uni_toy.gif,77,item
Zen Sofa,https://grundoscafe.b-cdn.net/items/zen_sofa.gif,77,item
Acara Cool,https://grundoscafe.b-cdn.net/items/boo_acara_cool.gif,78,item
Acara Rainbow Lollypop,https://grundoscafe.b-cdn.net/items/food_acara_lolly.gif,78,item
Accordion,https://grundoscafe.b-cdn.net/items/mus_accordian.gif,78,item
Advanced NeoHTML,https://grundoscafe.b-cdn.net/items/boo_lenny_neohtml.gif,78,item
A Krawks Grey Day,https://grundoscafe.b-cdn.net/items/book_krawk_greyday.gif,78,item
Albat Food Bowl,https://grundoscafe.b-cdn.net/items/pps_albat_bowl.gif,78,item
A Lenny Apprentice,https://grundoscafe.b-cdn.net/items/boo_orange_apprentice.gif,78,item
All About Buzz,https://grundoscafe.b-cdn.net/items/boo_buzz_allabtbuzz.gif,78,item
All About Ogrins,https://grundoscafe.b-cdn.net/items/boo_ogrin_boardbook.gif,78,item
ARRRR! A Pirate Scorchios Tale,https://grundoscafe.b-cdn.net/items/boo_scorchio_pirateloots.gif,78,item
A Smatter of Ketchup,https://grundoscafe.b-cdn.net/items/foo_smattering_ketchup.gif,78,item
Baby Scorchio Milk Cake,https://grundoscafe.b-cdn.net/items/bak_scorchio_babymilkcake.gif,78,item
Bananarific Ice Lolly,https://grundoscafe.b-cdn.net/items/food_bananaicecream.gif,78,item
Beans on Toast,https://grundoscafe.b-cdn.net/items/beans_on_toast.gif,78,item
Blackened Honey,https://grundoscafe.b-cdn.net/items/mfo_blackened_honey.gif,78,item
BLT Sandwich with Cheese,https://grundoscafe.b-cdn.net/items/food_sndwch3.gif,78,item
Blue Kadoatie Music Box,https://grundoscafe.b-cdn.net/items/toy_musicbox_kadoatie.gif,78,item
Book of Bruce,https://grundoscafe.b-cdn.net/items/book_bruce1.gif,78,item
Bowl of Mushy Peas,https://grundoscafe.b-cdn.net/items/food_bowl_beans.gif,78,item
Bubblegum Cybunny,https://grundoscafe.b-cdn.net/items/can_bubblegum_cybunny.gif,78,item
Buzzer Clay Sculpture Set,https://grundoscafe.b-cdn.net/items/toy_clayset_buzzer.gif,78,item
Captain Astounding,https://grundoscafe.b-cdn.net/items/purpletradingcardback.gif,78,item
Caramel Creams,https://grundoscafe.b-cdn.net/items/food_caramelcreams.gif,78,item
Caramel Dipped Skeith Wings,https://grundoscafe.b-cdn.net/items/food_skeith_wings.gif,78,item
Castanets,https://grundoscafe.b-cdn.net/items/imus_castanets.gif,78,item
Celestial Faerie My Pretty Uni,https://grundoscafe.b-cdn.net/items/mpu_celestial_faerie.gif,78,item
Checkered Kiko Plushie,https://grundoscafe.b-cdn.net/items/toy_kiko_checkered.gif,78,item
Cheerleader Usuki,https://grundoscafe.b-cdn.net/items/doll_usul_10.gif,78,item
Cherry Tuskaninny Pop,https://grundoscafe.b-cdn.net/items/foo_tuskcicle_cherry.gif,78,item
Chocolate Chip Cookie JubJub Cake,https://grundoscafe.b-cdn.net/items/food_jubjub_chipcake.gif,78,item
Chocolate Poogle Cupcake,https://grundoscafe.b-cdn.net/items/food_poog_cup2.gif,78,item
Chocolate Rainbow Layer Cake,https://grundoscafe.b-cdn.net/items/chocolate_rainbow_layer_cake.gif,78,item
Claw Of The Bori,https://grundoscafe.b-cdn.net/items/boo_bori_claw.gif,78,item
Cream of Tchea Soup,https://grundoscafe.b-cdn.net/items/foo_soup_tchea.gif,78,item
Darigan Garden Set,https://grundoscafe.b-cdn.net/items/dto_garden_set.gif,78,item
Darigan Spinning Spikes Top,https://grundoscafe.b-cdn.net/items/dto_spiketop.gif,78,item
Darigan Water Balloon,https://grundoscafe.b-cdn.net/items/dto_water_balloon.gif,78,item
Dark Chocolate Bruce,https://grundoscafe.b-cdn.net/items/darkchoc_bruce.gif,78,item
Deflated Heart Balloon,https://grundoscafe.b-cdn.net/items/gif_deflated_heartballoon.gif,78,item
Deluxe Bouquet,https://grundoscafe.b-cdn.net/items/gif_deluxe_bouquet.gif,78,item
Doglefox Candy Floss,https://grundoscafe.b-cdn.net/items/foo_doglefox_cottoncandy.gif,78,item
Eggy Weggs,https://grundoscafe.b-cdn.net/items/cereal_2.gif,78,item
Elephante Fossils,https://grundoscafe.b-cdn.net/items/boo_ele_fossils.gif,78,item
Fiery Flames Ice Lolly,https://grundoscafe.b-cdn.net/items/food_flameicecream.gif,78,item
Flat Neopia,https://grundoscafe.b-cdn.net/items/book_flatneopia.gif,78,item
Fun With Flotsams,https://grundoscafe.b-cdn.net/items/book_flotsam1.gif,78,item
Fyora Kite,https://grundoscafe.b-cdn.net/items/toy_fyora_kite.gif,78,item
Geometry Level 1,https://grundoscafe.b-cdn.net/items/book_geometry1.gif,78,item
Glowing Acara Soup,https://grundoscafe.b-cdn.net/items/foo_acaraglowing_soup.gif,78,item
Gnorbu Shears,https://grundoscafe.b-cdn.net/items/gro_gnorbu_shears.gif,78,item
Gnorbu Wool and Jelly Sandwich,https://grundoscafe.b-cdn.net/items/foo_gnorbu_jellywich.gif,78,item
Golden Tangerines,https://grundoscafe.b-cdn.net/items/foo_cny_goldentangerine.gif,78,item
Grapefruit Biscuits,https://grundoscafe.b-cdn.net/items/food_grapefruit_biscuits.gif,78,item
Grarrg The Great,https://grundoscafe.b-cdn.net/items/book_grarrg.gif,78,item
Grarrl Hair Goo,https://grundoscafe.b-cdn.net/items/groom_grarrlgoo.gif,78,item
Green Spardel Ball,https://grundoscafe.b-cdn.net/items/toy_spardel_ball.gif,78,item
Green Sticky Rice Cake,https://grundoscafe.b-cdn.net/items/green_sticky_rice_cake.gif,78,item
Grey Eye Shadow,https://grundoscafe.b-cdn.net/items/gro_grey_eyeshadow.gif,78,item
Groom Me NOW Usul,https://grundoscafe.b-cdn.net/items/dto_groommenow_usul.gif,78,item
Helm of Darkness,https://grundoscafe.b-cdn.net/items/bd_helmofdark.gif,78,item
Heroic Hissi,https://grundoscafe.b-cdn.net/items/boo_hissi_heroic.gif,78,item
Hissi Mazes,https://grundoscafe.b-cdn.net/items/boo_hissi_mazes.gif,78,item
History of the Brightvale Book Shop,https://grundoscafe.b-cdn.net/items/bvb_history_bookshop.gif,78,item
Immense Rubber Axe of Doom,https://grundoscafe.b-cdn.net/items/bd_axe_03.gif,78,item
Intergalactic Chewy Stuff,https://grundoscafe.b-cdn.net/items/spc_taffy.gif,78,item
Island Lenny Feather Fan,https://grundoscafe.b-cdn.net/items/gif_lennyfeatherfan_island.gif,78,item
JubJub Cake,https://grundoscafe.b-cdn.net/items/bak_jubjubcake.gif,78,item
Jug of Fresh Phearade,https://grundoscafe.b-cdn.net/items/foo_fresh_phearade.gif,78,item
Kacheek Meatball,https://grundoscafe.b-cdn.net/items/food_kacheek_meatball.gif,78,item
Kacheek Secrets,https://grundoscafe.b-cdn.net/items/book_kacheek_diary.gif,78,item
Kau Sorbet,https://grundoscafe.b-cdn.net/items/food_kau_drink.gif,78,item
Knowledge and Honour,https://grundoscafe.b-cdn.net/items/bvb_knowledge_honor.gif,78,item
Korbat Meringue,https://grundoscafe.b-cdn.net/items/food_korbat_pinkcake.gif,78,item
Kougras of Tyrannia,https://grundoscafe.b-cdn.net/items/boo_tyrannian_kougra.gif,78,item
Kyrii Faerie Tales,https://grundoscafe.b-cdn.net/items/boo_kyrii_faerietales.gif,78,item
Kyrii Hair Styles,https://grundoscafe.b-cdn.net/items/boo_kyrii_hairstyles.gif,78,item
Lamberts Expeditions,https://grundoscafe.b-cdn.net/items/bvb_lambert_expedition.gif,78,item
Large Lemon Ginger Smoothie,https://grundoscafe.b-cdn.net/items/smo_large_lemonginger.gif,78,item
Laugh Grenade,https://grundoscafe.b-cdn.net/items/space_laugh-grenade.gif,78,item
Lemon Meringue Tea,https://grundoscafe.b-cdn.net/items/coff_jellyfoam.gif,78,item
Lemon Tuskaninny Pop,https://grundoscafe.b-cdn.net/items/foo_tuskcicle_lemon.gif,78,item
Lemwart Ixi Hoofprint Cookie,https://grundoscafe.b-cdn.net/items/bak_ixi_lemwart.gif,78,item
Lentil And Bean Hot Dog,https://grundoscafe.b-cdn.net/items/hotdog_veggie.gif,78,item
Lime Tuskaninny Pop,https://grundoscafe.b-cdn.net/items/foo_tuskcicle_lime.gif,78,item
Maractite Mynci Sand Bottle,https://grundoscafe.b-cdn.net/items/tiki_mynci_mara_sand.gif,78,item
Meat Kebab,https://grundoscafe.b-cdn.net/items/med_meat_kebab.gif,78,item
Meaty Gnorbu Pie,https://grundoscafe.b-cdn.net/items/foo_gnorbu_pie.gif,78,item
Meerca Fashion Season 1,https://grundoscafe.b-cdn.net/items/book_meerca_2.gif,78,item
Mega Carrot Muffin,https://grundoscafe.b-cdn.net/items/food_cyb_muffin.gif,78,item
Melow,https://grundoscafe.b-cdn.net/items/food_melow.gif,78,item
Miamouse,https://grundoscafe.b-cdn.net/items/faerie_pet8.gif,78,item
Milk Chocolate JubJub Cake,https://grundoscafe.b-cdn.net/items/bak_jubjubchoc.gif,78,item
Milk Chocolate Krawk Coin,https://grundoscafe.b-cdn.net/items/can_krawkcoin_choc.gif,78,item
Mint Chocolate Chia Pop,https://grundoscafe.b-cdn.net/items/snow_mintchocchiapop.gif,78,item
Mint Chocolate Gnorbu,https://grundoscafe.b-cdn.net/items/can_mintchoco_gnorbu.gif,78,item
Mint Chocolate Usul,https://grundoscafe.b-cdn.net/items/mintchoco_usul.gif,78,item
Moonberry,https://grundoscafe.b-cdn.net/items/moon_fruit.gif,78,item
Multicoloured Pen,https://grundoscafe.b-cdn.net/items/sch_pen_multicolour.gif,78,item
Mystery Food Tube,https://grundoscafe.b-cdn.net/items/spc_mystery_tubefood.gif,78,item
Nimmo Winter Tales,https://grundoscafe.b-cdn.net/items/book_nimmo4.gif,78,item
Ogrin Peanut Butter and Jelly Sandwich,https://grundoscafe.b-cdn.net/items/foo_ogrinpbnj.gif,78,item
Oil and Nuts Slushie,https://grundoscafe.b-cdn.net/items/foo_metal_oilslushie.gif,78,item
Oops! All Brakuberries Stamp,https://grundoscafe.b-cdn.net/items/stamp_brakuberries.gif,78,item
Orange Carrot Smoothie,https://grundoscafe.b-cdn.net/items/smo_reg_orange_carrot.gif,78,item
Orange Chocolate Jetsam,https://grundoscafe.b-cdn.net/items/orangechoc_jetsam.gif,78,item
Orange Gummy Peophin,https://grundoscafe.b-cdn.net/items/can_peogum_orange.gif,78,item
Ornate Bucket of Sand,https://grundoscafe.b-cdn.net/items/tiki_bucket_sand.gif,78,item
Peopatra Stamp,https://grundoscafe.b-cdn.net/items/stamp_desert_peopatra.gif,78,item
Peophin Bath Toy,https://grundoscafe.b-cdn.net/items/toy_peophin_windup.gif,78,item
Petpet Scratching Tree,https://grundoscafe.b-cdn.net/items/petpet_toy_scratchpost1.gif,78,item
Pinceron,https://grundoscafe.b-cdn.net/items/robo_1.gif,78,item
Pineapple Cubes,https://grundoscafe.b-cdn.net/items/food_pineapplecubes.gif,78,item
Pink Usul Soap,https://grundoscafe.b-cdn.net/items/gro_usul_soap.gif,78,item
Pixxi Squash,https://grundoscafe.b-cdn.net/items/space_pixie_squash.gif,78,item
Pocket Feather,https://grundoscafe.b-cdn.net/items/bd_draik_feather.gif,78,item
Poogy Stamp,https://grundoscafe.b-cdn.net/items/stamp_poogy.gif,78,item
Pterpy,https://grundoscafe.b-cdn.net/items/toy_pterpy.gif,78,item
Pumpkin Chip Surprise,https://grundoscafe.b-cdn.net/items/food_spooky_pumpkin.gif,78,item
Purple Pull Along Tuskaninny,https://grundoscafe.b-cdn.net/items/toy_tuskaninny_pully.gif,78,item
Rainbow Gelert Lollypop,https://grundoscafe.b-cdn.net/items/food_gelert_lolly.gif,78,item
Rainbow Shaved Ice,https://grundoscafe.b-cdn.net/items/sno_shavedice_rainbow.gif,78,item
Raspberry Tuskaninny Pop,https://grundoscafe.b-cdn.net/items/foo_tuskcicle_rasp.gif,78,item
Robot Kougra Maintenance,https://grundoscafe.b-cdn.net/items/book_kougrarobot.gif,78,item
Sauce Drenched Pizza,https://grundoscafe.b-cdn.net/items/pizza_sauce.gif,78,item
Scorchio Scrapbook,https://grundoscafe.b-cdn.net/items/book_scorchio_scrap.gif,78,item
Scratching Driftwood,https://grundoscafe.b-cdn.net/items/pps_driftwood_scratchingpost.gif,78,item
Seaweed Bacon,https://grundoscafe.b-cdn.net/items/food_seaweed_bacon.gif,78,item
Shoyru Summer,https://grundoscafe.b-cdn.net/items/boo_shoyru_summer.gif,78,item
Snoogy,https://grundoscafe.b-cdn.net/items/space_petpet_7.gif,78,item
Snorkle,https://grundoscafe.b-cdn.net/items/pets_piggy.gif,78,item
Space Slug Soup,https://grundoscafe.b-cdn.net/items/spc_spaceslugsoup.gif,78,item
Speckled Pteri Plushie,https://grundoscafe.b-cdn.net/items/toy_pteri_speckled.gif,78,item
Spooky Gravestone Stamp,https://grundoscafe.b-cdn.net/items/stamp_hal_rip.gif,78,item
Spring Rolls,https://grundoscafe.b-cdn.net/items/spring_rolls.gif,78,item
Springy Lady Blurg Toy,https://grundoscafe.b-cdn.net/items/pet_post_ladyblurg.gif,78,item
Squeaky Gelert Toy,https://grundoscafe.b-cdn.net/items/toy_gelert_squeaky.gif,78,item
Stone and Slime Slushie,https://grundoscafe.b-cdn.net/items/slush_stone_slime.gif,78,item
Strawberry Blumaroo Waffles,https://grundoscafe.b-cdn.net/items/bak_blumaroo_waffles_straw.gif,78,item
Strawberry Bruce Muffin,https://grundoscafe.b-cdn.net/items/foo_brucecake_straw.gif,78,item
Strawberry Butter Tea,https://grundoscafe.b-cdn.net/items/coff_butter_tea.gif,78,item
Strawberry Delight Aisha Cake,https://grundoscafe.b-cdn.net/items/food_cake_aisha3.gif,78,item
Strawberry Jetsam Ice Cream,https://grundoscafe.b-cdn.net/items/food_jetsam_scoop.gif,78,item
Strawberry Ruki Biscuit,https://grundoscafe.b-cdn.net/items/bak_ruki_cukistraw.gif,78,item
Strawberry Yurble Meringue Cookie,https://grundoscafe.b-cdn.net/items/bak_strawberry_yurblemering.gif,78,item
Super Icy Negg,https://grundoscafe.b-cdn.net/items/negg_super.gif,78,item
Sweet and Sour Soup,https://grundoscafe.b-cdn.net/items/foo_sweetsour_soup.gif,78,item
Swirly Chocolate Hissi,https://grundoscafe.b-cdn.net/items/can_hissi_swirlchoc.gif,78,item
Swirly Chocolate Mynci,https://grundoscafe.b-cdn.net/items/can_mynci_milk_choc_swirl.gif,78,item
Talk Tuska,https://grundoscafe.b-cdn.net/items/bk_tusk_1.gif,78,item
Tazzalor,https://grundoscafe.b-cdn.net/items/purpletradingcardback.gif,78,item
Tchea Tea,https://grundoscafe.b-cdn.net/items/coff_tchea.gif,78,item
The Blue Island Sands of Time,https://grundoscafe.b-cdn.net/items/boo_tikisandoftime.gif,78,item
The Blue Lutari Tail,https://grundoscafe.b-cdn.net/items/boo_lutari_tail.gif,78,item
The Mortog Princess,https://grundoscafe.b-cdn.net/items/bvb_mortog_princess.gif,78,item
The Negg Faerie,https://grundoscafe.b-cdn.net/items/purpletradingcardback.gif,78,item
The Plushie Krawk Book,https://grundoscafe.b-cdn.net/items/book_krawk_plushie.gif,78,item
The Shaggy Elephante,https://grundoscafe.b-cdn.net/items/boo_shaggy_elephante.gif,78,item
The Uni That Couldnt Fly,https://grundoscafe.b-cdn.net/items/boo_uni_fly.gif,78,item
Tigerbuggle Fruit Pancakes,https://grundoscafe.b-cdn.net/items/foo_pancakes_tigerbuggle.gif,78,item
Tigerbuggle Ice Lolly,https://grundoscafe.b-cdn.net/items/food_tiger_pop.gif,78,item
Tonunishiki,https://grundoscafe.b-cdn.net/items/purpletradingcardback.gif,78,item
Trombone,https://grundoscafe.b-cdn.net/items/toy_trombone.gif,78,item
Twisted Bread,https://grundoscafe.b-cdn.net/items/mfo_twist_bread.gif,78,item
Two Rings Crusader Stamp,https://grundoscafe.b-cdn.net/items/stamp_neoquest_crusader.gif,78,item
Usuki Faerieland Play Set,https://grundoscafe.b-cdn.net/items/usu_faerieland_set.gif,78,item
Usuki Powder Puff,https://grundoscafe.b-cdn.net/items/gro_usuki_powderpuff.gif,78,item
Usuki Uni Lover Set,https://grundoscafe.b-cdn.net/items/usuki_unilover.gif,78,item
Usul Stories for Rainy Days,https://grundoscafe.b-cdn.net/items/boo_usul_rainydays.gif,78,item
Vanilla Aisha Pudding,https://grundoscafe.b-cdn.net/items/foo_aisha_pudding.gif,78,item
Vase Mug,https://grundoscafe.b-cdn.net/items/gif_vase_mug.gif,78,item
Vinyl Darigan Blumaroo Toy,https://grundoscafe.b-cdn.net/items/dto_blumaroo_vinyl.gif,78,item
White Chocolate Flotsam Cookie,https://grundoscafe.b-cdn.net/items/food_flotsam_cookie1.gif,78,item
White Chocolate Pellets,https://grundoscafe.b-cdn.net/items/food_wtchocjimmies.gif,78,item
Win!,https://grundoscafe.b-cdn.net/items/book_koi_win.gif,78,item
Wind Up Bruce,https://grundoscafe.b-cdn.net/items/toy_bruce_clockwork.gif,78,item
Wintery Bruce Stamp,https://grundoscafe.b-cdn.net/items/stamp_snowy_bruce.gif,78,item
Wocky Spaghetti Ball,https://grundoscafe.b-cdn.net/items/foo_wocky_spaghetti.gif,78,item
Wooden Pull Along Darigan Grarrl,https://grundoscafe.b-cdn.net/items/dto_grarrl_pullalong.gif,78,item
Xweetok Heads Up,https://grundoscafe.b-cdn.net/items/boo_xweetok_headsup.gif,78,item
Yellow Courgette,https://grundoscafe.b-cdn.net/items/mfo_courgette_yellow.gif,78,item
Yellow Flower Stained Glass Window Cookie,https://grundoscafe.b-cdn.net/items/bak_stainedglass_1.gif,78,item
Yellow Koi Keyring,https://grundoscafe.b-cdn.net/items/keychain_yellowkoi.gif,78,item
Yellow Usul Plushie,https://grundoscafe.b-cdn.net/items/toy_yellowusul.gif,78,item
Yellow Zafara Plushie,https://grundoscafe.b-cdn.net/items/toy_zaf_yellow.gif,78,item
Yullie,https://grundoscafe.b-cdn.net/items/yullie_yellow.gif,78,item
Yullie Water Bottle,https://grundoscafe.b-cdn.net/items/pps_yullie_waterholder.gif,78,item
Zen Curvy Drawers,https://grundoscafe.b-cdn.net/items/zen_tall_drawer.gif,78,item
Zomutt Fluffy Ball,https://grundoscafe.b-cdn.net/items/pps_zomutt_fluffyball.gif,78,item
Aisha Mushroom,https://grundoscafe.b-cdn.net/items/aisha_ears_shroom.gif,79,item
Aisha Tomato and Potato Soup,https://grundoscafe.b-cdn.net/items/foo_aisha_chunkysoup.gif,79,item
Ancient Arcana,https://grundoscafe.b-cdn.net/items/bvb_ancientarcana.gif,79,item
Angelpuss Clay Sculpture Set,https://grundoscafe.b-cdn.net/items/toy_clayset_angelpuss.gif,79,item
Angry Shoyru Friends,https://grundoscafe.b-cdn.net/items/book_shoyru_angry.gif,79,item
A Shoyrus Guide To Neopia On A Budget,https://grundoscafe.b-cdn.net/items/boo_shoyru_budget.gif,79,item
Babaa Care,https://grundoscafe.b-cdn.net/items/boo_babaacare.gif,79,item
Babaa Pencil Sharpener,https://grundoscafe.b-cdn.net/items/babaa_sharpener.gif,79,item
Bag of Peanuts,https://grundoscafe.b-cdn.net/items/food_bag_peanuts.gif,79,item
Black Cherry Lip Balm,https://grundoscafe.b-cdn.net/items/gro_lip_balm_blackcherry.gif,79,item
Blueberry and Orange Blend,https://grundoscafe.b-cdn.net/items/food_ojay2.gif,79,item
Blue Buzz Jigsaw,https://grundoscafe.b-cdn.net/items/toy_buzz_puzzle.gif,79,item
Blue Scratching Home,https://grundoscafe.b-cdn.net/items/fur_petpet_scratchhome.gif,79,item
Bone Breastplate,https://grundoscafe.b-cdn.net/items/bd_tyr_kacheek_armour.gif,79,item
Bone Chair Stamp,https://grundoscafe.b-cdn.net/items/stamp_tyrannia_furn3.gif,79,item
Brista Lightfeet,https://grundoscafe.b-cdn.net/items/purpletradingcardback.gif,79,item
Broken Heart Pendant,https://grundoscafe.b-cdn.net/items/gif_broken_heartpendant.gif,79,item
Chocolate Cherry Pteri Egg,https://grundoscafe.b-cdn.net/items/can_pteriegg_cherry.gif,79,item
Chocolate Chia Cupcake,https://grundoscafe.b-cdn.net/items/food_lupe_chocolatechia.gif,79,item
Chocolate Chip Krawk Cookie,https://grundoscafe.b-cdn.net/items/food_krawk_chocky.gif,79,item
Chocolate Draik Wing,https://grundoscafe.b-cdn.net/items/food_draik_stick.gif,79,item
Chocolate Eclair,https://grundoscafe.b-cdn.net/items/food_chocky_eclair.gif,79,item
Darigan Eyrie Stamp,https://grundoscafe.b-cdn.net/items/stamp_meridell_dareyrie.gif,79,item
Darigan Gnorbu Plushie,https://grundoscafe.b-cdn.net/items/darigan_gnorbu_plu.gif,79,item
Darigan Sprinkler,https://grundoscafe.b-cdn.net/items/dto_sprinkler.gif,79,item
Dark Chocolate Hissi,https://grundoscafe.b-cdn.net/items/can_hissi_drkchoc.gif,79,item
Dark Chocolate Pellets,https://grundoscafe.b-cdn.net/items/food_dkchocjimmies.gif,79,item
Dehydrated Fungus,https://grundoscafe.b-cdn.net/items/spc_dehyradtedfungus.gif,79,item
Directory of Brightvale Potions,https://grundoscafe.b-cdn.net/items/bvb_directory_ofbvp.gif,79,item
Double Shot of Espresso,https://grundoscafe.b-cdn.net/items/coff_strongcoffee.gif,79,item
Drackonack,https://grundoscafe.b-cdn.net/items/petpet_drackonack.gif,79,item
Dried Lupe Snack,https://grundoscafe.b-cdn.net/items/food_lupe_beefjerky.gif,79,item
Durbage,https://grundoscafe.b-cdn.net/items/mfo_veggie_4.gif,79,item
Faerie Pen,https://grundoscafe.b-cdn.net/items/school_faerie_highlighter.gif,79,item
Fire Lenny Feather Fan,https://grundoscafe.b-cdn.net/items/gif_lennyfeatherfan_fire.gif,79,item
Flaming Bomberry Krawkade,https://grundoscafe.b-cdn.net/items/smo_krawkade_fireberry.gif,79,item
Flatfruit Ixi Hoofprint Cookie,https://grundoscafe.b-cdn.net/items/bak_ixi_flatfruit.gif,79,item
Flotsam Bath Toy,https://grundoscafe.b-cdn.net/items/toy_bath_flotsam.gif,79,item
Fluffy Cybunny Yoyo,https://grundoscafe.b-cdn.net/items/toy_cybunny_yoyo.gif,79,item
Follow That Pink Koi!,https://grundoscafe.b-cdn.net/items/boo_koipink_greeting.gif,79,item
Freeze Dried Sprout Soup,https://grundoscafe.b-cdn.net/items/spc_cannedmeat.gif,79,item
Gnorbu Wool Burger,https://grundoscafe.b-cdn.net/items/foo_gnorbu_woolburger.gif,79,item
Grarrl Mythology,https://grundoscafe.b-cdn.net/items/book_grarrl_myth.gif,79,item
Green Grarrl Brush,https://grundoscafe.b-cdn.net/items/groom_grarrlbrush.gif,79,item
Gummy Worm Lollypop,https://grundoscafe.b-cdn.net/items/food_wormlollipop.gif,79,item
Hand Painted Scarab,https://grundoscafe.b-cdn.net/items/bat_desert_scarab.gif,79,item
Hermiteese,https://grundoscafe.b-cdn.net/items/hermiteese.gif,79,item
Hissi Stories,https://grundoscafe.b-cdn.net/items/boo_hissi_stories.gif,79,item
Iced Shoyru Meatball,https://grundoscafe.b-cdn.net/items/food_shoyball_cream.gif,79,item
Impermeable Cheese Log,https://grundoscafe.b-cdn.net/items/spf_cheeselog.gif,79,item
Island Brush Plushie,https://grundoscafe.b-cdn.net/items/plushie_island_pb.gif,79,item
Jelly Wocky,https://grundoscafe.b-cdn.net/items/candy_jellywocky.gif,79,item
Kau Bell,https://grundoscafe.b-cdn.net/items/imus_cowbell.gif,79,item
Large Asparagus Protein Smoothie,https://grundoscafe.b-cdn.net/items/smo_large_asparagusprotein.gif,79,item
Lazydels,https://grundoscafe.b-cdn.net/items/plant_lazydels.gif,79,item
Lemon and Orange Blend,https://grundoscafe.b-cdn.net/items/food_ojay1.gif,79,item
Lupe Burger,https://grundoscafe.b-cdn.net/items/foo_lupe_burger.gif,79,item
Meepie Tree,https://grundoscafe.b-cdn.net/items/ga_meepie.gif,79,item
Meerca Cookie,https://grundoscafe.b-cdn.net/items/food_meerca_cookie.gif,79,item
Mega Warterberry Smoothie,https://grundoscafe.b-cdn.net/items/smo_mega_warterberry.gif,79,item
Metal Ice Cream Sundae,https://grundoscafe.b-cdn.net/items/foo_metal_icecream.gif,79,item
Metalicious Ice Lolly,https://grundoscafe.b-cdn.net/items/food_metalicecream.gif,79,item
Milk Chocolate Gnorbu,https://grundoscafe.b-cdn.net/items/can_milkchoco_gnorbu.gif,79,item
Milk Chocolate Mynci,https://grundoscafe.b-cdn.net/items/can_mynci_milk_choc.gif,79,item
Minestrone Soup,https://grundoscafe.b-cdn.net/items/health_soup1.gif,79,item
Mini Koi Cereal,https://grundoscafe.b-cdn.net/items/koi_cereal.gif,79,item
Mint Chocolate Krawk Coin,https://grundoscafe.b-cdn.net/items/can_krawkcoin_mint.gif,79,item
Money Tree,https://grundoscafe.b-cdn.net/items/purpletradingcardback.gif,79,item
Nimmo of Doom,https://grundoscafe.b-cdn.net/items/book_nimmo5.gif,79,item
Nutty Chocolate Negg,https://grundoscafe.b-cdn.net/items/negg_chocolate_almond.gif,79,item
Ogrin Orange Lutari Pop,https://grundoscafe.b-cdn.net/items/sno_lutaripop_orginorange.gif,79,item
Orange Chocolate JubJub,https://grundoscafe.b-cdn.net/items/orangechoc_jubjub.gif,79,item
Orange Mynci Cookie,https://grundoscafe.b-cdn.net/items/food_mynci_orange.gif,79,item
Peanut Brittles,https://grundoscafe.b-cdn.net/items/food_peanutbrittle.gif,79,item
Peophins on Parade,https://grundoscafe.b-cdn.net/items/boo_peophin_onparade.gif,79,item
Pineapple Boat,https://grundoscafe.b-cdn.net/items/71464.gif,79,item
Pink Lemonade Gummy Peophin,https://grundoscafe.b-cdn.net/items/can_peogum_pinklemonade.gif,79,item
Plain Hissinamon Roll,https://grundoscafe.b-cdn.net/items/bak_hissinomon_plain.gif,79,item
Playful Kougra Gnome,https://grundoscafe.b-cdn.net/items/fu_gnome_kougra.gif,79,item
Poisonous Mushroom,https://grundoscafe.b-cdn.net/items/mushroom9.gif,79,item
Poogle Paw Prints,https://grundoscafe.b-cdn.net/items/boo_pooglepawprints.gif,79,item
Pretty Pink Wocky Tea Set,https://grundoscafe.b-cdn.net/items/toy_prettywocky_teaset.gif,79,item
Pull Along Koi,https://grundoscafe.b-cdn.net/items/toy_koi_pullalong.gif,79,item
Purpple,https://grundoscafe.b-cdn.net/items/food_purpple.gif,79,item
Rainbow Pteri Plushie,https://grundoscafe.b-cdn.net/items/toy_pteri_rainbow.gif,79,item
Red Wocky Sugar Cookie,https://grundoscafe.b-cdn.net/items/bak_wocky_sugar.gif,79,item
Replica TDMBGPOP Plushie,https://grundoscafe.b-cdn.net/items/plu_TDMBGPOP_replica.gif,79,item
Rock Fruit,https://grundoscafe.b-cdn.net/items/space_rock_fruit.gif,79,item
Scorchio Buffalo Bites,https://grundoscafe.b-cdn.net/items/bak_chickenbitesbuffalo.gif,79,item
Sea Darigans,https://grundoscafe.b-cdn.net/items/dto_seadarigans.gif,79,item
Seasoning Sand,https://grundoscafe.b-cdn.net/items/food_desert16.gif,79,item
Slimy Usul Cake,https://grundoscafe.b-cdn.net/items/food_usulcake4.gif,79,item
Sloth Day Soup,https://grundoscafe.b-cdn.net/items/foo_sloth_clawsoup.gif,79,item
Snowager Ball,https://grundoscafe.b-cdn.net/items/toy_snowager_ball.gif,79,item
Snow Jetsam Plushie,https://grundoscafe.b-cdn.net/items/toy_jetsamplush_snow.gif,79,item
Spice Ruki Biscuit,https://grundoscafe.b-cdn.net/items/bak_ruki_cuki.gif,79,item
Squeaky Darigan Noil Toy,https://grundoscafe.b-cdn.net/items/dto_noil_squeaky.gif,79,item
Squeaky Larnikin Toy,https://grundoscafe.b-cdn.net/items/toy_petpet_larnikin.gif,79,item
Stramberry Slushie,https://grundoscafe.b-cdn.net/items/hfo_stramberry_smoothie.gif,79,item
Strawberry Cybunny Ice Cream,https://grundoscafe.b-cdn.net/items/food_cybunny_icecream.gif,79,item
Strawberry Scorchio Treat,https://grundoscafe.b-cdn.net/items/food_scorchio_split.gif,79,item
Strawberry Wocky Pancakes,https://grundoscafe.b-cdn.net/items/foo_wocky_pancakes.gif,79,item
Techo Boomerang,https://grundoscafe.b-cdn.net/items/techo_boomerang.gif,79,item
Techo Style,https://grundoscafe.b-cdn.net/items/book_techo_style.gif,79,item
The Jovial Jetsam,https://grundoscafe.b-cdn.net/items/boo_jovial_jetsam.gif,79,item
The Red Kiko,https://grundoscafe.b-cdn.net/items/boo_kikobook.gif,79,item
The Secret Behind The Jewel,https://grundoscafe.b-cdn.net/items/book_elephante9.gif,79,item
The Usuls Almanac,https://grundoscafe.b-cdn.net/items/book_usul_almanac.gif,79,item
The Wall,https://grundoscafe.b-cdn.net/items/purpletradingcardback.gif,79,item
Tips for the Beginning Acara Battler,https://grundoscafe.b-cdn.net/items/boo_acara_fight.gif,79,item
Torpedos,https://grundoscafe.b-cdn.net/items/food_torpedos.gif,79,item
Triple Chocolate Mince Pie,https://grundoscafe.b-cdn.net/items/food_mincepie3.gif,79,item
Tug Of War Stamp,https://grundoscafe.b-cdn.net/items/sta_tugowar.gif,79,item
Valentines Chocolate Selection,https://grundoscafe.b-cdn.net/items/foo_val_chocolates1.gif,79,item
Valkyrie,https://grundoscafe.b-cdn.net/items/purpletradingcardback.gif,79,item
Vanilla Peophin Cookie,https://grundoscafe.b-cdn.net/items/food_peophin_cookie1.gif,79,item
Vanilla Poogle Cupcake,https://grundoscafe.b-cdn.net/items/food_poog_cup3.gif,79,item
Veil Shroom,https://grundoscafe.b-cdn.net/items/veil_shroom.gif,79,item
Wintery Petpet Shop Stamp,https://grundoscafe.b-cdn.net/items/stamp_snowy_ginger.gif,79,item
Woodland Elf Usuki,https://grundoscafe.b-cdn.net/items/usuki_chris_elf.gif,79,item
Yellow and Pink Spotted Food Bowl,https://grundoscafe.b-cdn.net/items/pps_bowl_pinksquare.gif,79,item
Yellow Krawk Plushie,https://grundoscafe.b-cdn.net/items/plu_krawk_yellow.gif,79,item
101 Negg Recipes,https://grundoscafe.b-cdn.net/items/book_cookneggs.gif,80,item
Acara Booster Pack,https://grundoscafe.b-cdn.net/items/booster_2.gif,80,item
Acara Day Waffles,https://grundoscafe.b-cdn.net/items/fd_acara_waffles.gif,80,item
A History of Krawks,https://grundoscafe.b-cdn.net/items/book_krawk_history.gif,80,item
Airax,https://grundoscafe.b-cdn.net/items/pet_airax.gif,80,item
Aisha Encyclopedia,https://grundoscafe.b-cdn.net/items/book_aisha_encyclopedia.gif,80,item
Aisha Sea Life,https://grundoscafe.b-cdn.net/items/boo_aisha_sealife.gif,80,item
Alien Aisha Vending Stamp,https://grundoscafe.b-cdn.net/items/stamp_neo_alienvend.gif,80,item
Alphabet,https://grundoscafe.b-cdn.net/items/book_alphabet.gif,80,item
Alpine Adventurer Usuki,https://grundoscafe.b-cdn.net/items/usuki_rainbow_ski.gif,80,item
Amazing Apple Usul Cake,https://grundoscafe.b-cdn.net/items/bak_usul_lime1.gif,80,item
Amulet of Fire,https://grundoscafe.b-cdn.net/items/magic_amuletfireoflife.gif,80,item
Ant Eaten Corn Dog,https://grundoscafe.b-cdn.net/items/food_antcornhotdog.gif,80,item
Ant Eaten Ham,https://grundoscafe.b-cdn.net/items/gross_anteatenham.gif,80,item
An Usul Autumn,https://grundoscafe.b-cdn.net/items/boo_usul_autumn.gif,80,item
Artistic Usuki,https://grundoscafe.b-cdn.net/items/usuki_artist.gif,80,item
A Special Christmas,https://grundoscafe.b-cdn.net/items/book_bruce_chris.gif,80,item
Assorted Pear Drops,https://grundoscafe.b-cdn.net/items/food_yelpinkpeardrop.gif,80,item
Babaa Pencil Case,https://grundoscafe.b-cdn.net/items/babaa_pencilcase.gif,80,item
Babaa Usuki Set,https://grundoscafe.b-cdn.net/items/usuki_baabaa.gif,80,item
Baby Aisha Plushie,https://grundoscafe.b-cdn.net/items/toy_babyaisha.gif,80,item
Baby Bruce Milk Bottle,https://grundoscafe.b-cdn.net/items/toy_bbruce_bottle.gif,80,item
Baby Buzz Manual,https://grundoscafe.b-cdn.net/items/book_babybuzz.gif,80,item
Baby Pteri Plushie,https://grundoscafe.b-cdn.net/items/plu_pteri_baby.gif,80,item
Baby Scorchio Plushie,https://grundoscafe.b-cdn.net/items/plu_scorchio_baby.gif,80,item
Baby Usul Plushie,https://grundoscafe.b-cdn.net/items/toy_babyusul.gif,80,item
Baby Wocky Plushie,https://grundoscafe.b-cdn.net/items/toy_babywocky.gif,80,item
Baby Zafara Plushie,https://grundoscafe.b-cdn.net/items/toy_babyzafara.gif,80,item
Bag of Decorative Seashells,https://grundoscafe.b-cdn.net/items/tiki_bagof_shells.gif,80,item
Banana JubJub Muffin,https://grundoscafe.b-cdn.net/items/bak_jubmuff_banana.gif,80,item
Barbat,https://grundoscafe.b-cdn.net/items/faerie_pet3.gif,80,item
Barbecue Chef Usuki,https://grundoscafe.b-cdn.net/items/usuki_bbqchef.gif,80,item
Basic Litter Tray,https://grundoscafe.b-cdn.net/items/fur_litterpan_economy.gif,80,item
Basic Mathematics,https://grundoscafe.b-cdn.net/items/book_basicmaths.gif,80,item
Basic Survival Skills,https://grundoscafe.b-cdn.net/items/book_basicsurvival.gif,80,item
Battered Grundo Battle Helmet,https://grundoscafe.b-cdn.net/items/grundo_helmet.gif,80,item
Battle 4 Meridell Game,https://grundoscafe.b-cdn.net/items/dto_battle4meridell.gif,80,item
Battledome Techniques,https://grundoscafe.b-cdn.net/items/book_mynci4.gif,80,item
Beak Shining,https://grundoscafe.b-cdn.net/items/book_beak_shining.gif,80,item
Beerlap III,https://grundoscafe.b-cdn.net/items/purpletradingcardback.gif,80,item
Benyeroberry Tea,https://grundoscafe.b-cdn.net/items/coff_benyeroberry_tea.gif,80,item
BIG book of Puzzles,https://grundoscafe.b-cdn.net/items/book_bigpuzzles.gif,80,item
Billy Blue Hat,https://grundoscafe.b-cdn.net/items/book_billyblue.gif,80,item
Black Currant Gummy Kiko,https://grundoscafe.b-cdn.net/items/fd_kiko_gummy_purple.gif,80,item
Black Fuzzle,https://grundoscafe.b-cdn.net/items/toy_blackfuzzle.gif,80,item
Blarthrox Stamp,https://grundoscafe.b-cdn.net/items/stamp_blarthrox.gif,80,item
Bloop,https://grundoscafe.b-cdn.net/items/scarypet_eight_ball.gif,80,item
Blue Acara Cake,https://grundoscafe.b-cdn.net/items/food_acara_blue.gif,80,item
Blueberry Grundo Lollypop,https://grundoscafe.b-cdn.net/items/can_grundo_blue.gif,80,item
Blueberry Jam Sandwiches,https://grundoscafe.b-cdn.net/items/food_sandwich4.gif,80,item
Blueberry Jetsam Cake,https://grundoscafe.b-cdn.net/items/bak_jetsam_bluecake.gif,80,item
Blueberry Skeith Cookie,https://grundoscafe.b-cdn.net/items/food_skeith_cookie2.gif,80,item
Blue Cap,https://grundoscafe.b-cdn.net/items/bluecap.gif,80,item
Blue Goo Techo Cake,https://grundoscafe.b-cdn.net/items/food_techo_bluegoo.gif,80,item
Blue Kiko Balloon,https://grundoscafe.b-cdn.net/items/toy_balloon_kiko.gif,80,item
Blue Oyster,https://grundoscafe.b-cdn.net/items/d_food15.gif,80,item
Blue Pencil with Eraser,https://grundoscafe.b-cdn.net/items/toy_bluepencil.gif,80,item
Blue Spardel Bowl,https://grundoscafe.b-cdn.net/items/pps_spardelbowl.gif,80,item
Blue Tonu Plushie,https://grundoscafe.b-cdn.net/items/toy_tonu1.gif,80,item
Blumaroo Comedy,https://grundoscafe.b-cdn.net/items/book_blumaroo_comedy.gif,80,item
Blumaroo Fashion,https://grundoscafe.b-cdn.net/items/boo_blumaroofashion.gif,80,item
Blumaroo Ice Cream Sundae,https://grundoscafe.b-cdn.net/items/food_blum_sundae.gif,80,item
Blumaroo Pancakes,https://grundoscafe.b-cdn.net/items/food_blum_pancakes.gif,80,item
Bowl of Flowers,https://grundoscafe.b-cdn.net/items/gif_bunch_flowers.gif,80,item
Brain Tree Stamp,https://grundoscafe.b-cdn.net/items/stamp_hal_brain.gif,80,item
Briar The Ixi,https://grundoscafe.b-cdn.net/items/boo_briarixi.gif,80,item
Brightvale Berry Stained Glass Window,https://grundoscafe.b-cdn.net/items/bvg_brightvale_berry.gif,80,item
Bruces Magic Guide,https://grundoscafe.b-cdn.net/items/book_bruce4.gif,80,item
Bubblegum Zafara Shaved Ice,https://grundoscafe.b-cdn.net/items/bubblegum_zaf_shavedice.gif,80,item
Bug Eye McGee,https://grundoscafe.b-cdn.net/items/purpletradingcardback.gif,80,item
Caramel Iced Mynci,https://grundoscafe.b-cdn.net/items/food_mynci_caramel.gif,80,item
Carburnup Pepper,https://grundoscafe.b-cdn.net/items/carburnuppepper.gif,80,item
Caring For Your Spardel,https://grundoscafe.b-cdn.net/items/toy_spardel_book.gif,80,item
Carnival of Terror Stamp,https://grundoscafe.b-cdn.net/items/stamp_haunted_carnival.gif,80,item
Carrot Stuffed Pepper,https://grundoscafe.b-cdn.net/items/foo_carrotpepper.gif,80,item
Charnie,https://grundoscafe.b-cdn.net/items/space_petpet_2.gif,80,item
Cheeky Cybunny Gnome,https://grundoscafe.b-cdn.net/items/fu_gnome_cybunny.gif,80,item
Cheese and Grapes,https://grundoscafe.b-cdn.net/items/food_fruit_cheese.gif,80,item
Cheesy Baked Apple Core,https://grundoscafe.b-cdn.net/items/food_b_apple_core.gif,80,item
Cheesy Cod and Tofu Burger,https://grundoscafe.b-cdn.net/items/waterfood_tofuburger.gif,80,item
Chef Grarrl,https://grundoscafe.b-cdn.net/items/boo_grarrl_chef.gif,80,item
Cheopple,https://grundoscafe.b-cdn.net/items/ldf_cheopple.gif,80,item
Cherry Bori Lolly,https://grundoscafe.b-cdn.net/items/can_borilolly_red.gif,80,item
Cherry Mynci Cookie,https://grundoscafe.b-cdn.net/items/food_mynci_cherry.gif,80,item
Chewy Strawberry Aisha Ears,https://grundoscafe.b-cdn.net/items/candy_aishaearsred.gif,80,item
Chia Cereal,https://grundoscafe.b-cdn.net/items/foo_chia_cereal.gif,80,item
Chia Journal,https://grundoscafe.b-cdn.net/items/book_chia_journal.gif,80,item
Chocolate Aisha Plushie,https://grundoscafe.b-cdn.net/items/PlushieChocoAisha.gif,80,item
Chocolate and Cream Kyrii,https://grundoscafe.b-cdn.net/items/choc_kyrii5.gif,80,item
Chocolate Coated Cabbage,https://grundoscafe.b-cdn.net/items/food_cab_choc.gif,80,item
Chocolate Draik Biscuit,https://grundoscafe.b-cdn.net/items/bak_draik_biscuitchoc.gif,80,item
Chocolate Eartharole,https://grundoscafe.b-cdn.net/items/food_faerie_cream.gif,80,item
Chocolate Elephante Doughnut,https://grundoscafe.b-cdn.net/items/foo_elephante_doughnut.gif,80,item
Chocolate Faerie Log,https://grundoscafe.b-cdn.net/items/ffo_log_chocolate.gif,80,item
Chocolate Heart,https://grundoscafe.b-cdn.net/items/food_chocheart.gif,80,item
Chocolate Honey,https://grundoscafe.b-cdn.net/items/sugarbeechochoney.gif,80,item
Chocolate Hot Dog,https://grundoscafe.b-cdn.net/items/food_chockolatehotdog.gif,80,item
Chocolate Ice Cream,https://grundoscafe.b-cdn.net/items/chocicecream.gif,80,item
Chocolate Ixi Cookies,https://grundoscafe.b-cdn.net/items/food_ixi_cookies.gif,80,item
Chocolate Ixi Leaf,https://grundoscafe.b-cdn.net/items/food_ixi_leaf.gif,80,item
Chocolate Kiko Cookie,https://grundoscafe.b-cdn.net/items/food_kiko_cookie.gif,80,item
Chocolate Korbat Ice Lolly,https://grundoscafe.b-cdn.net/items/spooky_chockorbat.gif,80,item
Chocolate Lenny on a Stick,https://grundoscafe.b-cdn.net/items/food_lenny_stick.gif,80,item
Chocolate Mint Slushie,https://grundoscafe.b-cdn.net/items/slush_chocmint.gif,80,item
Chocolate Moehog Head,https://grundoscafe.b-cdn.net/items/food_chocmoehog5.gif,80,item
Chocolate Nimmo Dessert,https://grundoscafe.b-cdn.net/items/food_nimmochocodessert.gif,80,item
Chocolate Swirl Nova,https://grundoscafe.b-cdn.net/items/foo_chocolate_nova1.gif,80,item
Chocolate Tonu Cookie,https://grundoscafe.b-cdn.net/items/food_tonu_cook1.gif,80,item
Chocolate Werelupe Cookie,https://grundoscafe.b-cdn.net/items/foo_werelupe_chocolate.gif,80,item
Chocolate Wocky Paws,https://grundoscafe.b-cdn.net/items/baked_wockypaws.gif,80,item
Chocolate Wocky Plushie,https://grundoscafe.b-cdn.net/items/PlushieChocoWocky.gif,80,item
Chocolate Yurble Plushie,https://grundoscafe.b-cdn.net/items/plu_chocoyurble.gif,80,item
Chomato,https://grundoscafe.b-cdn.net/items/ldf_fruit2.gif,80,item
Chomby Baby Food,https://grundoscafe.b-cdn.net/items/boo_chomby_babyfood.gif,80,item
Chomby Carnival,https://grundoscafe.b-cdn.net/items/book_chomby_carnival.gif,80,item
Chomby Leafy Crunch,https://grundoscafe.b-cdn.net/items/food_chomby_leafycrunch.gif,80,item
Chomby Pie,https://grundoscafe.b-cdn.net/items/food_chomby_pie.gif,80,item
Chombytastic,https://grundoscafe.b-cdn.net/items/book_chombytastic.gif,80,item
Choosing Kacheeks,https://grundoscafe.b-cdn.net/items/book_choosekacheek.gif,80,item
Christmas Zafara Stamp,https://grundoscafe.b-cdn.net/items/stamp_snowy_zafara.gif,80,item
Citadel Building Blocks,https://grundoscafe.b-cdn.net/items/dto_citadelblocks.gif,80,item
Classic Moehog Tales,https://grundoscafe.b-cdn.net/items/book_moehog_classic.gif,80,item
Classic Uni Jokes,https://grundoscafe.b-cdn.net/items/boo_uni_jokes.gif,80,item
Cloud Aisha Burger,https://grundoscafe.b-cdn.net/items/cloud_burger.gif,80,item
Cloud Elephantes,https://grundoscafe.b-cdn.net/items/book_ele_cloud.gif,80,item
Cloud Kiko Plushie,https://grundoscafe.b-cdn.net/items/toy_kiko_cloud.gif,80,item
Cobrall Coffee,https://grundoscafe.b-cdn.net/items/coff_cobrall.gif,80,item
Coco Stamp,https://grundoscafe.b-cdn.net/items/stamp_mys_coc.gif,80,item
Coco Whip Slushie,https://grundoscafe.b-cdn.net/items/slush_cocowhip.gif,80,item
Cooking For Skeiths,https://grundoscafe.b-cdn.net/items/boo_skeith2004_2.gif,80,item
Coral Orb,https://grundoscafe.b-cdn.net/items/coralorb.gif,80,item
Corn On The Cob,https://grundoscafe.b-cdn.net/items/food_roasted_corn.gif,80,item
Cosmic Cheese Stars,https://grundoscafe.b-cdn.net/items/space_stars.gif,80,item
Crafty Mynci Tricks,https://grundoscafe.b-cdn.net/items/boo_mynci_tricks.gif,80,item
Crunchy Buzz Honey Delight,https://grundoscafe.b-cdn.net/items/foo_cereal_buzzhoney.gif,80,item
Cybunny Soap Opera,https://grundoscafe.b-cdn.net/items/book_cybunny_opera.gif,80,item
Darigan Elemental Stamp,https://grundoscafe.b-cdn.net/items/stamp_darigan_elemental.gif,80,item
Dark Chocolate Buzz,https://grundoscafe.b-cdn.net/items/darkchoc_buzz.gif,80,item
Dark Chocolate Gnorbu,https://grundoscafe.b-cdn.net/items/can_darkchoco_gnorbu.gif,80,item
Dark Chocolate Peophin,https://grundoscafe.b-cdn.net/items/can_peophin_darkchocolate.gif,80,item
Dark Chocolate Techo,https://grundoscafe.b-cdn.net/items/can_techo_darkchocolate.gif,80,item
Dartail,https://grundoscafe.b-cdn.net/items/dartail_yellow.gif,80,item
Deep Underwater,https://grundoscafe.b-cdn.net/items/boo_chomby_underwater.gif,80,item
Deluxe Ruki Cracker,https://grundoscafe.b-cdn.net/items/toy_cracker_ruki.gif,80,item
Disco Dancer My Pretty Uni,https://grundoscafe.b-cdn.net/items/mpu_disco_dancer.gif,80,item
Disco Squeaky Petpet Toy,https://grundoscafe.b-cdn.net/items/pps_disco_toy.gif,80,item
Discover Xweetoks,https://grundoscafe.b-cdn.net/items/boo_xweetok_discover.gif,80,item
Djuti,https://grundoscafe.b-cdn.net/items/petpet_des_djuti.gif,80,item
Double Caramel Techo Cookie,https://grundoscafe.b-cdn.net/items/choc_techo2.gif,80,item
Double Scoop of Sorbet,https://grundoscafe.b-cdn.net/items/icc_doublescoop.gif,80,item
Drackonack Yoyo,https://grundoscafe.b-cdn.net/items/dto_drackonack_yoyo.gif,80,item
Draik Ditties,https://grundoscafe.b-cdn.net/items/boo_draikditties.gif,80,item
Draik Legends,https://grundoscafe.b-cdn.net/items/boo_draik_legends.gif,80,item
Dried Date Sweets,https://grundoscafe.b-cdn.net/items/foo_cny_drieddatescandy.gif,80,item
Dueling For Elephantes,https://grundoscafe.b-cdn.net/items/boo_dueling_elephantes.gif,80,item
Dung Pizza,https://grundoscafe.b-cdn.net/items/food_dung_pizza.gif,80,item
Dynandae,https://grundoscafe.b-cdn.net/items/basic_dynandae.gif,80,item
Electro-Boy,https://grundoscafe.b-cdn.net/items/purpletradingcardback.gif,80,item
Elegant Elephante,https://grundoscafe.b-cdn.net/items/book_elephant_elegant.gif,80,item
Elephante Ice Cream,https://grundoscafe.b-cdn.net/items/food_elephante_icecream.gif,80,item
Emerald Krawk Shield,https://grundoscafe.b-cdn.net/items/bd_krawk_shield2.gif,80,item
Eo Codestone Plushie,https://grundoscafe.b-cdn.net/items/plu_eocodestone.gif,80,item
Escaped Pixel,https://grundoscafe.b-cdn.net/items/pixel_black.gif,80,item
Ettaphant,https://grundoscafe.b-cdn.net/items/ettaphant_green.gif,80,item
Everything Eyrie,https://grundoscafe.b-cdn.net/items/book_eyrie_every.gif,80,item
Extra Carroty Cake,https://grundoscafe.b-cdn.net/items/food_cy_carrot_cake.gif,80,item
Extra Creamy Soup,https://grundoscafe.b-cdn.net/items/food_cream_soup.gif,80,item
Extra Meaty Pie,https://grundoscafe.b-cdn.net/items/food_krawkpie.gif,80,item
Extra Meaty Sandwich,https://grundoscafe.b-cdn.net/items/food_sndwch1.gif,80,item
Extra Slim Hot Dog,https://grundoscafe.b-cdn.net/items/food_skinnyhotdog.gif,80,item
Extreme Ixi,https://grundoscafe.b-cdn.net/items/book_ixi_extreme.gif,80,item
Eyeball,https://grundoscafe.b-cdn.net/items/eyeball.gif,80,item
Faerie Backpack,https://grundoscafe.b-cdn.net/items/school_faerie_backpack.gif,80,item
Faerie Fondant,https://grundoscafe.b-cdn.net/items/food_faerie_smores.gif,80,item
Faerie Kougra Ice Lolly,https://grundoscafe.b-cdn.net/items/food_kougra_lolly.gif,80,item
Faerie Kougra Mask,https://grundoscafe.b-cdn.net/items/faerie_kougra_mask.gif,80,item
Faerie Kougra Mug,https://grundoscafe.b-cdn.net/items/faerie_kougra_mug.gif,80,item
Faerie Lenny Feather Fan,https://grundoscafe.b-cdn.net/items/gif_lennyfeatherfan_faerie.gif,80,item
Faerie Lenny Plushie,https://grundoscafe.b-cdn.net/items/toy_plushie_lennyfaerie.gif,80,item
Faerie Ocarina,https://grundoscafe.b-cdn.net/items/faerie_ocarina.gif,80,item
Faerie Pteri Plushie,https://grundoscafe.b-cdn.net/items/toy_pteri_faerie.gif,80,item
Faeries,https://grundoscafe.b-cdn.net/items/book_faeries.gif,80,item
Faerie Wocky Plushie,https://grundoscafe.b-cdn.net/items/toy_wocky_faerie.gif,80,item
Famous Moehogs,https://grundoscafe.b-cdn.net/items/book_moehog_famous.gif,80,item
Fancy Bone Pillow,https://grundoscafe.b-cdn.net/items/pps_fancy_pillow.gif,80,item
Fashion Zone,https://grundoscafe.b-cdn.net/items/book_shoyru_fashion.gif,80,item
Feepit Usuki Set,https://grundoscafe.b-cdn.net/items/usu_feepit_set.gif,80,item
Fizzy Apple Juice,https://grundoscafe.b-cdn.net/items/food_applejuice.gif,80,item
Flaming Hot Burger,https://grundoscafe.b-cdn.net/items/food_fire_burger.gif,80,item
Flotsam Arts,https://grundoscafe.b-cdn.net/items/book_flotsam_art.gif,80,item
Flotsam Ice Cream Sundae,https://grundoscafe.b-cdn.net/items/food_flotsam_pudding.gif,80,item
Flotsam Treasure Seeking,https://grundoscafe.b-cdn.net/items/boo_flotsam_treasure.gif,80,item
Freeze Dried Sausage,https://grundoscafe.b-cdn.net/items/foo_cny_freezedriedsausage.gif,80,item
Fresh Bamboo Chair,https://grundoscafe.b-cdn.net/items/bam_chair.gif,80,item
Fruit Machine Stamp,https://grundoscafe.b-cdn.net/items/sta_fruitmachine.gif,80,item
Funky Coffee Table,https://grundoscafe.b-cdn.net/items/funky_coffee_table1.gif,80,item
Fyora Ball,https://grundoscafe.b-cdn.net/items/toy_fyora_ball.gif,80,item
Fyora Music Box,https://grundoscafe.b-cdn.net/items/musicbox_fyora.gif,80,item
Gallion Stamp,https://grundoscafe.b-cdn.net/items/sta_gallion.gif,80,item
Gelert Pack,https://grundoscafe.b-cdn.net/items/purpletradingcardback.gif,80,item
Ghost Gnorbu Plushie,https://grundoscafe.b-cdn.net/items/plu_gnorbu_ghost.gif,80,item
Ghoti,https://grundoscafe.b-cdn.net/items/isl_ghoti.gif,80,item
Giant Leaf Curtains Stamp,https://grundoscafe.b-cdn.net/items/stamp_tyrannia_furn2.gif,80,item
Gingerbread Grundo,https://grundoscafe.b-cdn.net/items/foo_grundo_ginjare.gif,80,item
Gloomy Drums,https://grundoscafe.b-cdn.net/items/inst_gloomy_drums.gif,80,item
Gnorbu Battle Helm,https://grundoscafe.b-cdn.net/items/bd_gnorbu_helm.gif,80,item
Gnorbu Chocolate Pudding,https://grundoscafe.b-cdn.net/items/foo_gnorbu_pudding.gif,80,item
Gnorbu Fashions,https://grundoscafe.b-cdn.net/items/boo_gnorbu_fashion_one.gif,80,item
Gnorbu Wool Candy Floss,https://grundoscafe.b-cdn.net/items/foo_gnorbu_woolfloss.gif,80,item
Gold Chomby Plushie,https://grundoscafe.b-cdn.net/items/chombyplush1.gif,80,item
Golden Ivy Leaves,https://grundoscafe.b-cdn.net/items/gold_leaves.gif,80,item
Golden Orb Stamp,https://grundoscafe.b-cdn.net/items/stamp_orb.gif,80,item
Gold Lipstick,https://grundoscafe.b-cdn.net/items/goldlipstick.gif,80,item
Gothic Ogrin Plushie,https://grundoscafe.b-cdn.net/items/plu_gothic_ogrin.gif,80,item
Grackle-Stuffed Turkey,https://grundoscafe.b-cdn.net/items/food_desert2.gif,80,item
Grape Blumaroo Gummy Die,https://grundoscafe.b-cdn.net/items/can_blumaroo_grape.gif,80,item
Grapefruit Muffin,https://grundoscafe.b-cdn.net/items/food_grapefruit_muffin.gif,80,item
Grape Peophin Lollypop,https://grundoscafe.b-cdn.net/items/food_peophin_lolly1.gif,80,item
Grapity Zafara Shaved Ice,https://grundoscafe.b-cdn.net/items/grapity_zaf_shavedice.gif,80,item
Grapple,https://grundoscafe.b-cdn.net/items/food_tyr_apple.gif,80,item
Grargadon,https://grundoscafe.b-cdn.net/items/purpletradingcardback.gif,80,item
Green Chia Plushie,https://grundoscafe.b-cdn.net/items/greenchiadoll.gif,80,item
Green Clam Shell,https://grundoscafe.b-cdn.net/items/she_giantclam.gif,80,item
Green Cobrall Sponge,https://grundoscafe.b-cdn.net/items/gro_cobrall_sponge.gif,80,item
Green Eyrie Plushie,https://grundoscafe.b-cdn.net/items/toy_eyrie_plush1.gif,80,item
Green Grundo Keychain,https://grundoscafe.b-cdn.net/items/grundo_keychaingreen.gif,80,item
Green JubJub Cap,https://grundoscafe.b-cdn.net/items/green-cap.gif,80,item
Green Krawk Plushie,https://grundoscafe.b-cdn.net/items/plu_krawk_green.gif,80,item
Green Negg,https://grundoscafe.b-cdn.net/items/green_negg.gif,80,item
Green Sandcastle Set,https://grundoscafe.b-cdn.net/items/item_bucket.gif,80,item
Green Skeith Plushie,https://grundoscafe.b-cdn.net/items/toy_greenskeith.gif,80,item
Green Toy Car,https://grundoscafe.b-cdn.net/items/greentoycar.gif,80,item
Grilled Cheese Sandwich,https://grundoscafe.b-cdn.net/items/grilledcheese.gif,80,item
Grooming Habits,https://grundoscafe.b-cdn.net/items/book_usul4.gif,80,item
Grundo Communication Helmet,https://grundoscafe.b-cdn.net/items/space_communication-helmet.gif,80,item
Grundo Potions,https://grundoscafe.b-cdn.net/items/book_grundo_potions.gif,80,item
Gummy Grensa,https://grundoscafe.b-cdn.net/items/grensa.gif,80,item
Happy Acara Gnome,https://grundoscafe.b-cdn.net/items/neogarden_gnomeacara.gif,80,item
Happy Birthday Card,https://grundoscafe.b-cdn.net/items/birthdaycard_giftshop.gif,80,item
Healing Potion VII,https://grundoscafe.b-cdn.net/items/potion22.gif,80,item
Heartatoe,https://grundoscafe.b-cdn.net/items/food_heartatoe.gif,80,item
Heavenly Roast Turkey,https://grundoscafe.b-cdn.net/items/foo_faerie_turkey.gif,80,item
Hissi Secrets,https://grundoscafe.b-cdn.net/items/boo_hissi_secrets.gif,80,item
Hissi Stained Glass Window,https://grundoscafe.b-cdn.net/items/bvg_redhissi.gif,80,item
Hissi Sticks,https://grundoscafe.b-cdn.net/items/bd_hissi_pole.gif,80,item
Holiday Slushie,https://grundoscafe.b-cdn.net/items/slush_holidayslush.gif,80,item
Holiday Traditions Around the World,https://grundoscafe.b-cdn.net/items/bvb_holiday_trad_world.gif,80,item
Hot Skrazzle,https://grundoscafe.b-cdn.net/items/gad_fruit5.gif,80,item
Huggy,https://grundoscafe.b-cdn.net/items/pets_huggy.gif,80,item
Iced Eyrie Cupcake,https://grundoscafe.b-cdn.net/items/food_eyrie_cupcake.gif,80,item
Ice Mote,https://grundoscafe.b-cdn.net/items/magic_mote_ice.gif,80,item
Igloo Garage Sale Stamp,https://grundoscafe.b-cdn.net/items/stamp_snowy_igloo.gif,80,item
Jar of Eyeballs,https://grundoscafe.b-cdn.net/items/magic_jarofeyes.gif,80,item
Jelly Bean Baguette,https://grundoscafe.b-cdn.net/items/food_baguette_1.gif,80,item
Jetsam Style,https://grundoscafe.b-cdn.net/items/boo_jetsam_jetsamstyle.gif,80,item
Jinjah,https://grundoscafe.b-cdn.net/items/jinjah_brown.gif,80,item
JubJub T-Shirt,https://grundoscafe.b-cdn.net/items/jubjubtee.gif,80,item
Karate for Beginners,https://grundoscafe.b-cdn.net/items/book_karate.gif,80,item
Karren,https://grundoscafe.b-cdn.net/items/med_pet_karren.gif,80,item
Kau Faerie Tales,https://grundoscafe.b-cdn.net/items/book_kau_faerie.gif,80,item
Kauvara Chair,https://grundoscafe.b-cdn.net/items/star_chair.gif,80,item
Kauvara Stamp,https://grundoscafe.b-cdn.net/items/stamp_neo_kauvara.gif,80,item
Kelpflake,https://grundoscafe.b-cdn.net/items/kelpflake_green.gif,80,item
Kiko Explorer,https://grundoscafe.b-cdn.net/items/purpletradingcardback.gif,80,item
King Roos Nemesis,https://grundoscafe.b-cdn.net/items/purpletradingcardback.gif,80,item
Koi Bath Buddy,https://grundoscafe.b-cdn.net/items/toy_bath_koi.gif,80,item
Koi Seaweed Sundae,https://grundoscafe.b-cdn.net/items/koi_sundae.gif,80,item
Korbat Halloween,https://grundoscafe.b-cdn.net/items/book_kor_hal.gif,80,item
Kougra Plushie Catalogue,https://grundoscafe.b-cdn.net/items/boo_plushie_kougra.gif,80,item
Krawk Anthology,https://grundoscafe.b-cdn.net/items/book_krawk_anthology.gif,80,item
Krawk Compact,https://grundoscafe.b-cdn.net/items/groom_krawk_cover.gif,80,item
Krawk Hair Lotion,https://grundoscafe.b-cdn.net/items/groom_krawk_lotion.gif,80,item
Krawk Karnage,https://grundoscafe.b-cdn.net/items/book_krawk_karnage.gif,80,item
Large Metal Shield,https://grundoscafe.b-cdn.net/items/largeshield.gif,80,item
Lemon Aisha Cake,https://grundoscafe.b-cdn.net/items/food_cake_aisha4.gif,80,item
Lemon JubJub Ice Cream,https://grundoscafe.b-cdn.net/items/food_jubjub_lemoncone.gif,80,item
Lemon Squash,https://grundoscafe.b-cdn.net/items/food_med_lemsquash.gif,80,item
Limeberry Krawkade,https://grundoscafe.b-cdn.net/items/food_krawkade_lime.gif,80,item
Lime Grarrl Pop,https://grundoscafe.b-cdn.net/items/foo_grarrl_popgreen.gif,80,item
Lime Shoyru Cake,https://grundoscafe.b-cdn.net/items/food_shoyru_bdaycake.gif,80,item
Little Techo Book,https://grundoscafe.b-cdn.net/items/boo_techo_little.gif,80,item
Little Witch Usuki,https://grundoscafe.b-cdn.net/items/usuki_witch.gif,80,item
Long Handled Pan,https://grundoscafe.b-cdn.net/items/17409.gif,80,item
Love and Caring,https://grundoscafe.b-cdn.net/items/book_kougracaring.gif,80,item
Lu Codestone Plushie,https://grundoscafe.b-cdn.net/items/plu_lu_codestone.gif,80,item
Lupe Booster Pack,https://grundoscafe.b-cdn.net/items/booster_1.gif,80,item
Lupe Meat Dishes,https://grundoscafe.b-cdn.net/items/book_lupe_meat.gif,80,item
Lupe Warrior Lunch Box,https://grundoscafe.b-cdn.net/items/school_9.gif,80,item
Lurman,https://grundoscafe.b-cdn.net/items/mar_lurman_green.gif,80,item
Lutari Tales,https://grundoscafe.b-cdn.net/items/boo_lutari_tales.gif,80,item
Main Codestone Plushie,https://grundoscafe.b-cdn.net/items/plu_maincodestone.gif,80,item
Mallowicious Bar,https://grundoscafe.b-cdn.net/items/newchoc_bar1.gif,80,item
Mano Root,https://grundoscafe.b-cdn.net/items/gad_fruit7.gif,80,item
Map Reading,https://grundoscafe.b-cdn.net/items/book_mapreading.gif,80,item
Maractite Dagger Stamp,https://grundoscafe.b-cdn.net/items/sta_maracititedagger.gif,80,item
Maraquan Kau Poetry,https://grundoscafe.b-cdn.net/items/boo_maraquan_kau.gif,80,item
Mau Codestone Plushie,https://grundoscafe.b-cdn.net/items/plu_mau_codestone.gif,80,item
Meaty Treat Pasty,https://grundoscafe.b-cdn.net/items/food_pasty_7.gif,80,item
Mega Minty Korbat Cake,https://grundoscafe.b-cdn.net/items/food_korbatcake3.gif,80,item
Melted Kacheek Cake,https://grundoscafe.b-cdn.net/items/food_kacheek_cake.gif,80,item
Metal Cheeseburger,https://grundoscafe.b-cdn.net/items/foo_metal_burger.gif,80,item
Midnight Desert Lupe Stamp,https://grundoscafe.b-cdn.net/items/stamp_desert2.gif,80,item
Milk Chocolate Grundo,https://grundoscafe.b-cdn.net/items/foo_chocolate_grundo.gif,80,item
Milk Chocolate Hissi,https://grundoscafe.b-cdn.net/items/can_hissi_milkchoc.gif,80,item
Milk Chocolate Kacheek,https://grundoscafe.b-cdn.net/items/milkchockacheek.gif,80,item
Milk Chocolate Nova,https://grundoscafe.b-cdn.net/items/foo_chocolate_nova6.gif,80,item
Milk Chocolate Tuskaninny,https://grundoscafe.b-cdn.net/items/foo_chocolate_tuskaninny.gif,80,item
Moehog Milkshake,https://grundoscafe.b-cdn.net/items/food_moehog_safety.gif,80,item
Money Tree Window,https://grundoscafe.b-cdn.net/items/bvg_stain_moneytree.gif,80,item
Moonlit Werelupe Stamp,https://grundoscafe.b-cdn.net/items/stamp_hal_were.gif,80,item
Morax Dorangis Stamp,https://grundoscafe.b-cdn.net/items/sta_morgaxdorangis.gif,80,item
Mote Magic,https://grundoscafe.b-cdn.net/items/book_motemagic.gif,80,item
Mr Fuzzington the Warf You Can Groom!,https://grundoscafe.b-cdn.net/items/toy_mister_fuzzington.gif,80,item
My First Book,https://grundoscafe.b-cdn.net/items/book_myfirstbook.gif,80,item
My First Faerie,https://grundoscafe.b-cdn.net/items/book_myfirstfaerie.gif,80,item
My Little Mynci Book,https://grundoscafe.b-cdn.net/items/boo_mynci_little.gif,80,item
Mynci Dance,https://grundoscafe.b-cdn.net/items/book_mynci_dance.gif,80,item
Mynci Mushroom Soup,https://grundoscafe.b-cdn.net/items/food_mynci_soup.gif,80,item
Mystery Island Aishas Stamp,https://grundoscafe.b-cdn.net/items/stamp_mys_ais.gif,80,item
Mystery Meat Sandwich,https://grundoscafe.b-cdn.net/items/food_mysterymeatsub.gif,80,item
Mystery Of The Kougra Paw,https://grundoscafe.b-cdn.net/items/boo_kougra_paw.gif,80,item
N4 Bot Stamp,https://grundoscafe.b-cdn.net/items/stamp_space_n4bot.gif,80,item
Neggery Notes,https://grundoscafe.b-cdn.net/items/boo_neggfaerie.gif,80,item
Neocola Bottles,https://grundoscafe.b-cdn.net/items/food_neocolabottles.gif,80,item
Never Ending Faerie Tales,https://grundoscafe.b-cdn.net/items/fbo_never_ending.gif,80,item
New Year Cake,https://grundoscafe.b-cdn.net/items/foo_cny_newyearstickycake.gif,80,item
New Year Yurble Dragon,https://grundoscafe.b-cdn.net/items/toy_cny_liondance.gif,80,item
Nimmo Anger Management,https://grundoscafe.b-cdn.net/items/book_nimmo_anger.gif,80,item
Nova Fruit,https://grundoscafe.b-cdn.net/items/spc_novafruit.gif,80,item
Nupie,https://grundoscafe.b-cdn.net/items/mar_nupie_orange.gif,80,item
Nutz N Bolts,https://grundoscafe.b-cdn.net/items/book_repairingpeophins.gif,80,item
Official Usuki Pens,https://grundoscafe.b-cdn.net/items/usuki_markers.gif,80,item
Ogrin Grooming,https://grundoscafe.b-cdn.net/items/boo_ogrin_grooming.gif,80,item
Orange and Mango Coffee,https://grundoscafe.b-cdn.net/items/coff_jellycup.gif,80,item
Orange Baby Aisha Lollypop,https://grundoscafe.b-cdn.net/items/can_babyaisha_lolly.gif,80,item
Orange Cap,https://grundoscafe.b-cdn.net/items/orangecap.gif,80,item
Orange Chocolate Gelert,https://grundoscafe.b-cdn.net/items/foo_orangechoc_gelert.gif,80,item
Orange Chocolate Kacheek,https://grundoscafe.b-cdn.net/items/orangechoc_kacheek.gif,80,item
Orange Nimmo Music Box,https://grundoscafe.b-cdn.net/items/toy_nimmo_windup.gif,80,item
Orn Codestone Plushie,https://grundoscafe.b-cdn.net/items/plu_orncodestone.gif,80,item
Pacha The Vet,https://grundoscafe.b-cdn.net/items/purpletradingcardback.gif,80,item
Paper Kazeriu Puppet,https://grundoscafe.b-cdn.net/items/paperkazeriupuppet.gif,80,item
Parsnips and Cream,https://grundoscafe.b-cdn.net/items/food_parsnipsandcream.gif,80,item
Peach Snowflake,https://grundoscafe.b-cdn.net/items/bd_snowflake_peach.gif,80,item
Peppermint Kougra Cake,https://grundoscafe.b-cdn.net/items/food_kougra_puddmint.gif,80,item
Petoot,https://grundoscafe.b-cdn.net/items/petoot_blue.gif,80,item
Pimplepepper,https://grundoscafe.b-cdn.net/items/gadgads_pimplepepper.gif,80,item
Pineapple and Broccoli Pie,https://grundoscafe.b-cdn.net/items/food_pinebroc.gif,80,item
Pink Pteri Bank,https://grundoscafe.b-cdn.net/items/toy_pteri_head_bank.gif,80,item
Pink Racing Bike,https://grundoscafe.b-cdn.net/items/pinkbike.gif,80,item
Pink Sparkly Brush,https://grundoscafe.b-cdn.net/items/groom_sparkbrush.gif,80,item
Pipper,https://grundoscafe.b-cdn.net/items/food_pipper.gif,80,item
Pleto Melon,https://grundoscafe.b-cdn.net/items/ldf_watermelon.gif,80,item
Poison Powder Shroom,https://grundoscafe.b-cdn.net/items/poison_powder_shroom.gif,80,item
Pomanna Stamp,https://grundoscafe.b-cdn.net/items/stamp_neoquest_pomanna.gif,80,item
Poogle Mysteries,https://grundoscafe.b-cdn.net/items/boo_pooglemysteries.gif,80,item
Poogle Poetry,https://grundoscafe.b-cdn.net/items/book_poog_poetry.gif,80,item
Pop-Up Valentine,https://grundoscafe.b-cdn.net/items/gif_val_popup_heart.gif,80,item
Princess Sankara Stamp,https://grundoscafe.b-cdn.net/items/stamp_desert_sankara.gif,80,item
Prom Date Usuki,https://grundoscafe.b-cdn.net/items/doll_usul_12.gif,80,item
Prom Queen Usuki,https://grundoscafe.b-cdn.net/items/doll_usul_13.gif,80,item
Pteri Feather Book,https://grundoscafe.b-cdn.net/items/boo_pteri_feather2003.gif,80,item
Pumpkin Spice Cupcake,https://grundoscafe.b-cdn.net/items/cupcakepumpkinspice.gif,80,item
Pumpkin Spice Pizza,https://grundoscafe.b-cdn.net/items/pizzapumpkinspice.gif,80,item
Pumpkin Spice Slushie,https://grundoscafe.b-cdn.net/items/slushiepumpkinspice.gif,80,item
Purple Mynci Puppet,https://grundoscafe.b-cdn.net/items/toy_myncipuppet_purple.gif,80,item
Purple Petpet Ball,https://grundoscafe.b-cdn.net/items/pet_purple_ball.gif,80,item
Quadrone,https://grundoscafe.b-cdn.net/items/rpp_petpet1.gif,80,item
Quiggle Adventures,https://grundoscafe.b-cdn.net/items/bk_quiggle_adv.gif,80,item
Quiggle Keyring,https://grundoscafe.b-cdn.net/items/toy_quigglekeychain.gif,80,item
Rainborific Zafara Shaved Ice,https://grundoscafe.b-cdn.net/items/rainborific_zaf_shavedice.gif,80,item
Rainbow Bean Bag Chair,https://grundoscafe.b-cdn.net/items/rainbow_bean_bag.gif,80,item
RainbowBerry,https://grundoscafe.b-cdn.net/items/tropical_rainbowberry.gif,80,item
RainbowBerry Blossoms,https://grundoscafe.b-cdn.net/items/gar_rainbowberry_blossoms.gif,80,item
Rainbow Elephante Lolly,https://grundoscafe.b-cdn.net/items/food_elephante_lolly.gif,80,item
Rainbow Fountain Secrets,https://grundoscafe.b-cdn.net/items/fbo_faerie_rainbow.gif,80,item
Rainbow Neodrops,https://grundoscafe.b-cdn.net/items/candy_rainbowneodrops.gif,80,item
Rainbow Snow Puff,https://grundoscafe.b-cdn.net/items/snowfood_snowpuffrainbow.gif,80,item
Raindorf Scratching Rug,https://grundoscafe.b-cdn.net/items/pps_raindorf_mat.gif,80,item
Rainy Day Usuki Set,https://grundoscafe.b-cdn.net/items/usuki_raincoat.gif,80,item
Raspberry Aisha Waffle,https://grundoscafe.b-cdn.net/items/foo_aisha_waffle.gif,80,item
Red Aisha Toothbrush,https://grundoscafe.b-cdn.net/items/groom_aisha_tooth.gif,80,item
Red Bandana,https://grundoscafe.b-cdn.net/items/red_bandana.gif,80,item
Red Cap,https://grundoscafe.b-cdn.net/items/redcap.gif,80,item
Red Chia Pencil Holder,https://grundoscafe.b-cdn.net/items/school_13.gif,80,item
Red Draik Play Set,https://grundoscafe.b-cdn.net/items/toy_draik_playset.gif,80,item
Red Grundo Plushie,https://grundoscafe.b-cdn.net/items/toy_redgrundo.gif,80,item
Red Scorchio Lollypop,https://grundoscafe.b-cdn.net/items/can_redscorchio_lollypop.gif,80,item
Regal Purple Petpet Cushion,https://grundoscafe.b-cdn.net/items/petpet_royalpillow.gif,80,item
Retro Milk Chocolate Grundo,https://grundoscafe.b-cdn.net/items/retro_milk_chocolate_grundo.gif,80,item
Rice Cake Soup,https://grundoscafe.b-cdn.net/items/rice_cake_soup.gif,80,item
Rohane Stamp,https://grundoscafe.b-cdn.net/items/sta_nq_rohane.gif,80,item
Root Beer Barrels,https://grundoscafe.b-cdn.net/items/food_rootbeer.gif,80,item
Rose-Gold Catkins,https://grundoscafe.b-cdn.net/items/rosegold_catkins.gif,80,item
Rosy Apples,https://grundoscafe.b-cdn.net/items/food_rosyapples.gif,80,item
Royal Throne,https://grundoscafe.b-cdn.net/items/classy_chair.gif,80,item
Ruffled Feathers,https://grundoscafe.b-cdn.net/items/book_pteriruffled.gif,80,item
Ruki Legends,https://grundoscafe.b-cdn.net/items/boo_ruki_legends.gif,80,item
Sakhmet Palace Stamp,https://grundoscafe.b-cdn.net/items/stamp_desert_sakhmet.gif,80,item
Sand Watermelon,https://grundoscafe.b-cdn.net/items/food_desert46.gif,80,item
Saxophone,https://grundoscafe.b-cdn.net/items/toy_saxaphone.gif,80,item
Scary Sloth Stories,https://grundoscafe.b-cdn.net/items/boo_scary_sloth.gif,80,item
Schoolgirl Usuki,https://grundoscafe.b-cdn.net/items/usuki_school.gif,80,item
Science is Fun!,https://grundoscafe.b-cdn.net/items/book_scienceisfun.gif,80,item
Scorched Cheopple,https://grundoscafe.b-cdn.net/items/ldf_scorch_cheopple.gif,80,item
Scorched Chomato,https://grundoscafe.b-cdn.net/items/ldf_scorch_chomato.gif,80,item
Scorched Pleto,https://grundoscafe.b-cdn.net/items/ldf_scorch_pleto.gif,80,item
Scorchio Chocolate Cream Cake,https://grundoscafe.b-cdn.net/items/bak_scorchio_chocolatecake.gif,80,item
Scorchio Cook Book,https://grundoscafe.b-cdn.net/items/book_scorchio_cook1.gif,80,item
Scratch Card Kiosk Wocky,https://grundoscafe.b-cdn.net/items/purpletradingcardback.gif,80,item
Screal,https://grundoscafe.b-cdn.net/items/pet_pir_seal.gif,80,item
Seafood Twist,https://grundoscafe.b-cdn.net/items/food_seafoodwrap.gif,80,item
Secrets Of The Money Tree,https://grundoscafe.b-cdn.net/items/boo_moneytree.gif,80,item
Senator Barca Stamp,https://grundoscafe.b-cdn.net/items/stamp_desert_barca.gif,80,item
Set Of Marbles,https://grundoscafe.b-cdn.net/items/toy_marbles.gif,80,item
Sherbert Lemons,https://grundoscafe.b-cdn.net/items/food_sherbertlemon.gif,80,item
SHFISS Stamp,https://grundoscafe.b-cdn.net/items/sta_winter_snow_shop.gif,80,item
Shield Of Pion Troect Stamp,https://grundoscafe.b-cdn.net/items/sta_bd_pion_shield.gif,80,item
Sick of Spots,https://grundoscafe.b-cdn.net/items/book_gelert_spots.gif,80,item
Silver Shoyru Plushie,https://grundoscafe.b-cdn.net/items/shoyruplush1.gif,80,item
Skating Bruce Toy,https://grundoscafe.b-cdn.net/items/toy_bruce_skater.gif,80,item
Sketch a Pic,https://grundoscafe.b-cdn.net/items/toy_Sketch-a-Pic.gif,80,item
Sludge Ball Keyring,https://grundoscafe.b-cdn.net/items/crystalball_keychain.gif,80,item
Smoked Seasoned Sausage,https://grundoscafe.b-cdn.net/items/food_med_oldsausage.gif,80,item
Snorkle Snout,https://grundoscafe.b-cdn.net/items/snout.gif,80,item
Snowager Yoyo,https://grundoscafe.b-cdn.net/items/toy_snowager_yoyo.gif,80,item
Snow Faerie Stamp,https://grundoscafe.b-cdn.net/items/stamp_snowy_faerie.gif,80,item
Something Fishy,https://grundoscafe.b-cdn.net/items/book_flotsam_fishy.gif,80,item
Soup Faerie Book,https://grundoscafe.b-cdn.net/items/boo_soupfaerie.gif,80,item
Sparkling Kyrii Bubbles,https://grundoscafe.b-cdn.net/items/kyrii_bubbles.gif,80,item
Sparkling Mint Dessert,https://grundoscafe.b-cdn.net/items/ad_starrydessert.gif,80,item
Spicy Herbal Tea,https://grundoscafe.b-cdn.net/items/coff_herb_tea.gif,80,item
Spine Cone,https://grundoscafe.b-cdn.net/items/spiney_cone.gif,80,item
Spooky Kau Story,https://grundoscafe.b-cdn.net/items/boo_kau_spooky.gif,80,item
Spooky Nimmo Stained Glass Window,https://grundoscafe.b-cdn.net/items/bvg_hnimmo.gif,80,item
Spotted Gelert Day Pancakes,https://grundoscafe.b-cdn.net/items/bak_gelert_pancake4.gif,80,item
Spotted Zafara Plushie,https://grundoscafe.b-cdn.net/items/toy_zaf_spotted.gif,80,item
Spung,https://grundoscafe.b-cdn.net/items/spung.gif,80,item
Stahkee,https://grundoscafe.b-cdn.net/items/stahkee_blue.gif,80,item
Star Compact Mirror,https://grundoscafe.b-cdn.net/items/groom_neo_mirror.gif,80,item
Star of Paradise Flower,https://grundoscafe.b-cdn.net/items/flower_paradisestar.gif,80,item
Starry Gnorbu Plushie,https://grundoscafe.b-cdn.net/items/plu_gnorbu_starry.gif,80,item
Starry Meerca Ball,https://grundoscafe.b-cdn.net/items/toy_meerca_ball.gif,80,item
Starry Uni Diary,https://grundoscafe.b-cdn.net/items/boo_uni_diary.gif,80,item
Starting Spells,https://grundoscafe.b-cdn.net/items/book_startingspells.gif,80,item
Steamed Puppyblew Bun,https://grundoscafe.b-cdn.net/items/foo_cny_steampup.gif,80,item
Stocking Stamp,https://grundoscafe.b-cdn.net/items/sta_stocking.gif,80,item
Strawberry Achyfi,https://grundoscafe.b-cdn.net/items/food_achyfi1.gif,80,item
Strawberry Chocolate Krawk Coin,https://grundoscafe.b-cdn.net/items/can_krawkcoin_straw.gif,80,item
Strawberry Cream Cybunny Paw,https://grundoscafe.b-cdn.net/items/food_cybunny_cake.gif,80,item
Strawberry Cybunny Cheesecake,https://grundoscafe.b-cdn.net/items/food_cybunny_short.gif,80,item
Strawberry Cybunny Cookie,https://grundoscafe.b-cdn.net/items/cook_cy_straw.gif,80,item
Strawberry Elephante Cookie,https://grundoscafe.b-cdn.net/items/bak_ele_cookie1.gif,80,item
Strawberry Gelert Cupcake,https://grundoscafe.b-cdn.net/items/food_gelert_cup.gif,80,item
Strawberry JubJub Cake,https://grundoscafe.b-cdn.net/items/bak_jubjubberry.gif,80,item
Strawberry Krawk Cookie,https://grundoscafe.b-cdn.net/items/food_krawk_strawb.gif,80,item
Strawberry Kyrii Cookie,https://grundoscafe.b-cdn.net/items/food_kyrii_strawcook.gif,80,item
Strawberry Meerca Lolly,https://grundoscafe.b-cdn.net/items/food_meerca_lolly.gif,80,item
Strawberry Neodrops,https://grundoscafe.b-cdn.net/items/candy_pinkneodrops.gif,80,item
Strawberry Techo Pop,https://grundoscafe.b-cdn.net/items/can_techo_red.gif,80,item
Strawberry Tuskaninny Lolly,https://grundoscafe.b-cdn.net/items/food_tusk_popred.gif,80,item
Strawberry Wocky Meringue,https://grundoscafe.b-cdn.net/items/foo_wocky_meringue.gif,80,item
Superstar Hair Clip,https://grundoscafe.b-cdn.net/items/groom_star_clip.gif,80,item
Swabby,https://grundoscafe.b-cdn.net/items/pir_swabby.gif,80,item
Sweet Baked Beans,https://grundoscafe.b-cdn.net/items/food_bakedbeans.gif,80,item
Swimming Champion Usuki,https://grundoscafe.b-cdn.net/items/usuki_swimming.gif,80,item
Tai-Kai Codestone Plushie,https://grundoscafe.b-cdn.net/items/plu_tai-kai_codestone.gif,80,item
Tapira,https://grundoscafe.b-cdn.net/items/gpp_tapir.gif,80,item
Tasu,https://grundoscafe.b-cdn.net/items/pet_winter_3.gif,80,item
Tear Jerkers,https://grundoscafe.b-cdn.net/items/book_tearjerker.gif,80,item
Techo Guide to Weapons,https://grundoscafe.b-cdn.net/items/book_techo_weaopns.gif,80,item
Teenage Usuki,https://grundoscafe.b-cdn.net/items/doll_usul_3.gif,80,item
Teeth Sharpening Techniques,https://grundoscafe.b-cdn.net/items/book_teethsharpening.gif,80,item
Terror Mountain Scene Stamp,https://grundoscafe.b-cdn.net/items/stamp_snowy_valley.gif,80,item
The Altador Cup Encyclopedia,https://grundoscafe.b-cdn.net/items/bvb_altadorcup_encyclopedia.gif,80,item
The Angry Grundo,https://grundoscafe.b-cdn.net/items/book_grundo_angry.gif,80,item
The Book of Ice,https://grundoscafe.b-cdn.net/items/faeriebook_bookofice.gif,80,item
The Curious Quiggle,https://grundoscafe.b-cdn.net/items/book_quiggle_curious.gif,80,item
The Healing Springs,https://grundoscafe.b-cdn.net/items/fbo_faerieday_1.gif,80,item
The Hissi Stare,https://grundoscafe.b-cdn.net/items/boo_hissi_vizier.gif,80,item
The History of Tonu Day,https://grundoscafe.b-cdn.net/items/boo_tonu_historytonuday.gif,80,item
The Hunt For The Red Gelert,https://grundoscafe.b-cdn.net/items/book_gelert_4.gif,80,item
The Kyrii Dancer,https://grundoscafe.b-cdn.net/items/book_kyrii_dancer.gif,80,item
The Legend of Ishtar,https://grundoscafe.b-cdn.net/items/book_nimmo_legend.gif,80,item
The Life of Cylara,https://grundoscafe.b-cdn.net/items/boo_cylara_bio.gif,80,item
The Little Kacheek Book,https://grundoscafe.b-cdn.net/items/book_kacheek_little.gif,80,item
The Love Buzz,https://grundoscafe.b-cdn.net/items/book_lovebuzz.gif,80,item
The Mane Event,https://grundoscafe.b-cdn.net/items/book_maneevent.gif,80,item
The Navigator,https://grundoscafe.b-cdn.net/items/purpletradingcardback.gif,80,item
The Quiggle Knight,https://grundoscafe.b-cdn.net/items/boo_quiggle_knight.gif,80,item
The Sad Wocky,https://grundoscafe.b-cdn.net/items/book_sad_wocky.gif,80,item
The Story of the Cloud Acara,https://grundoscafe.b-cdn.net/items/boo_acara_cloudstory.gif,80,item
The Wise Cybunny,https://grundoscafe.b-cdn.net/items/book_cybunny_wise.gif,80,item
Thingy,https://grundoscafe.b-cdn.net/items/thingy_white.gif,80,item
This Is Nuts,https://grundoscafe.b-cdn.net/items/book_elephante7.gif,80,item
Thistleberry,https://grundoscafe.b-cdn.net/items/food_thistleberry.gif,80,item
Three Red Roses,https://grundoscafe.b-cdn.net/items/gift_val_roses.gif,80,item
Thyoras Tear Stamp,https://grundoscafe.b-cdn.net/items/sta_thyoras_tear.gif,80,item
Time To Fly,https://grundoscafe.b-cdn.net/items/book_korbat_time.gif,80,item
Tiny Edible Palm Trees,https://grundoscafe.b-cdn.net/items/tyr_tiny_palmtrees.gif,80,item
Toe Pudding,https://grundoscafe.b-cdn.net/items/foo_toepudding.gif,80,item
Toffee Covered Strawberry Techo Cookie,https://grundoscafe.b-cdn.net/items/choc_techo1.gif,80,item
Tome of Tonu,https://grundoscafe.b-cdn.net/items/book_tonutome.gif,80,item
Tonguebeans,https://grundoscafe.b-cdn.net/items/food_med_tongbean.gif,80,item
Trick-or-Treat Tips,https://grundoscafe.b-cdn.net/items/book_halloween1.gif,80,item
Tri-Nana,https://grundoscafe.b-cdn.net/items/trinana.gif,80,item
Triple Hot Dog,https://grundoscafe.b-cdn.net/items/hotdog_tripple.gif,80,item
Tuskaninny Ice Cream,https://grundoscafe.b-cdn.net/items/food_tusk_icecream.gif,80,item
Tyrannian Blumaroo Stamp,https://grundoscafe.b-cdn.net/items/stamp_tyrannia_blum.gif,80,item
Tyrannian Grarrl Stamp,https://grundoscafe.b-cdn.net/items/stamp_tyrannia_night.gif,80,item
Tyrannian Green Cheese and Crackers,https://grundoscafe.b-cdn.net/items/food_crack_blue.gif,80,item
Ultra Bubble Beam,https://grundoscafe.b-cdn.net/items/ultrabubblebeam.gif,80,item
Ultranova,https://grundoscafe.b-cdn.net/items/ultranova.gif,80,item
Uni Battle!,https://grundoscafe.b-cdn.net/items/book_unibattle.gif,80,item
Uni Booster Pack,https://grundoscafe.b-cdn.net/items/booster_3.gif,80,item
Uni Lemon Cake,https://grundoscafe.b-cdn.net/items/food_uni_lemoncake.gif,80,item
Upside Down Smiley Cone,https://grundoscafe.b-cdn.net/items/food_wafflecone5.gif,80,item
Usuki Back to School Accessories,https://grundoscafe.b-cdn.net/items/doll_usuki_1.gif,80,item
Usuki Hair Extensions Set,https://grundoscafe.b-cdn.net/items/usuki_hairext.gif,80,item
Usuki Marshmallow Set,https://grundoscafe.b-cdn.net/items/usuki_marshi.gif,80,item
Usuki Medical Set,https://grundoscafe.b-cdn.net/items/usuki_medical.gif,80,item
Usuki Nurse Set,https://grundoscafe.b-cdn.net/items/doll_usuki_5.gif,80,item
Usuki Snowy Sweetheart Set,https://grundoscafe.b-cdn.net/items/usuki_snow_mod.gif,80,item
Utility Backpack,https://grundoscafe.b-cdn.net/items/bd_gadgetbackpack.gif,80,item
Valentines Bouquet,https://grundoscafe.b-cdn.net/items/vday_bouquet.gif,80,item
Vanilla Bruce Muffin,https://grundoscafe.b-cdn.net/items/foo_brucecake_vanil.gif,80,item
Vo Codestone Plushie,https://grundoscafe.b-cdn.net/items/plu_vo_codestone.gif,80,item
War Chia Top,https://grundoscafe.b-cdn.net/items/warchias.gif,80,item
Welcoming Lupe Gnome,https://grundoscafe.b-cdn.net/items/gar_lupe_gnome1.gif,80,item
Wheres My Mummy,https://grundoscafe.b-cdn.net/items/book_acara_mommy.gif,80,item
Whole Roast Chicken,https://grundoscafe.b-cdn.net/items/food_med_chick.gif,80,item
Wind Up Kacheek Toy,https://grundoscafe.b-cdn.net/items/toy_kacheek_windup.gif,80,item
Wobbly Pen,https://grundoscafe.b-cdn.net/items/school_6.gif,80,item
Wocky Cookies,https://grundoscafe.b-cdn.net/items/book_wockycookies2003.gif,80,item
Wocky Loaf,https://grundoscafe.b-cdn.net/items/baked_wockyloaf.gif,80,item
Wocky Lullaby,https://grundoscafe.b-cdn.net/items/boo_wocky_lullaby.gif,80,item
Wonder Koi,https://grundoscafe.b-cdn.net/items/book_koi_comic.gif,80,item
Wooden Korbat Bat and Ball Game,https://grundoscafe.b-cdn.net/items/toy_wooden_korbatpaddleball.gif,80,item
Wormy Jam Sandwich,https://grundoscafe.b-cdn.net/items/food_wormsandwich.gif,80,item
Wreathy Yoyo,https://grundoscafe.b-cdn.net/items/toy_wreathy_yoyo.gif,80,item
Yellow Eesa Tree,https://grundoscafe.b-cdn.net/items/ga_yelloweesatree.gif,80,item
Yellow Kyrii Hair Clip,https://grundoscafe.b-cdn.net/items/kyrii_hairclip.gif,80,item
Yellow Mortog T-Shirt,https://grundoscafe.b-cdn.net/items/mortog_tshirt.gif,80,item
Yellow Negg,https://grundoscafe.b-cdn.net/items/yellownegg.gif,80,item
Yellow Snowball,https://grundoscafe.b-cdn.net/items/snowball_4.gif,80,Snowball
Yellow Techo Pop,https://grundoscafe.b-cdn.net/items/can_techo_yellow.gif,80,item
Yellow Tonu Notebook,https://grundoscafe.b-cdn.net/items/sch_tonu_notebook.gif,80,item
Yellow Tuskaninny Book,https://grundoscafe.b-cdn.net/items/book_tusk_yellow.gif,80,item
Yellow Uni Sugar Cookie,https://grundoscafe.b-cdn.net/items/bak_uni_sugar.gif,80,item
Yellow Yurble Plushie,https://grundoscafe.b-cdn.net/items/toy_yurble_yellowplushie.gif,80,item
Yurble Manual,https://grundoscafe.b-cdn.net/items/boo_yurble_manual.gif,80,item
Zafara Detective,https://grundoscafe.b-cdn.net/items/book_zafaradetective.gif,80,item
Zafara Surprise,https://grundoscafe.b-cdn.net/items/food_zafara_surprise.gif,80,item
Zei Codestone Plushie,https://grundoscafe.b-cdn.net/items/plu_zeicodestone.gif,80,item
Zygorax Stamp,https://grundoscafe.b-cdn.net/items/stamp_space_zygorax.gif,80,item
Acara Who Dwell in Darkness,https://grundoscafe.b-cdn.net/items/boo_acara_darkness.gif,81,item
Albat,https://grundoscafe.b-cdn.net/items/med_pet_albat.gif,81,item
Baby Buzz Squirty Toy,https://grundoscafe.b-cdn.net/items/toy_buzz_squirt.gif,81,item
Bendy Peophin Comb,https://grundoscafe.b-cdn.net/items/gro_peocomb.gif,81,item
Berry Xweetok Ice Cream,https://grundoscafe.b-cdn.net/items/foo_xweetok_icecream.gif,81,item
Buzz Modern Art,https://grundoscafe.b-cdn.net/items/boo_buzz_coffeetable.gif,81,item
Chocolate Hissinamon Roll,https://grundoscafe.b-cdn.net/items/bak_hissinomon_choc.gif,81,item
Chocolate Tetraberry Pteri Egg,https://grundoscafe.b-cdn.net/items/can_pteriegg_tetraberry.gif,81,item
Cloud Scorchio Plushie,https://grundoscafe.b-cdn.net/items/plu_scorchio_cloud.gif,81,item
Darigan Checkers,https://grundoscafe.b-cdn.net/items/dto_darigancheckers.gif,81,item
Darigan Jetsam Balloon,https://grundoscafe.b-cdn.net/items/dto_balloon_jetsam.gif,81,item
Double Pane Window,https://grundoscafe.b-cdn.net/items/bvw_window_twopane.gif,81,item
Evil Sloth Clone #32,https://grundoscafe.b-cdn.net/items/blacktradingcardback.gif,81,item
Faerie Acara Music Box,https://grundoscafe.b-cdn.net/items/toy_musicbox_acara.gif,81,item
Faerie Saxophone,https://grundoscafe.b-cdn.net/items/inst_saxaphone_faerie.gif,81,item
Fire Techo Plushie,https://grundoscafe.b-cdn.net/items/plu_techo_fire.gif,81,item
Fly and Maggot Pizza,https://grundoscafe.b-cdn.net/items/pizza_11.gif,81,item
Gloomy Guitar,https://grundoscafe.b-cdn.net/items/inst_gloomy_guitar.gif,81,item
Gnorbu Wool Noodles,https://grundoscafe.b-cdn.net/items/foo_gnorbu_woolnoodle.gif,81,item
Gothic Pteri Plushie,https://grundoscafe.b-cdn.net/items/plu_gothic_pteri.gif,81,item
Green Grundo Plushie,https://grundoscafe.b-cdn.net/items/toy_greengrundo.gif,81,item
Guardian of Life Magic,https://grundoscafe.b-cdn.net/items/blacktradingcardback.gif,81,item
How The Hissi Got Wings,https://grundoscafe.b-cdn.net/items/boo_howhissi_gotwings.gif,81,item
Knitted Peophin Plushie,https://grundoscafe.b-cdn.net/items/plu_peophin_knitted.gif,81,item
Large Orange Carrot Smoothie,https://grundoscafe.b-cdn.net/items/smo_large_orangecarrot.gif,81,item
Lenny Day Strawberry Cheesecake,https://grundoscafe.b-cdn.net/items/food_lennycake4.gif,81,item
Lupe Snowcone,https://grundoscafe.b-cdn.net/items/foo_lupe_snowcone.gif,81,item
Maelstra The Dark Faerie,https://grundoscafe.b-cdn.net/items/blacktradingcardback.gif,81,item
Mega Seaspin Smoothie,https://grundoscafe.b-cdn.net/items/smo_spinach_seaweed.gif,81,item
Mega Turnla Smoothie,https://grundoscafe.b-cdn.net/items/smo_mega_turnla.gif,81,item
Metal Pizza,https://grundoscafe.b-cdn.net/items/foo_metal_pizza.gif,81,item
Mynci Cristo Sandwich,https://grundoscafe.b-cdn.net/items/foo_montecristo.gif,81,item
Nimmo Colouring Book,https://grundoscafe.b-cdn.net/items/boo_colouring_nimmo.gif,81,item
Omelette Shield,https://grundoscafe.b-cdn.net/items/bd_tyr_omelette_shield.gif,81,item
Orange Blumaroo Gummy Die,https://grundoscafe.b-cdn.net/items/can_blumaroo_orange.gif,81,item
Orange Chocolate Kau,https://grundoscafe.b-cdn.net/items/orangechoc_kau.gif,81,item
Orange Eyrie Plushie,https://grundoscafe.b-cdn.net/items/plu_eyrie_orange.gif,81,item
Pfish,https://grundoscafe.b-cdn.net/items/isl_petpet1.gif,81,item
Pile of Dirt,https://grundoscafe.b-cdn.net/items/gar_dirt_pile.gif,81,item
Pink Lenny Feather Fan,https://grundoscafe.b-cdn.net/items/gif_lennyfeatherfan_pink.gif,81,item
Pink Poogle Yoyo,https://grundoscafe.b-cdn.net/items/toy_poogle_pinkyoyo.gif,81,item
Plain Eyrie Souffle,https://grundoscafe.b-cdn.net/items/foo_eyriesouffle_plain.gif,81,item
Plushie Ogrin Plushie,https://grundoscafe.b-cdn.net/items/plushie_ogrin_plu.gif,81,item
Poogle Sushi,https://grundoscafe.b-cdn.net/items/foo_poogle_sushi.gif,81,item
Purple Scallop Shell,https://grundoscafe.b-cdn.net/items/she_scallop2.gif,81,item
Red Krawk Plushie,https://grundoscafe.b-cdn.net/items/plu_krawk_red.gif,81,item
Ruki Red Lutari Pop,https://grundoscafe.b-cdn.net/items/sno_lutaripop_rukired.gif,81,item
Scrambled Egg on Toast,https://grundoscafe.b-cdn.net/items/food_toast_scrambled.gif,81,item
Scroll of Disorientation,https://grundoscafe.b-cdn.net/items/wea_scroll_disorientation.gif,81,item
Split Brush Plushie,https://grundoscafe.b-cdn.net/items/plushie_split_pb.gif,81,item
Strawberry Marshmallow Grundo,https://grundoscafe.b-cdn.net/items/spf_marshgrund_straw.gif,81,item
Tea Time Cybunny Plushie,https://grundoscafe.b-cdn.net/items/plu_tea_cybunny.gif,81,item
Tiger Mirror,https://grundoscafe.b-cdn.net/items/tiger_mirror.gif,81,item
Tiger Rug,https://grundoscafe.b-cdn.net/items/tiger_rug.gif,81,item
Tree Weed,https://grundoscafe.b-cdn.net/items/plant_treeweed.gif,81,item
Turkey Cane,https://grundoscafe.b-cdn.net/items/mfo_cane_turkey.gif,81,item
Unripe Bomberry,https://grundoscafe.b-cdn.net/items/new_tropical_3.gif,81,item
Vanilla Blumaroo Cone,https://grundoscafe.b-cdn.net/items/food_blumaroo_conevanil.gif,81,item
Winter Usul Wear,https://grundoscafe.b-cdn.net/items/boo_usul_winterwear.gif,81,item
Wooden Pull Along Darigan Lupe,https://grundoscafe.b-cdn.net/items/dto_lupe_pullalong.gif,81,item
A Flotsam Christmas,https://grundoscafe.b-cdn.net/items/book_flotsam5.gif,82,item
Air Faerie Guitar,https://grundoscafe.b-cdn.net/items/inst_guitar_faerie.gif,82,item
Aisha Day Soup,https://grundoscafe.b-cdn.net/items/foo_aisha_soup.gif,82,item
Almost Gummy Rat (Grape),https://grundoscafe.b-cdn.net/items/almostgummyratspurple.gif,82,item
Altador Stained Glass Window,https://grundoscafe.b-cdn.net/items/bvw_altador_sun.gif,82,item
Babaa Tales,https://grundoscafe.b-cdn.net/items/boo_babaatales.gif,82,item
Baby Grarrl Plushie,https://grundoscafe.b-cdn.net/items/toy_babygrarrl.gif,82,item
Baked Rye Loaf,https://grundoscafe.b-cdn.net/items/foo_rye_loaf.gif,82,item
Basket of Gross Berries,https://grundoscafe.b-cdn.net/items/mfo_pyob_grossbasket.gif,82,item
Berry Eyrie Souffle,https://grundoscafe.b-cdn.net/items/foo_eyriesouffle_berry.gif,82,item
Blue Cybunny Balloon,https://grundoscafe.b-cdn.net/items/toy_balloon_cybunny.gif,82,item
Blue Healthshroom,https://grundoscafe.b-cdn.net/items/mushroom10.gif,82,item
Blue Krawk Plushie,https://grundoscafe.b-cdn.net/items/plu_krawk_blue.gif,82,item
Blue Yurble Plushie,https://grundoscafe.b-cdn.net/items/toy_yurble_blueplushie.gif,82,item
Boiled Round Dumplings,https://grundoscafe.b-cdn.net/items/foo_cny_steamrounddumpling.gif,82,item
Bruce Avenger,https://grundoscafe.b-cdn.net/items/blacktradingcardback.gif,82,item
Capara,https://grundoscafe.b-cdn.net/items/blacktradingcardback.gif,82,item
Caramel Cream Grarrl Foot,https://grundoscafe.b-cdn.net/items/food_grarrl_foot.gif,82,item
Caramel Usul Cake,https://grundoscafe.b-cdn.net/items/food_usulcake1.gif,82,item
Caring For Bori,https://grundoscafe.b-cdn.net/items/boo_bori_care.gif,82,item
Charge,https://grundoscafe.b-cdn.net/items/book_tonucharge.gif,82,item
Cheese and Pickle Sandwiches,https://grundoscafe.b-cdn.net/items/food_sandwich3.gif,82,item
Cheesy Jetsam Sandwich,https://grundoscafe.b-cdn.net/items/foo_jetsand1.gif,82,item
Chicken Curry,https://grundoscafe.b-cdn.net/items/foo_curry_chicken.gif,82,item
Chickentastic Ice Lolly,https://grundoscafe.b-cdn.net/items/food_chickenicecream.gif,82,item
Chocolate Chip Lenny Cookie,https://grundoscafe.b-cdn.net/items/food_lenny_choccook.gif,82,item
Chocolate Covered Tomato,https://grundoscafe.b-cdn.net/items/choc_tomatoe.gif,82,item
Chocolate Grarrl on a Stick,https://grundoscafe.b-cdn.net/items/food_grarrl_chocstik.gif,82,item
Chocolate Ogrin Cookbook,https://grundoscafe.b-cdn.net/items/boo_ogrin_choccook.gif,82,item
Chocolate Uni Print,https://grundoscafe.b-cdn.net/items/candy_unihoof.gif,82,item
Clay Shield,https://grundoscafe.b-cdn.net/items/bd_clay_basicshield.gif,82,item
Cloud Wocky Ball,https://grundoscafe.b-cdn.net/items/toy_wocky_ball.gif,82,item
Daedelon,https://grundoscafe.b-cdn.net/items/blacktradingcardback.gif,82,item
Darigan Kite,https://grundoscafe.b-cdn.net/items/dto_darigan_kite.gif,82,item
Darigan Scorchio Plushie,https://grundoscafe.b-cdn.net/items/plu_scorchio_darigan.gif,82,item
Darigan Trunkard Plushie,https://grundoscafe.b-cdn.net/items/dto_pludar_trunkard.gif,82,item
Dark Chocolate Chia,https://grundoscafe.b-cdn.net/items/darkchoc_chia.gif,82,item
Dried Mushrooms,https://grundoscafe.b-cdn.net/items/shm_dried_mushrooms.gif,82,item
Equestrian Usuki,https://grundoscafe.b-cdn.net/items/usuki_equestrian.gif,82,item
Faerie Wings My Pretty Uni Set,https://grundoscafe.b-cdn.net/items/mpu_set_faerie_wings.gif,82,item
Flaming Hot Meat Taco,https://grundoscafe.b-cdn.net/items/food_fire_taco.gif,82,item
Florange Brucicle,https://grundoscafe.b-cdn.net/items/foo_brucicle_gold.gif,82,item
Fried Egg on Toast,https://grundoscafe.b-cdn.net/items/food_toast_fried.gif,82,item
Gelert Day Cereal,https://grundoscafe.b-cdn.net/items/food_gelert_cereal.gif,82,item
Gelert Day Party Ideas,https://grundoscafe.b-cdn.net/items/boo_gelert_bakery.gif,82,item
Gloomy Harp,https://grundoscafe.b-cdn.net/items/inst_gloomy_harp.gif,82,item
Glossy Blue Shell,https://grundoscafe.b-cdn.net/items/she_scallop1.gif,82,item
Glowing Techo Plushie,https://grundoscafe.b-cdn.net/items/plu_techo_glowing.gif,82,item
Gobi Fruit,https://grundoscafe.b-cdn.net/items/ldf_fruit1.gif,82,item
Gothic Skeith Plushie,https://grundoscafe.b-cdn.net/items/plu_gothic_skeith.gif,82,item
Green Cybunny Balloon,https://grundoscafe.b-cdn.net/items/toy_cybunny_greenballoon.gif,82,item
Green Pear Drops,https://grundoscafe.b-cdn.net/items/food_greenpeardrop.gif,82,item
Green Toadstool,https://grundoscafe.b-cdn.net/items/mushroom16.gif,82,item
Grundo Snow Throw Stamp,https://grundoscafe.b-cdn.net/items/sta_grundothrow.gif,82,item
Grundo X2000 Chestplate,https://grundoscafe.b-cdn.net/items/grundo_chestplate.gif,82,item
Hasee Bounce Card,https://grundoscafe.b-cdn.net/items/blacktradingcardback.gif,82,item
Hissi Superball,https://grundoscafe.b-cdn.net/items/toy_hissi_superball.gif,82,item
Islandberry Tea,https://grundoscafe.b-cdn.net/items/tro_islandberry_tea.gif,82,item
Jail Window,https://grundoscafe.b-cdn.net/items/bvg_jail_window.gif,82,item
Jawshell,https://grundoscafe.b-cdn.net/items/jawshell_rainbow.gif,82,item
JubJub Clay Sculpture Set,https://grundoscafe.b-cdn.net/items/toy_clayset_jubjub.gif,82,item
Kauvara Lamp,https://grundoscafe.b-cdn.net/items/star_lamp.gif,82,item
Kiwi Jetsam Cake,https://grundoscafe.b-cdn.net/items/bak_jetsam_greencake.gif,82,item
Knitted Nimmo Plushie,https://grundoscafe.b-cdn.net/items/plu_nimmo_knitted.gif,82,item
Koyle,https://grundoscafe.b-cdn.net/items/food_koyle.gif,82,item
Krazy Krawks,https://grundoscafe.b-cdn.net/items/book_krawk_krazy_krawks.gif,82,item
Large Plain Window,https://grundoscafe.b-cdn.net/items/bvg_lgsquare_noframe.gif,82,item
Leeble,https://grundoscafe.b-cdn.net/items/isl_petpet2.gif,82,item
Lemon Gummy Kiko,https://grundoscafe.b-cdn.net/items/fd_kiko_gummy_yellow.gif,82,item
Lenny Day Carrot Cake,https://grundoscafe.b-cdn.net/items/food_lennycake2.gif,82,item
Lime Grundo Lollypop,https://grundoscafe.b-cdn.net/items/can_grundo_green.gif,82,item
Long Tiger Drawer,https://grundoscafe.b-cdn.net/items/tiger_low_drawer.gif,82,item
Lord Darigan Stamp,https://grundoscafe.b-cdn.net/items/stamp_darigan.gif,82,item
Lutari Furred Tails,https://grundoscafe.b-cdn.net/items/boo_lutari_furredtails.gif,82,item
Magaral Plushie,https://grundoscafe.b-cdn.net/items/Purple_Magaral_Plushie.gif,82,item
Maitre D,https://grundoscafe.b-cdn.net/items/blacktradingcardback.gif,82,item
Meerca Balloon,https://grundoscafe.b-cdn.net/items/toy_balloon_meerca.gif,82,item
Meerca Chase Statue,https://grundoscafe.b-cdn.net/items/gar_meerca_statue.gif,82,item
Mega Kalboo Smoothie,https://grundoscafe.b-cdn.net/items/smo_bamboo_kale.gif,82,item
Mega Pluburb Smoothie,https://grundoscafe.b-cdn.net/items/smo_mega_pluburb.gif,82,item
Millipod,https://grundoscafe.b-cdn.net/items/petpet_robo_jellyfish.gif,82,item
Mint Chocolate Kau,https://grundoscafe.b-cdn.net/items/mintchoco_kau.gif,82,item
Moon and Star Stickies,https://grundoscafe.b-cdn.net/items/gro_moonstar_crystaltattoo.gif,82,item
Moonlit Esophagor Stamp,https://grundoscafe.b-cdn.net/items/stamp_hal_eso.gif,82,item
Moon Sandwich,https://grundoscafe.b-cdn.net/items/spc_moon_sandwich.gif,82,item
Mutant Eyrie Plushie,https://grundoscafe.b-cdn.net/items/mutant_eyrie_plu.gif,82,item
Mysterious Aisha Sorceress,https://grundoscafe.b-cdn.net/items/blacktradingcardback.gif,82,item
Neopet Version 2 Stamp,https://grundoscafe.b-cdn.net/items/stamp_spa_npv2.gif,82,item
New Year Fire Crackers,https://grundoscafe.b-cdn.net/items/toy_cny_firecracker.gif,82,item
Nimmo Pogo Stick,https://grundoscafe.b-cdn.net/items/toy_nimmo_pogostick.gif,82,item
Ona Water Bottle,https://grundoscafe.b-cdn.net/items/pps_ona_bottle.gif,82,item
Orange Chocolate Kiko,https://grundoscafe.b-cdn.net/items/orangechoc_kiko.gif,82,item
Orange Cream Slushie,https://grundoscafe.b-cdn.net/items/slushie_orangecream.gif,82,item
Painting Poogles,https://grundoscafe.b-cdn.net/items/boo_paintingpoogles.gif,82,item
Pan Pipes,https://grundoscafe.b-cdn.net/items/imus_panflute.gif,82,item
Peophin Tank Top,https://grundoscafe.b-cdn.net/items/clo_peophin_tank.gif,82,item
Peppermint Praline Bar,https://grundoscafe.b-cdn.net/items/newchoc_colorbar1.gif,82,item
Piraket Stamp,https://grundoscafe.b-cdn.net/items/sta_piraket.gif,82,item
Plushie Acara Lipstick,https://grundoscafe.b-cdn.net/items/gro_plushieacara_lipstick.gif,82,item
Plushie Chomby Balloon,https://grundoscafe.b-cdn.net/items/toy_balloon_plushiechomby.gif,82,item
Potato Stuffed Pepper,https://grundoscafe.b-cdn.net/items/foo_tatopepper.gif,82,item
Pull Along Kougra,https://grundoscafe.b-cdn.net/items/toy_kougra_pullalong.gif,82,item
Pumpkin Spice Doughnut,https://grundoscafe.b-cdn.net/items/doughnutpumpkinspice.gif,82,item
Rainbow Cupcake,https://grundoscafe.b-cdn.net/items/bak_ra_cup.gif,82,item
Rainbow Portal Window,https://grundoscafe.b-cdn.net/items/bvw_portal_window.gif,82,item
Red Grarrl Plushie,https://grundoscafe.b-cdn.net/items/toy_grarrl_red.gif,82,item
Red Skeith Plushie,https://grundoscafe.b-cdn.net/items/toy_redskeith.gif,82,item
Reptillian Wing,https://grundoscafe.b-cdn.net/items/d_food01.gif,82,item
Retro Black Fuzzle,https://grundoscafe.b-cdn.net/items/fuzzle_retro_black.gif,82,item
Retro Pink Fuzzle,https://grundoscafe.b-cdn.net/items/fuzzle_retro_pink.gif,82,item
Retro Purple Fuzzle,https://grundoscafe.b-cdn.net/items/fuzzle_retro_purple.gif,82,item
Retro White Fuzzle,https://grundoscafe.b-cdn.net/items/fuzzle_retro_white.gif,82,item
Ruki Survival Tips,https://grundoscafe.b-cdn.net/items/boo_ruki_survival.gif,82,item
Savoury Grundo Veggieballs,https://grundoscafe.b-cdn.net/items/space_grundo_meatballs.gif,82,item
Scado,https://grundoscafe.b-cdn.net/items/pet_scado.gif,82,item
Scorched Gobi Fruit,https://grundoscafe.b-cdn.net/items/ldf_scorch_gobi.gif,82,item
Scorchio Spice Cake,https://grundoscafe.b-cdn.net/items/bak_scorchio_firecake.gif,82,item
Slorg Bath Tub,https://grundoscafe.b-cdn.net/items/pps_slorg_bathtub.gif,82,item
Snow Bruce Music Box,https://grundoscafe.b-cdn.net/items/toy_musicbox_bruce.gif,82,item
Snow Faerie Book,https://grundoscafe.b-cdn.net/items/boo_snowfaerie.gif,82,item
Speckled Ruki Plushie,https://grundoscafe.b-cdn.net/items/plu_ruki_speckled.gif,82,item
Starry Chocolate Usul Cake,https://grundoscafe.b-cdn.net/items/bak_usul_starry1.gif,82,item
Steamed Pork Dumplings,https://grundoscafe.b-cdn.net/items/steameddumplings.gif,82,item
Stone Arm Shield,https://grundoscafe.b-cdn.net/items/f_arm.gif,82,item
Stone Veggie,https://grundoscafe.b-cdn.net/items/d_food35.gif,82,item
Strawberry Blumaroo Cone,https://grundoscafe.b-cdn.net/items/food_blumaroo_conestraw.gif,82,item
Strawberry Blumaroo Gummy Die,https://grundoscafe.b-cdn.net/items/can_blumaroo_strawberry.gif,82,item
Tea Time Pteri Plushie,https://grundoscafe.b-cdn.net/items/plu_tea_pteri.gif,82,item
Techo Battle Tactics,https://grundoscafe.b-cdn.net/items/boo_techo_tactics.gif,82,item
The Curse Of The Pirate Aisha,https://grundoscafe.b-cdn.net/items/boo_pirate_aisha.gif,82,item
The Split Flotsam,https://grundoscafe.b-cdn.net/items/book_flotsam_split.gif,82,item
Tonu Horn on a Stick,https://grundoscafe.b-cdn.net/items/food_tonu_stick.gif,82,item
Too Hot,https://grundoscafe.b-cdn.net/items/book_scorchio_hot.gif,82,item
Trapped Snow Wurm,https://grundoscafe.b-cdn.net/items/bd_ice1.gif,82,item
Tuskaninny Bedtime Stories,https://grundoscafe.b-cdn.net/items/boo_tuskaninny_bedtime.gif,82,item
Tut Trout,https://grundoscafe.b-cdn.net/items/food_desert15.gif,82,item
Tyragh the Tyrannian Buzz,https://grundoscafe.b-cdn.net/items/blacktradingcardback.gif,82,item
Ummagine,https://grundoscafe.b-cdn.net/items/food_desert4.gif,82,item
Unusual Buzz Recipes,https://grundoscafe.b-cdn.net/items/boo_buzz_tryit.gif,82,item
White Chocolate JubJub Cake,https://grundoscafe.b-cdn.net/items/bak_jubjubwhite.gif,82,item
Winter Card,https://grundoscafe.b-cdn.net/items/gif_xmas_card.gif,82,item
Wocky Secrets,https://grundoscafe.b-cdn.net/items/book_wockylock2003.gif,82,item
Wooden Bed,https://grundoscafe.b-cdn.net/items/brown_bed.gif,82,item
Wooden Shoyru Spinning Top,https://grundoscafe.b-cdn.net/items/toy_wooden_shoyrutop.gif,82,item
Xweetok Bologna Sandwich,https://grundoscafe.b-cdn.net/items/foo_xweetok_sandwich.gif,82,item
Year of the Snake Lantern,https://grundoscafe.b-cdn.net/items/snake_lantern.gif,82,item
Yellow Bori Plushie,https://grundoscafe.b-cdn.net/items/toy_bori_yellow.gif,82,item
Yellow Chomby Gnome,https://grundoscafe.b-cdn.net/items/fu_gnome_chomby.gif,82,item
Yellow Eyrie Plushie,https://grundoscafe.b-cdn.net/items/toy_eyrie_plush2.gif,82,item
Yellow Grundo Plushie,https://grundoscafe.b-cdn.net/items/toy_yellowgrundo.gif,82,item
Yellow Korbat Keyring,https://grundoscafe.b-cdn.net/items/keychain_yellowkorbat.gif,82,item
Yellow Wocky Plushie,https://grundoscafe.b-cdn.net/items/toy_yellowwocky.gif,82,item
Authentic Tyrannian Coffee,https://grundoscafe.b-cdn.net/items/coff_tyrannia.gif,83,item
Baby Mynci Plushie,https://grundoscafe.b-cdn.net/items/plu_mynci_baby.gif,83,item
Baby Scorchio Nursery Rhymes,https://grundoscafe.b-cdn.net/items/boo_scorchio_baby.gif,83,item
Blueberry Techo Pop,https://grundoscafe.b-cdn.net/items/can_techo_blue.gif,83,item
Blue Grarrl Plushie,https://grundoscafe.b-cdn.net/items/toy_grarrl_blue.gif,83,item
Blue Grundo Plushie,https://grundoscafe.b-cdn.net/items/toy_bluegrundo.gif,83,item
Blurf Brucicle,https://grundoscafe.b-cdn.net/items/foo_brucicle_electric.gif,83,item
Bronze Shield,https://grundoscafe.b-cdn.net/items/bd_bronzeshield.gif,83,item
Bubblebee,https://grundoscafe.b-cdn.net/items/bubblebee_yellow.gif,83,item
Bubble Negg,https://grundoscafe.b-cdn.net/items/can_bubble_negg.gif,83,item
Bubbling Burping Juice,https://grundoscafe.b-cdn.net/items/food_faerie_bubble.gif,83,item
Bucket Of Slops,https://grundoscafe.b-cdn.net/items/ps_bucketofslops.gif,83,item
Buzzy,https://grundoscafe.b-cdn.net/items/space_petpet_8.gif,83,item
Caylis Music Box,https://grundoscafe.b-cdn.net/items/toy_caylis_musicbox.gif,83,item
Chocolate Chip Peophin Cookie,https://grundoscafe.b-cdn.net/items/food_peophin_cookie2.gif,83,item
Chocolate Zeenana Pteri Egg,https://grundoscafe.b-cdn.net/items/can_pteriegg_zeenana.gif,83,item
Christmas Eyrie Plushie,https://grundoscafe.b-cdn.net/items/plu_eyrie_christmas.gif,83,item
Christmas Meerca Stamp,https://grundoscafe.b-cdn.net/items/stamp_snowy_meerca.gif,83,item
Cookie Dough Usul Cake,https://grundoscafe.b-cdn.net/items/food_usulcake2.gif,83,item
Coopird,https://grundoscafe.b-cdn.net/items/basic_coopird.gif,83,item
Cougi,https://grundoscafe.b-cdn.net/items/pet_winter_2.gif,83,item
Curious JubJub Gnome,https://grundoscafe.b-cdn.net/items/fu_jubjub_worm.gif,83,item
Dark Chocolate Cybunny,https://grundoscafe.b-cdn.net/items/darkchoc_cybunny.gif,83,item
Desert Poogle Music Box,https://grundoscafe.b-cdn.net/items/toy_musicbox_poogle.gif,83,item
Double Chicken Leg,https://grundoscafe.b-cdn.net/items/food_doubleleg.gif,83,item
Earth Faerie Recorder,https://grundoscafe.b-cdn.net/items/inst_recorder_faerie.gif,83,item
Edgy Gelert Plushie,https://grundoscafe.b-cdn.net/items/edgy_gelert_plu.gif,83,item
Eizzil,https://grundoscafe.b-cdn.net/items/eizzil_basic.gif,83,item
Eyrie Notebook,https://grundoscafe.b-cdn.net/items/sch_eyrie_notebook.gif,83,item
Faerie Kougra Bookmark,https://grundoscafe.b-cdn.net/items/faerie_kougra_bookmark.gif,83,item
Faerie Notebook,https://grundoscafe.b-cdn.net/items/school_faerie_notebook.gif,83,item
Fire Ball,https://grundoscafe.b-cdn.net/items/f_ball.gif,83,item
Fire Muffin,https://grundoscafe.b-cdn.net/items/bd_muffin_fire.gif,83,item
Flaming Hot Chips,https://grundoscafe.b-cdn.net/items/food_flaming_chilifries.gif,83,item
Flaming Hot Hot Dog,https://grundoscafe.b-cdn.net/items/food_fire_hotdog.gif,83,item
Flotsam Colour Time,https://grundoscafe.b-cdn.net/items/boo_flotsam_colour.gif,83,item
Frozen Block of Sustenance,https://grundoscafe.b-cdn.net/items/spc_frozen_sustenanceblock.gif,83,item
Getting Better,https://grundoscafe.b-cdn.net/items/book_scor_bet.gif,83,item
Gnorbu Battle Greaves,https://grundoscafe.b-cdn.net/items/bd_gnorbu_greaves.gif,83,item
Gnorbu Wool Hat,https://grundoscafe.b-cdn.net/items/clo_gnorbu_hat.gif,83,item
Gold Shoyru Plushie,https://grundoscafe.b-cdn.net/items/shoyruplush6.gif,83,item
Gooey Chocolate Grarrl,https://grundoscafe.b-cdn.net/items/food_grarrl_melt1.gif,83,item
Gothic Usul Plushie,https://grundoscafe.b-cdn.net/items/plu_gothic_usul.gif,83,item
Gragarex the Grarrl Trooper,https://grundoscafe.b-cdn.net/items/blacktradingcardback.gif,83,item
Green Healthshroom,https://grundoscafe.b-cdn.net/items/mushroom12.gif,83,item
Gummi Worms,https://grundoscafe.b-cdn.net/items/gummy_worms.gif,83,item
Hissi Exercise,https://grundoscafe.b-cdn.net/items/boo_hissi_exercise.gif,83,item
Honey Blossom Extract,https://grundoscafe.b-cdn.net/items/med_honeyextract.gif,83,item
Hot Dog Water Bowl,https://grundoscafe.b-cdn.net/items/pps_hotdog_bowl.gif,83,item
Isca Music Box,https://grundoscafe.b-cdn.net/items/toy_isca_singing.gif,83,item
Kaykee Wake Cake,https://grundoscafe.b-cdn.net/items/neo_cake5.gif,83,item
Kora,https://grundoscafe.b-cdn.net/items/mar_kora_blue.gif,83,item
Korbat Flower Gnome,https://grundoscafe.b-cdn.net/items/neogarden_gnomekorbat.gif,83,item
Krawk Battle Shield,https://grundoscafe.b-cdn.net/items/bd_krawk_shield.gif,83,item
Krawk Claw Polish,https://grundoscafe.b-cdn.net/items/groom_krawk_polish.gif,83,item
Lemon Grarrl Pop,https://grundoscafe.b-cdn.net/items/foo_grarrl_popyellow.gif,83,item
Lemon Tuskaninny Lolly,https://grundoscafe.b-cdn.net/items/food_tusk_popyellow.gif,83,item
Lime JubJub Muffin,https://grundoscafe.b-cdn.net/items/bak_jubmuff_lime.gif,83,item
Lutari Claw Care,https://grundoscafe.b-cdn.net/items/boo_lutari_clawcare.gif,83,item
Master Vex Puzzle,https://grundoscafe.b-cdn.net/items/dto_vex_puzzle.gif,83,item
Mega Bamboo Smoothie,https://grundoscafe.b-cdn.net/items/smo_bamboo.gif,83,item
Mint Chocolate Moehog,https://grundoscafe.b-cdn.net/items/mintchoco_moehog.gif,83,item
Minty Blumaroo Cone,https://grundoscafe.b-cdn.net/items/food_blumaroo_conemint.gif,83,item
Monoceraptor Claw Stamp,https://grundoscafe.b-cdn.net/items/sta_monoceraptor_claw.gif,83,item
Munion,https://grundoscafe.b-cdn.net/items/gad_fruit6.gif,83,item
Mushrooms On A Stick,https://grundoscafe.b-cdn.net/items/foo_mushroom_kabob.gif,83,item
Mutant Aisha Twins,https://grundoscafe.b-cdn.net/items/blacktradingcardback.gif,83,item
Neon Skeleton Lutari Plushie,https://grundoscafe.b-cdn.net/items/plu_lutari_skeleton.gif,83,item
Nine Cheese Pizza Block,https://grundoscafe.b-cdn.net/items/food_pizzablock_cheese.gif,83,item
Noak,https://grundoscafe.b-cdn.net/items/noak_blue.gif,83,item
Orange Chocolate Koi,https://grundoscafe.b-cdn.net/items/orangechoc_koi.gif,83,item
Orange Chocolate Nova,https://grundoscafe.b-cdn.net/items/foo_chocolate_nova4.gif,83,item
Orange Koi Squirty Toy,https://grundoscafe.b-cdn.net/items/toy_koibath_squirter.gif,83,item
Orp,https://grundoscafe.b-cdn.net/items/orp_blue.gif,83,item
Petpet Growth Syrup Stamp,https://grundoscafe.b-cdn.net/items/sta_growth_syrup.gif,83,item
Petpet Pipe Maze,https://grundoscafe.b-cdn.net/items/petpet_toy_pipemaze.gif,83,item
Pigalicious Ham Sandwich,https://grundoscafe.b-cdn.net/items/faerie_food_ham.gif,83,item
Pineapple Blumaroo Gummy Die,https://grundoscafe.b-cdn.net/items/can_blumaroo_pineapple.gif,83,item
Pink Krawk Plushie,https://grundoscafe.b-cdn.net/items/plu_krawk_pink.gif,83,item
Pirate Chomby Balloon,https://grundoscafe.b-cdn.net/items/toy_balloon_piratechomby.gif,83,item
Plushie Techo Plushie,https://grundoscafe.b-cdn.net/items/plu_techo_plushie.gif,83,item
Potato and Sweetcorn Soup,https://grundoscafe.b-cdn.net/items/health_soup2.gif,83,item
Pumpkin Eyrie Souffle,https://grundoscafe.b-cdn.net/items/foo_eyriesouffle_pumpkin.gif,83,item
Purple Ona Water Bowl,https://grundoscafe.b-cdn.net/items/pps_ona_bowl.gif,83,item
Rainbow Grarrl Plushie,https://grundoscafe.b-cdn.net/items/plu_grarrl_rainbow.gif,83,item
Rainbow Mynci Plushie,https://grundoscafe.b-cdn.net/items/plu_rainbow_mynci.gif,83,item
Raindorf Feeding Bowl,https://grundoscafe.b-cdn.net/items/pps_raindorf_bowl.gif,83,item
Raspberry Achyfi,https://grundoscafe.b-cdn.net/items/food_achyfi3.gif,83,item
Red Eyrie Plushie,https://grundoscafe.b-cdn.net/items/toy_eyrie_plush3.gif,83,item
Red Kau Balloon,https://grundoscafe.b-cdn.net/items/toy_kau_redballoon.gif,83,item
Reject Blue Grarrl Plushie,https://grundoscafe.b-cdn.net/items/BlueGrarrlToy.gif,83,item
Reject Green Grarrl Plushie,https://grundoscafe.b-cdn.net/items/GreenGrarrlToy.gif,83,item
Reject Red Grarrl Plushie,https://grundoscafe.b-cdn.net/items/RedGrarrlToy.gif,83,item
Reject Yellow Grarrl Plushie,https://grundoscafe.b-cdn.net/items/YellowGrarrlToy.gif,83,item
Rial the Red,https://grundoscafe.b-cdn.net/items/book_tusk_red.gif,83,item
Sandan,https://grundoscafe.b-cdn.net/items/adnapp_blue.gif,83,item
Scorched Suti Fruit,https://grundoscafe.b-cdn.net/items/ldf_scorch_suti.gif,83,item
Seaweed Necklace Stamp,https://grundoscafe.b-cdn.net/items/sta_seaweednecklace.gif,83,item
Secret of the Bogberries,https://grundoscafe.b-cdn.net/items/bvb_secret_bogberries.gif,83,item
Shadow Kacheek Plushie,https://grundoscafe.b-cdn.net/items/plu_kacheek_shadow.gif,83,item
Shoyru Mysteries,https://grundoscafe.b-cdn.net/items/book_shoyru_mysteries.gif,83,item
Silver Triangle,https://grundoscafe.b-cdn.net/items/toy_triangle.gif,83,item
Skeith Flying,https://grundoscafe.b-cdn.net/items/boo_skeith_fly.gif,83,item
Slice of Deluxe Lemon Mynci Cake,https://grundoscafe.b-cdn.net/items/food_mynci_cake2.gif,83,item
Spherical Watermelon,https://grundoscafe.b-cdn.net/items/food_sphere_watermelon.gif,83,item
Starry Ruki Plushie,https://grundoscafe.b-cdn.net/items/plu_ruki_starry.gif,83,item
Strawberry Mynci Lollypop,https://grundoscafe.b-cdn.net/items/foo_mynci_lollipop04.gif,83,item
Strawberry Tonu Cookie,https://grundoscafe.b-cdn.net/items/food_tonu_cook2.gif,83,item
Striped Tunnel Bed,https://grundoscafe.b-cdn.net/items/fur_petpet_bed3.gif,83,item
Suti Fruit,https://grundoscafe.b-cdn.net/items/ldf_fruit3.gif,83,item
Taelia Ball,https://grundoscafe.b-cdn.net/items/toy_taelia_ball.gif,83,item
Taming The Hair,https://grundoscafe.b-cdn.net/items/boo_taminghair.gif,83,item
Tangy Twirly Fruit Soup,https://grundoscafe.b-cdn.net/items/foo_soup_twirly.gif,83,item
Tanizard,https://grundoscafe.b-cdn.net/items/isl_petpet3.gif,83,item
Tea Time Acara Plushie,https://grundoscafe.b-cdn.net/items/plu_tea_acara.gif,83,item
The Big Book of Faerie Spells,https://grundoscafe.b-cdn.net/items/fbo_fyora_spells.gif,83,item
The Little Book Of Bruce,https://grundoscafe.b-cdn.net/items/boo_bruce_little.gif,83,item
The Rainbow Gelert,https://grundoscafe.b-cdn.net/items/book_gelert_bow.gif,83,item
The Space Faerie,https://grundoscafe.b-cdn.net/items/blacktradingcardback.gif,83,item
Tiger Desk,https://grundoscafe.b-cdn.net/items/tiger_desk.gif,83,item
Tigersquash Kougraclaw,https://grundoscafe.b-cdn.net/items/bak_kougraclaw_tigersq.gif,83,item
Tigersquash Mince Pie,https://grundoscafe.b-cdn.net/items/food_mincepie6.gif,83,item
Toasty Jam Surprise,https://grundoscafe.b-cdn.net/items/food_toast_surprise.gif,83,item
Tropicolour Cake,https://grundoscafe.b-cdn.net/items/neo_cake1.gif,83,item
Turbo Flame Reflector,https://grundoscafe.b-cdn.net/items/bd_fire_02.gif,83,item
Vacation Food Dish,https://grundoscafe.b-cdn.net/items/pps_vac_feeder.gif,83,item
Vanilla Hissinamon Roll,https://grundoscafe.b-cdn.net/items/bak_hissinomon_vanilla.gif,83,item
White Cybunny Plushie,https://grundoscafe.b-cdn.net/items/plu_cybunny_white.gif,83,item
White Eyrie Plushie,https://grundoscafe.b-cdn.net/items/plu_eyrie_white.gif,83,item
Witchcraft Spells,https://grundoscafe.b-cdn.net/items/book_halloween5.gif,83,item
Wooden Chomby Skeleton,https://grundoscafe.b-cdn.net/items/toy_chomby_woodenskeleton.gif,83,item
Xweetok Hot Chocolate,https://grundoscafe.b-cdn.net/items/foo_xweetok_hotchocolate.gif,83,item
Yellow Skeith Keyring,https://grundoscafe.b-cdn.net/items/keychain_yellowskeith.gif,83,item
Y is for Yurble,https://grundoscafe.b-cdn.net/items/boo_yurble_y.gif,83,item
Yoakie,https://grundoscafe.b-cdn.net/items/mar_yoakie_blue.gif,83,item
Zero Gravity Veggie Platter,https://grundoscafe.b-cdn.net/items/spc_veggie_platter.gif,83,item
A Guide To Cybunny Culture,https://grundoscafe.b-cdn.net/items/boo_cybunny_culture.gif,84,item
Alabriss Stained Glass Window,https://grundoscafe.b-cdn.net/items/bvw_altador_alabriss.gif,84,item
Asparagus Protein Smoothie,https://grundoscafe.b-cdn.net/items/smo_reg_asperaragus_protein.gif,84,item
Asparatastic Crunch,https://grundoscafe.b-cdn.net/items/newchoc_colorbar2.gif,84,item
Baby Bruce Pull Along Toy,https://grundoscafe.b-cdn.net/items/toy_bbruce_pull.gif,84,item
Baby Kougra Plushie,https://grundoscafe.b-cdn.net/items/toy_babykougra.gif,84,item
Baby Skeith Plushie,https://grundoscafe.b-cdn.net/items/toy_babyskeith.gif,84,item
Baby Tonu Plushie,https://grundoscafe.b-cdn.net/items/plu_tonu_baby.gif,84,item
Baby Whistle,https://grundoscafe.b-cdn.net/items/inst_baby_whistle.gif,84,item
Banana Mynci Day Cupcake,https://grundoscafe.b-cdn.net/items/bak_mynci_banana.gif,84,item
Beans with Sausages,https://grundoscafe.b-cdn.net/items/hotdog_beanfranks.gif,84,item
Blancmange,https://grundoscafe.b-cdn.net/items/mfo_blancmange.gif,84,item
Blue Eyrie Plushie,https://grundoscafe.b-cdn.net/items/toy_eyrie_plush4.gif,84,item
Blue Lupe Chia Plushie,https://grundoscafe.b-cdn.net/items/plu_lupe_chiablue.gif,84,item
Brick Petpet Bath Tub,https://grundoscafe.b-cdn.net/items/petpet_bath_brick.gif,84,item
Brown Spotted Shell,https://grundoscafe.b-cdn.net/items/she_dwivitt.gif,84,item
Carrot Fizz Achyfi,https://grundoscafe.b-cdn.net/items/foo_achyfi_carrot.gif,84,item
Carrot Hot Dog,https://grundoscafe.b-cdn.net/items/food_carrotdog.gif,84,item
Chocolate Kougra Cake,https://grundoscafe.b-cdn.net/items/food_kougra_chococake.gif,84,item
Cranberries,https://grundoscafe.b-cdn.net/items/mfo_cranberries.gif,84,item
Darigan Fishing Playtime Kit,https://grundoscafe.b-cdn.net/items/dto_fishermankit.gif,84,item
Darigan Peophin Play Set,https://grundoscafe.b-cdn.net/items/dto_peophin_playset.gif,84,item
Darigan Tigermouse Plushie,https://grundoscafe.b-cdn.net/items/dto_tigermouse_plushie.gif,84,item
Darigan Yurble Balloon,https://grundoscafe.b-cdn.net/items/dto_balloon_yurble.gif,84,item
Dark Chocolate Elephante,https://grundoscafe.b-cdn.net/items/darkchoc_elephante.gif,84,item
Double Dryer,https://grundoscafe.b-cdn.net/items/bd_air_02.gif,84,item
Draik Guard Stamp,https://grundoscafe.b-cdn.net/items/sta_meridell_draikguard.gif,84,item
Dr_Death,https://grundoscafe.b-cdn.net/items/blacktradingcardback.gif,84,item
Everlasting Crystal Apple Stamp,https://grundoscafe.b-cdn.net/items/sta_crystalapple.gif,84,item
Feathered Faerie My Pretty Uni,https://grundoscafe.b-cdn.net/items/mpu_feathered_faerie.gif,84,item
Feathery Cupcake,https://grundoscafe.b-cdn.net/items/bak_feather_cupcake.gif,84,item
Fiery Gelert Day Pancakes,https://grundoscafe.b-cdn.net/items/bak_gelert_pancake3.gif,84,item
Floating Pasta Mass,https://grundoscafe.b-cdn.net/items/spc_floating_pasta.gif,84,item
Flotsam Fingers,https://grundoscafe.b-cdn.net/items/food_flotsam_fingers.gif,84,item
Food for Thought,https://grundoscafe.b-cdn.net/items/bvb_food_thought.gif,84,item
Fyoras Rule,https://grundoscafe.b-cdn.net/items/fbo_fyora_rule.gif,84,item
Galactic Space Punch,https://grundoscafe.b-cdn.net/items/foo_space_fruitpunch.gif,84,item
Gargarox Special Lunch Dish,https://grundoscafe.b-cdn.net/items/spc_gargaroxs_special.gif,84,item
Geb Stamp,https://grundoscafe.b-cdn.net/items/stamp_desert_geb.gif,84,item
Gelert Night Vision,https://grundoscafe.b-cdn.net/items/boo_gelert_nightvision.gif,84,item
Gelert Prince Stamp,https://grundoscafe.b-cdn.net/items/sta_gelertprince.gif,84,item
Glow-in-the-Dark Nail Polish,https://grundoscafe.b-cdn.net/items/gro_glow_dark_nailpolish.gif,84,item
Gooey Jetsam Sandwich,https://grundoscafe.b-cdn.net/items/foo_jetsand2.gif,84,item
Green Bori Plushie,https://grundoscafe.b-cdn.net/items/toy_bori_green.gif,84,item
Green Grarrl Plushie,https://grundoscafe.b-cdn.net/items/toy_grarrl_green.gif,84,item
Green Smooth Shell,https://grundoscafe.b-cdn.net/items/she_snail.gif,84,item
Green Yurble Plushie,https://grundoscafe.b-cdn.net/items/toy_yurble_greenplushie.gif,84,item
Grey Chomby Balloon,https://grundoscafe.b-cdn.net/items/toy_balloon_greychomby.gif,84,item
Grundo Onion Soup,https://grundoscafe.b-cdn.net/items/grundo_onion_soup.gif,84,item
Grunion Brucicle,https://grundoscafe.b-cdn.net/items/foo_brucicle_checkered.gif,84,item
How to Pick Flowers,https://grundoscafe.b-cdn.net/items/bvb_howtopickflowers.gif,84,item
Ixi Hoof Soup,https://grundoscafe.b-cdn.net/items/mfo_ixi_hoofsoup.gif,84,item
Jagged Ice Ring,https://grundoscafe.b-cdn.net/items/bd_ice13.gif,84,item
Jammy Kyrii Sandwich,https://grundoscafe.b-cdn.net/items/sand_kyriipbnj.gif,84,item
Juppie Jam Sandwiches,https://grundoscafe.b-cdn.net/items/food_sandwich2.gif,84,item
Kacheeks Are Cool,https://grundoscafe.b-cdn.net/items/book_kacheekcool.gif,84,item
Kacheek Tree Sculpture,https://grundoscafe.b-cdn.net/items/gar_kacheek_topiary.gif,84,item
Kau Defence,https://grundoscafe.b-cdn.net/items/kau_book_defence.gif,84,item
Kau Sock Puppet,https://grundoscafe.b-cdn.net/items/toy_kau_sockpuppet.gif,84,item
Kougra Quotes,https://grundoscafe.b-cdn.net/items/boo_kougra_quotes.gif,84,item
Large Plain Arched Window,https://grundoscafe.b-cdn.net/items/bvg_lgarch_noframe.gif,84,item
Lemint,https://grundoscafe.b-cdn.net/items/food_lemint.gif,84,item
Lemon Swirl Usul Cake,https://grundoscafe.b-cdn.net/items/bak_usul_swirl1.gif,84,item
Lenny Day Caramel Cake,https://grundoscafe.b-cdn.net/items/food_lennycake3.gif,84,item
Light Faerie Harp,https://grundoscafe.b-cdn.net/items/inst_harp_faerie.gif,84,item
Lime Tuskaninny Lolly,https://grundoscafe.b-cdn.net/items/food_tusk_popgreen.gif,84,item
Lord Kass Scooter,https://grundoscafe.b-cdn.net/items/dto_lordkass_scooter.gif,84,item
Lutari Pancakes,https://grundoscafe.b-cdn.net/items/foo_lutari_pancakes.gif,84,item
Lyins,https://grundoscafe.b-cdn.net/items/pet_des_14.gif,84,item
Manes,https://grundoscafe.b-cdn.net/items/book_unimanes.gif,84,item
Mega Celion Smoothie,https://grundoscafe.b-cdn.net/items/smo_onion_celery.gif,84,item
Mighty Marigolds,https://grundoscafe.b-cdn.net/items/gar_summerbush_3.gif,84,item
Minor Healing Scroll,https://grundoscafe.b-cdn.net/items/bvs_heal1.gif,84,item
Mint Chocolate Uni,https://grundoscafe.b-cdn.net/items/mintchoco_uni.gif,84,item
Moach Plushie,https://grundoscafe.b-cdn.net/items/toy_moach_plushie.gif,84,item
Moehog Salad,https://grundoscafe.b-cdn.net/items/foo_moehog_salad.gif,84,item
Mushroom Sandwich,https://grundoscafe.b-cdn.net/items/foo_mushroom_sandwich.gif,84,item
Negg Faerie Stained Glass Window,https://grundoscafe.b-cdn.net/items/bvg_faerie_negg.gif,84,item
Neosaurus Tail,https://grundoscafe.b-cdn.net/items/d_food05.gif,84,item
Orange Chocolate Korbat,https://grundoscafe.b-cdn.net/items/orangechoc_korbat.gif,84,item
Orange Chomby Plushie,https://grundoscafe.b-cdn.net/items/plu_chomby_orange.gif,84,item
Orange Gummy Kiko,https://grundoscafe.b-cdn.net/items/fd_kiko_gummy_orange.gif,84,item
Orange Krawk Plushie,https://grundoscafe.b-cdn.net/items/plu_krawk_orange.gif,84,item
Pea Stuffed Pepper,https://grundoscafe.b-cdn.net/items/foo_peapepper.gif,84,item
Pepito,https://grundoscafe.b-cdn.net/items/isl_petpet4.gif,84,item
Petty Crewmate Stamp,https://grundoscafe.b-cdn.net/items/sta_wave1pirate.gif,84,item
Pink Halloween Cybunny Plushie,https://grundoscafe.b-cdn.net/items/plu_cybunny_halloween_pink.gif,84,item
Pink Hissi Plushie,https://grundoscafe.b-cdn.net/items/plu_hissi_pink.gif,84,item
Pink Ona Grooming Kit,https://grundoscafe.b-cdn.net/items/pps_ona_brushncup.gif,84,item
Pink Violin,https://grundoscafe.b-cdn.net/items/inst_pink_violin.gif,84,item
Plain Cheesicle,https://grundoscafe.b-cdn.net/items/food_cheesicle.gif,84,item
Planet Pops,https://grundoscafe.b-cdn.net/items/space_lollipops.gif,84,item
Plushie Gnorbu Plushie,https://grundoscafe.b-cdn.net/items/plu_gnorbu_plushie.gif,84,item
Pumpkin Mocha,https://grundoscafe.b-cdn.net/items/coff_pumpkin_mocha.gif,84,item
Purple Cybunny Balloon,https://grundoscafe.b-cdn.net/items/toy_cybunny_purpleballoon.gif,84,item
Purple Gnorbu Wool Scarf,https://grundoscafe.b-cdn.net/items/clo_gnorbu_scarf.gif,84,item
Purple Koi Bath Sponge,https://grundoscafe.b-cdn.net/items/toy_koibath_sponge.gif,84,item
Rainbow Chia Gumball,https://grundoscafe.b-cdn.net/items/food_chia_gumball.gif,84,item
Rainbow Flotsam Toy,https://grundoscafe.b-cdn.net/items/toy_rainbowflotsam.gif,84,item
Rainbow Pancakes,https://grundoscafe.b-cdn.net/items/rainbow_pancakes.gif,84,item
Rainbow Slorg Squeaky Toy,https://grundoscafe.b-cdn.net/items/pps_slorg_squeaktoy_rainbow.gif,84,item
Red Aisha Hair Brush,https://grundoscafe.b-cdn.net/items/groom_aisha_brush.gif,84,item
Red Jetsam Bath Toy,https://grundoscafe.b-cdn.net/items/toy_jetsambath_red.gif,84,item
Retro Blue Eyrie Plushie,https://grundoscafe.b-cdn.net/items/BlueEyriePlushieRetro.gif,84,item
Retro Green Eyrie Plushie,https://grundoscafe.b-cdn.net/items/RetroGreenEyriePlushie.gif,84,item
Retro Red Eyrie Plushie,https://grundoscafe.b-cdn.net/items/RetroRedEyriePlushie.gif,84,item
Retro Yellow Eyrie Plushie,https://grundoscafe.b-cdn.net/items/RetroYellowEyriePlushie.gif,84,item
Roots of Success,https://grundoscafe.b-cdn.net/items/bvb_roots_success.gif,84,item
Scrambled Aubergine,https://grundoscafe.b-cdn.net/items/space_scrambled_eggplant.gif,84,item
Scratchcard Kiosk Stamp,https://grundoscafe.b-cdn.net/items/stamp_snowy_wocky.gif,84,item
Showing Gelerts,https://grundoscafe.b-cdn.net/items/book_gelert_showing.gif,84,item
Sitting Bruce Gnome,https://grundoscafe.b-cdn.net/items/fu_bruce_shroom.gif,84,item
Skeith Defender Comics,https://grundoscafe.b-cdn.net/items/boo_skeith2004_3.gif,84,item
Sneekon,https://grundoscafe.b-cdn.net/items/basic-sneekon.gif,84,item
Sophie the Swamp Witch,https://grundoscafe.b-cdn.net/items/blacktradingcardback.gif,84,item
Spare Parts Plushie,https://grundoscafe.b-cdn.net/items/dto_gnaw_plushie.gif,84,item
Speckled Jetsam Notepad,https://grundoscafe.b-cdn.net/items/sch_jetsam_notepad.gif,84,item
Spherical Strawberry,https://grundoscafe.b-cdn.net/items/food_sphere_strawberry.gif,84,item
Spinach Eyrie Souffle,https://grundoscafe.b-cdn.net/items/foo_eyriesouffle_spinach.gif,84,item
Splat-A-Sloth Stamp,https://grundoscafe.b-cdn.net/items/stamp_spa_splat.gif,84,item
Splime,https://grundoscafe.b-cdn.net/items/mar_splime_blue.gif,84,item
Split Nimmo Plushie,https://grundoscafe.b-cdn.net/items/plu_nimmo_split.gif,84,item
Stone Battle Helmet,https://grundoscafe.b-cdn.net/items/bd_tyr_helmet.gif,84,item
Strawberry Hissinamon Roll,https://grundoscafe.b-cdn.net/items/bak_hissinomon_strawberry.gif,84,item
Strawberry Jetsam Cake,https://grundoscafe.b-cdn.net/items/bak_jetsam_redcake.gif,84,item
Sunday Bush,https://grundoscafe.b-cdn.net/items/plant_sundaybush.gif,84,item
Sutek Beans,https://grundoscafe.b-cdn.net/items/food_desert14.gif,84,item
Tea Time Skeith Plushie,https://grundoscafe.b-cdn.net/items/plu_tea_skeith.gif,84,item
Tigerbuggle JubJub Mini Burger,https://grundoscafe.b-cdn.net/items/foo_jubjub_burger2.gif,84,item
Tiger Couch,https://grundoscafe.b-cdn.net/items/tiger_couch.gif,84,item
Tyrannian Skeith Action Plushie,https://grundoscafe.b-cdn.net/items/toy_skeith2.gif,84,item
Uni Day BLT Sandwich,https://grundoscafe.b-cdn.net/items/foo_uni_blt.gif,84,item
Uniocto Usuki Set,https://grundoscafe.b-cdn.net/items/usuki_uniocto.gif,84,item
Upside Down Shroom,https://grundoscafe.b-cdn.net/items/mushroom_upsidedown.gif,84,item
Usuki Dream Car,https://grundoscafe.b-cdn.net/items/usuki_car.gif,84,item
Vegetarian Meat Pie,https://grundoscafe.b-cdn.net/items/food_meat_pie.gif,84,item
White Chocolate Draik,https://grundoscafe.b-cdn.net/items/can_draik_whitechocolate.gif,84,item
Wisdom of the Elders,https://grundoscafe.b-cdn.net/items/bvb_wisdom_elders.gif,84,item
Xweetok Vegetable Soup,https://grundoscafe.b-cdn.net/items/foo_xweetok_soup.gif,84,item
Yellow Blumaroo Balloon,https://grundoscafe.b-cdn.net/items/toy_balloon_blumaroo.gif,84,item
Yellow Chia Balloon,https://grundoscafe.b-cdn.net/items/toy_balloon_chia.gif,84,item
Yellow Healthshroom,https://grundoscafe.b-cdn.net/items/mushroom19.gif,84,item
Yellow Skeith Plushie,https://grundoscafe.b-cdn.net/items/toy_yellowskeith.gif,84,item
Yellow Tuskaninny Keyring,https://grundoscafe.b-cdn.net/items/keychain_yellowtuskaninny.gif,84,item
Yellow Tuskaninny Plushie,https://grundoscafe.b-cdn.net/items/toy_yellowtuskaninny.gif,84,item
Yellow Warf Usuki Set,https://grundoscafe.b-cdn.net/items/usuki_warf_1.gif,84,item
Zafara Vegetable Croissant,https://grundoscafe.b-cdn.net/items/foo_zafara_croissantwich.gif,84,item
00 Hog,https://grundoscafe.b-cdn.net/items/blacktradingcardback.gif,85,item
2 Much 2 Soon,https://grundoscafe.b-cdn.net/items/book_zafara3.gif,85,item
Acara Gormball Tips,https://grundoscafe.b-cdn.net/items/book_acara_gormball.gif,85,item
Adventure Bound Xweetok,https://grundoscafe.b-cdn.net/items/boo_xweetok_advenbound.gif,85,item
A Furry Tale,https://grundoscafe.b-cdn.net/items/boo_jubjub_furrytale.gif,85,item
Aisha Mega Burger,https://grundoscafe.b-cdn.net/items/foo_aisha_burger.gif,85,item
All In A Days Work,https://grundoscafe.b-cdn.net/items/boo_kougra_dayswork.gif,85,item
Altador Red Krawkade,https://grundoscafe.b-cdn.net/items/smo_krawkade_altadorred.gif,85,item
Amulet of Reflection,https://grundoscafe.b-cdn.net/items/magic_amuletpuregood.gif,85,item
Apple Achyfi,https://grundoscafe.b-cdn.net/items/foo_achyfi_apple.gif,85,item
Aurora Lily,https://grundoscafe.b-cdn.net/items/gar_summerbush_2.gif,85,item
Awesome Blumaroo Battles,https://grundoscafe.b-cdn.net/items/boo_blumaroobattles.gif,85,item
A Yurbles True Story,https://grundoscafe.b-cdn.net/items/boo_yurble_true.gif,85,item
Babaa Lunch Box,https://grundoscafe.b-cdn.net/items/babaa_lunchtin.gif,85,item
Baby Blu,https://grundoscafe.b-cdn.net/items/isl_petpet16.gif,85,item
Baby Buzz Plushie,https://grundoscafe.b-cdn.net/items/toy_babybuzz.gif,85,item
Baby Chomby Balloon,https://grundoscafe.b-cdn.net/items/toy_balloon_babychomby.gif,85,item
Bagguss,https://grundoscafe.b-cdn.net/items/food_desert13.gif,85,item
Basic Healing For Kyriis,https://grundoscafe.b-cdn.net/items/book_kyrii_healing.gif,85,item
Bath Tub,https://grundoscafe.b-cdn.net/items/bathtub.gif,85,item
Beauty Bed,https://grundoscafe.b-cdn.net/items/pink_bed.gif,85,item
Black Currant Jam Korbat Sandwich,https://grundoscafe.b-cdn.net/items/bak_korbat_sandwich4.gif,85,item
Blueberry Achyfi,https://grundoscafe.b-cdn.net/items/food_achyfi2.gif,85,item
Blueberry Polarchuck Lolly,https://grundoscafe.b-cdn.net/items/polarchuck_blueberry_lolly.gif,85,item
Blue Chia Pencil Holder,https://grundoscafe.b-cdn.net/items/school_14.gif,85,item
Blue Draik Gnome,https://grundoscafe.b-cdn.net/items/fu_gnome_draik.gif,85,item
Blue Elephante Balloon,https://grundoscafe.b-cdn.net/items/toy_balloon_elephante.gif,85,item
Blue Koi Inflatable Bath Toy,https://grundoscafe.b-cdn.net/items/toy_koibath_rubberfloat.gif,85,item
Blue Sandcastle Set,https://grundoscafe.b-cdn.net/items/item_bucket2.gif,85,item
Blue Sticky Hand,https://grundoscafe.b-cdn.net/items/bd_bluestickyhand.gif,85,item
Blumaroo Day Pizza,https://grundoscafe.b-cdn.net/items/food_blum_pizza.gif,85,item
Bouncy Slorg Ball,https://grundoscafe.b-cdn.net/items/toy_slorgball.gif,85,item
Brain Stew,https://grundoscafe.b-cdn.net/items/spf_brain_stew.gif,85,item
Brain Tree Lolly,https://grundoscafe.b-cdn.net/items/can_lolly_braintree.gif,85,item
Bride of Frankenstein Usuki,https://grundoscafe.b-cdn.net/items/usuki_frankbride.gif,85,item
Buzz for Infants,https://grundoscafe.b-cdn.net/items/book_buzz_baby.gif,85,item
Calabat,https://grundoscafe.b-cdn.net/items/calabat_red.gif,85,item
Camouflage Pull Along Kau,https://grundoscafe.b-cdn.net/items/toy_kau_camopulltoy.gif,85,item
Caramel Kiko Sweets,https://grundoscafe.b-cdn.net/items/food_sugarkikopops.gif,85,item
Caring For Your Ill Kau,https://grundoscafe.b-cdn.net/items/book_kaubook_care.gif,85,item
Cheese Star Sandwich,https://grundoscafe.b-cdn.net/items/foo_cheesestar_sandwich.gif,85,item
Cheese Wheel,https://grundoscafe.b-cdn.net/items/cheese_wheel.gif,85,item
Chocolate Brucicle,https://grundoscafe.b-cdn.net/items/food_brownbrucicle.gif,85,item
Chocolate Drop Mince Pie,https://grundoscafe.b-cdn.net/items/food_mincepie4.gif,85,item
Chocolate Jack-O-Lantern Chip Cookie,https://grundoscafe.b-cdn.net/items/cookie.gif,85,item
Chocolate JubJub Muffin,https://grundoscafe.b-cdn.net/items/bak_jubmuff_choc.gif,85,item
Chocolate Lenny Cookies,https://grundoscafe.b-cdn.net/items/foo_lenny_cookies04.gif,85,item
Chocolate Moehogs,https://grundoscafe.b-cdn.net/items/food_chocmoehog4.gif,85,item
Choco-mint Aisha Cake,https://grundoscafe.b-cdn.net/items/food_cake_aisha2.gif,85,item
Chokato Jam,https://grundoscafe.b-cdn.net/items/chokato_pres.gif,85,item
Chomby Leafy Lollypop,https://grundoscafe.b-cdn.net/items/food_chomby_leafypop.gif,85,item
Chuchuana,https://grundoscafe.b-cdn.net/items/gpp_chuchuana.gif,85,item
Clawed Kadoatie Plushie,https://grundoscafe.b-cdn.net/items/dto_kadoatie_plushie.gif,85,item
Clop Action Figure,https://grundoscafe.b-cdn.net/items/dto_clops_actionfigure.gif,85,item
Cloud Aisha Music Box,https://grundoscafe.b-cdn.net/items/cloud_aisha_compact.gif,85,item
Cloud Gnorbu Plushie,https://grundoscafe.b-cdn.net/items/plu_gnorbu_cloud.gif,85,item
Coconut Tonu Cake,https://grundoscafe.b-cdn.net/items/food_tonu_coco.gif,85,item
Colourful Charms - Set 1,https://grundoscafe.b-cdn.net/items/clo_charms1.gif,85,item
Colourful Xylophone,https://grundoscafe.b-cdn.net/items/toy_xylophone.gif,85,item
Common Desert Collectable Scarab,https://grundoscafe.b-cdn.net/items/coi_desertscarab_slim.gif,85,item
Crystacat,https://grundoscafe.b-cdn.net/items/crystacat_yellow.gif,85,item
Darigan Jump Rope,https://grundoscafe.b-cdn.net/items/dto_darigan_jumprope.gif,85,item
Darigan Meepit Plushie,https://grundoscafe.b-cdn.net/items/dto_meepit_plush.gif,85,item
Dark Chocolate Flotsam,https://grundoscafe.b-cdn.net/items/darkchoc_flotsam.gif,85,item
Deep-Fried Gormball,https://grundoscafe.b-cdn.net/items/spc_gormball_deepfried.gif,85,item
Deluxe Lemon Mynci Cake,https://grundoscafe.b-cdn.net/items/food_mynci_cake.gif,85,item
Deluxe Money Tree Stamp,https://grundoscafe.b-cdn.net/items/stamp_nc_tree.gif,85,item
Digging Lupe Gnome,https://grundoscafe.b-cdn.net/items/gar_lupe_gnome3.gif,85,item
Disco Dancing Usuki,https://grundoscafe.b-cdn.net/items/usu_discodiva.gif,85,item
Disco Hissi Plushie,https://grundoscafe.b-cdn.net/items/plu_hissi_disco.gif,85,item
Double Neck Guitar,https://grundoscafe.b-cdn.net/items/inst_doubleneck_guitar.gif,85,item
Dress For Success,https://grundoscafe.b-cdn.net/items/book_dressforsuccess.gif,85,item
Dried Grapefruit Slices,https://grundoscafe.b-cdn.net/items/food_grapefruit_dried.gif,85,item
Drinking Hissi Toy,https://grundoscafe.b-cdn.net/items/toy_hissi_drink.gif,85,item
Dung Chair,https://grundoscafe.b-cdn.net/items/dung_05.gif,85,item
Duocorn,https://grundoscafe.b-cdn.net/items/duocorn_orange.gif,85,item
Elemental Vial Stained Glass Window,https://grundoscafe.b-cdn.net/items/bvg_elemental_vial.gif,85,item
Exploding Space Bugs Stamp,https://grundoscafe.b-cdn.net/items/sta_exploding_space_bugs.gif,85,item
Eyeball Slushie,https://grundoscafe.b-cdn.net/items/food_spooky_martini.gif,85,item
Face Pulling Hissi Plushie,https://grundoscafe.b-cdn.net/items/plu_hissi_facepull.gif,85,item
Faerie Kacheek Pen,https://grundoscafe.b-cdn.net/items/ltoo_fkacheek_inkpen.gif,85,item
Fancy Star Burger,https://grundoscafe.b-cdn.net/items/foo_fancy_starburger.gif,85,item
Fiery Hissi Amulet,https://grundoscafe.b-cdn.net/items/bd_hissi_magicstone.gif,85,item
Fire Chomby Plushie,https://grundoscafe.b-cdn.net/items/plu_chomby_fire.gif,85,item
Fire Rock Torso Shield,https://grundoscafe.b-cdn.net/items/f_chest.gif,85,item
Fishing Jetsam Gnome,https://grundoscafe.b-cdn.net/items/fu_jetsam_fish.gif,85,item
Fizzy Neocola Bottles,https://grundoscafe.b-cdn.net/items/food_neocolafizzy.gif,85,item
Flaming Bronze Helm,https://grundoscafe.b-cdn.net/items/bd_bronzehelm.gif,85,item
Flaming Fire Faerie Pizza,https://grundoscafe.b-cdn.net/items/faerie_food_pizza.gif,85,item
Flaming Hot Corndog,https://grundoscafe.b-cdn.net/items/food_flaming_corndog.gif,85,item
Flotsam Legend,https://grundoscafe.b-cdn.net/items/book_flotsam_legend.gif,85,item
Flotsam Style,https://grundoscafe.b-cdn.net/items/boo_flotsam_surfsup.gif,85,item
Fortune Coins Tassel Charm,https://grundoscafe.b-cdn.net/items/fortune_coins_tassel_charm.gif,85,item
French Onion Soup Cake,https://grundoscafe.b-cdn.net/items/food_cake_soup.gif,85,item
Fresh Bamboo Mat,https://grundoscafe.b-cdn.net/items/bam_mat.gif,85,item
Frozen Corn Dog,https://grundoscafe.b-cdn.net/items/food_frozencornhotdog.gif,85,item
Fuzzy Bone Rug,https://grundoscafe.b-cdn.net/items/pps_bone_rug.gif,85,item
Garthroxian Goo,https://grundoscafe.b-cdn.net/items/space_green.gif,85,item
General Crustygums,https://grundoscafe.b-cdn.net/items/blacktradingcardback.gif,85,item
Glowing Fire Axe,https://grundoscafe.b-cdn.net/items/bd_tyr_doubleaxe.gif,85,item
Glowleaf Melon,https://grundoscafe.b-cdn.net/items/gadgads_glowleafmelon.gif,85,item
Gnorbu Wool Poncho,https://grundoscafe.b-cdn.net/items/clo_gnorbu_poncho.gif,85,item
Grackle Bug Brew,https://grundoscafe.b-cdn.net/items/coff_gracklebug.gif,85,item
Green Frost Cannon,https://grundoscafe.b-cdn.net/items/greenfrostcannon.gif,85,item
Green Lupe Chia Plushie,https://grundoscafe.b-cdn.net/items/plu_lupe_chiagreen.gif,85,item
Green Marbleman T-Shirt,https://grundoscafe.b-cdn.net/items/tshirt_marblemen_green.gif,85,item
Green Petpet Bed,https://grundoscafe.b-cdn.net/items/fur_petpet_bed1.gif,85,item
Green Seat,https://grundoscafe.b-cdn.net/items/green_seat.gif,85,item
Green Spotty Pumpkin,https://grundoscafe.b-cdn.net/items/green_spotty_pumpkin.gif,85,item
Griefer,https://grundoscafe.b-cdn.net/items/petpet_robo_griefer.gif,85,item
Grinning Sloth Stamp,https://grundoscafe.b-cdn.net/items/stamp_space_sloth2.gif,85,item
Grumble Be Gone Tablets,https://grundoscafe.b-cdn.net/items/medicinejar.gif,85,item
Grundo Surf Manual,https://grundoscafe.b-cdn.net/items/book_grundo_surf.gif,85,item
Gulper,https://grundoscafe.b-cdn.net/items/petpet_hornedfish.gif,85,item
Halloween Bori Plushie,https://grundoscafe.b-cdn.net/items/plu_bori_halloween.gif,85,item
Halloween Cybunny Plushie,https://grundoscafe.b-cdn.net/items/plu_cybunny_halloween.gif,85,item
Happy Valley Usuki Play Set,https://grundoscafe.b-cdn.net/items/usu_happy_set.gif,85,item
Harris Lamp,https://grundoscafe.b-cdn.net/items/fur_harris_lamp.gif,85,item
Healing Potion VIII,https://grundoscafe.b-cdn.net/items/potion24.gif,85,item
Hissi 101,https://grundoscafe.b-cdn.net/items/boo_hissi101.gif,85,item
Honey and Mustard Jelly Beans,https://grundoscafe.b-cdn.net/items/food_jellybeans10.gif,85,item
Hot Dog Sundae Deluxe,https://grundoscafe.b-cdn.net/items/hotdog_sundae.gif,85,item
Hubrid Nox Stamp,https://grundoscafe.b-cdn.net/items/stamp_haunted_hubrid.gif,85,item
Ice Accordion,https://grundoscafe.b-cdn.net/items/ice_accordion.gif,85,item
Iced Chocolate Lupe Cake,https://grundoscafe.b-cdn.net/items/food_lupe_chiacake.gif,85,item
Illusens Staff Stamp,https://grundoscafe.b-cdn.net/items/sta_bd_staff_illusen.gif,85,item
Jelly Xylophone,https://grundoscafe.b-cdn.net/items/inst_jelly_xylophone.gif,85,item
Jhudora and the Evil Eyes,https://grundoscafe.b-cdn.net/items/fbo_faerie_darkcloud.gif,85,item
JubJub Bonbon,https://grundoscafe.b-cdn.net/items/food_jubjub_bonbon.gif,85,item
JubJub Necklace,https://grundoscafe.b-cdn.net/items/toy_jubjub_necklace.gif,85,item
Juicy Elixir,https://grundoscafe.b-cdn.net/items/potion37.gif,85,item
Kauvara Rug,https://grundoscafe.b-cdn.net/items/star_rug.gif,85,item
Kauvara Sofa,https://grundoscafe.b-cdn.net/items/star_sofa.gif,85,item
King Hagan of Brightvale,https://grundoscafe.b-cdn.net/items/blacktradingcardback.gif,85,item
King Kacheek,https://grundoscafe.b-cdn.net/items/book_kacheek_king.gif,85,item
Kookith Push-Around,https://grundoscafe.b-cdn.net/items/pps_kookith_lawnpan.gif,85,item
Kyrii Country,https://grundoscafe.b-cdn.net/items/boo_kyrii_country.gif,85,item
Kyrii Tales,https://grundoscafe.b-cdn.net/items/boo_kyriitales.gif,85,item
Leeria,https://grundoscafe.b-cdn.net/items/leeria_base.gif,85,item
Lemon And Guacamole Hot Dog,https://grundoscafe.b-cdn.net/items/hotdog_lemon.gif,85,item
Lemon Bon Bons,https://grundoscafe.b-cdn.net/items/food_lemonbonbons.gif,85,item
Library Faerie Stained Glass Window,https://grundoscafe.b-cdn.net/items/bvg_faerie_library.gif,85,item
Lime Kougra Cake,https://grundoscafe.b-cdn.net/items/food_kougra_puddlime.gif,85,item
Lost Desert Brush Plushie,https://grundoscafe.b-cdn.net/items/plushie_desert_pb.gif,85,item
Lumpicorn,https://grundoscafe.b-cdn.net/items/lumpicorn_green.gif,85,item
Lupe Punch Cup,https://grundoscafe.b-cdn.net/items/foo_lupe_cup.gif,85,item
Lutango Brucicle,https://grundoscafe.b-cdn.net/items/foo_brucicle_spotted.gif,85,item
Lutari Photos,https://grundoscafe.b-cdn.net/items/boo_lutari_photos.gif,85,item
Magax: Destroyer,https://grundoscafe.b-cdn.net/items/blacktradingcardback.gif,85,item
Magic Moments,https://grundoscafe.b-cdn.net/items/fbo_fyora_moments.gif,85,item
Maraquan Defenders Stamp,https://grundoscafe.b-cdn.net/items/sta_mar_3maraquan.gif,85,item
Maraquan Kau Plushie,https://grundoscafe.b-cdn.net/items/toy_maraquankau_plushie.gif,85,item
Marble Desk,https://grundoscafe.b-cdn.net/items/marble_desk.gif,85,item
Master Vex Stamp,https://grundoscafe.b-cdn.net/items/stamp_vex.gif,85,item
Maths Nightmare,https://grundoscafe.b-cdn.net/items/blacktradingcardback.gif,85,item
Meat and Beans,https://grundoscafe.b-cdn.net/items/food_meat_beans.gif,85,item
Mega Asparagus Protein Smoothie,https://grundoscafe.b-cdn.net/items/smo_mega_asparagus_pro.gif,85,item
Meowclops Head Pillow,https://grundoscafe.b-cdn.net/items/fur_meow_pillow.gif,85,item
Mighty Grarrl Burger,https://grundoscafe.b-cdn.net/items/food_grarrl_burger.gif,85,item
Milk Chocolate Hollow Cybunny,https://grundoscafe.b-cdn.net/items/cho_cybunny_hollow1.gif,85,item
Million Degree Sword,https://grundoscafe.b-cdn.net/items/f_sword.gif,85,item
Mint Chocolate Nova,https://grundoscafe.b-cdn.net/items/foo_chocolate_nova3.gif,85,item
Mint Chocolate Poogle,https://grundoscafe.b-cdn.net/items/can_poogle_mintchoc.gif,85,item
Minty Bruce Muffin,https://grundoscafe.b-cdn.net/items/foo_brucecake_mint.gif,85,item
Minty Mocha Cake,https://grundoscafe.b-cdn.net/items/neo_cake2.gif,85,item
Moehog Marmalade,https://grundoscafe.b-cdn.net/items/food_moehog_jam.gif,85,item
Mootix Plushie,https://grundoscafe.b-cdn.net/items/toy_mootix_plushie.gif,85,item
Multi-level Scratching Post,https://grundoscafe.b-cdn.net/items/pps_deluxetree_blue.gif,85,item
Mundo,https://grundoscafe.b-cdn.net/items/mar_mundo_orange.gif,85,item
Mushroom Pastry Puff,https://grundoscafe.b-cdn.net/items/foo_puffpastry_mushroom.gif,85,item
My Eyrie Friend,https://grundoscafe.b-cdn.net/items/book_eyrie_friend.gif,85,item
Mynci Banana Book,https://grundoscafe.b-cdn.net/items/book_mynci_bannanabk.gif,85,item
M*YNCI Fan Book,https://grundoscafe.b-cdn.net/items/book_mynci3.gif,85,item
Neonip Garden,https://grundoscafe.b-cdn.net/items/pps_neonip_garden.gif,85,item
Neon Rainbow My Pretty Uni,https://grundoscafe.b-cdn.net/items/mpu_neonrainbow.gif,85,item
Nimmo Surprise Card,https://grundoscafe.b-cdn.net/items/gif_bdaynimmogift.gif,85,item
Nuk,https://grundoscafe.b-cdn.net/items/petpet_des_nuk.gif,85,item
Official Usuki Drum,https://grundoscafe.b-cdn.net/items/usuki_drum.gif,85,item
Ona Activity Center,https://grundoscafe.b-cdn.net/items/pps_ona_activityctr.gif,85,item
Open Top Onion Sandwich,https://grundoscafe.b-cdn.net/items/food_onioncake.gif,85,item
Orange Chocolate Lupe,https://grundoscafe.b-cdn.net/items/orangechoc_lupe.gif,85,item
Orange Jetsam Cake,https://grundoscafe.b-cdn.net/items/bak_jetsam_orangecake.gif,85,item
Orange Negg,https://grundoscafe.b-cdn.net/items/orangenegg.gif,85,item
P3 B-Gone Spray,https://grundoscafe.b-cdn.net/items/p3bgone.gif,85,item
Palmplat,https://grundoscafe.b-cdn.net/items/quillty.gif,85,item
Pastel Aisha Lunchbox,https://grundoscafe.b-cdn.net/items/lunchbox4.gif,85,item
Pea and Lentil Soup,https://grundoscafe.b-cdn.net/items/health_soup3.gif,85,item
Peachbread,https://grundoscafe.b-cdn.net/items/peach_bread.gif,85,item
Peach Snowball,https://grundoscafe.b-cdn.net/items/snowball_5.gif,85,Snowball
Pease Porridge,https://grundoscafe.b-cdn.net/items/mfo_pease_porridge.gif,85,item
Pepperminto Slushie,https://grundoscafe.b-cdn.net/items/slush_pepperminto.gif,85,item
Pikis,https://grundoscafe.b-cdn.net/items/faerie_pet1.gif,85,item
Pink Heart Bracelet,https://grundoscafe.b-cdn.net/items/gif_val_hearttoheart.gif,85,item
Pink Negg,https://grundoscafe.b-cdn.net/items/pinknegg.gif,85,item
Pirate Attack Stamp,https://grundoscafe.b-cdn.net/items/sta_mar_4pirate.gif,85,item
Plain Bagel,https://grundoscafe.b-cdn.net/items/foo_bagel_regular.gif,85,item
Poogle Races,https://grundoscafe.b-cdn.net/items/book_poog_races.gif,85,item
Potatoes and Gravy,https://grundoscafe.b-cdn.net/items/food_potatoes_gravy.gif,85,item
Potato Plushie,https://grundoscafe.b-cdn.net/items/plu_potato.gif,85,item
Power Negg Window,https://grundoscafe.b-cdn.net/items/bvg_stain_powernegg.gif,85,item
Primella Stained Glass Window,https://grundoscafe.b-cdn.net/items/bvg_primella.gif,85,item
Pteri Stapler,https://grundoscafe.b-cdn.net/items/sch_pteri_stapler.gif,85,item
Pull Along Peophin,https://grundoscafe.b-cdn.net/items/toy_peophin_pullalong.gif,85,item
Purple Pteri Glider,https://grundoscafe.b-cdn.net/items/toy_purple_pteri_glider.gif,85,item
Quiggle Helmet,https://grundoscafe.b-cdn.net/items/quiggle_battle4.gif,85,item
Quiggle Scout Stamp,https://grundoscafe.b-cdn.net/items/sta_quiggle_scout.gif,85,item
Quiggle Stew,https://grundoscafe.b-cdn.net/items/foo_quiggle_udon.gif,85,item
Rainbow Poogle Lolly,https://grundoscafe.b-cdn.net/items/food_poog_lolly.gif,85,item
Rainbow Pop Shroom,https://grundoscafe.b-cdn.net/items/rainbowpopshroom.gif,85,item
Raindorf Petpet Bed,https://grundoscafe.b-cdn.net/items/pps_raindorf_bed.gif,85,item
Raspberry Mocha Candy Bar,https://grundoscafe.b-cdn.net/items/coff_raspberry_chocolate.gif,85,item
Red Peophin Plushie,https://grundoscafe.b-cdn.net/items/toy_peophin_red.gif,85,item
Red Scorchio Yoyo,https://grundoscafe.b-cdn.net/items/toy_redscorchio_yoyo.gif,85,item
Red Spardel Yoyo,https://grundoscafe.b-cdn.net/items/toy_spardel_yoyo.gif,85,item
Red Tonu Plushie,https://grundoscafe.b-cdn.net/items/toy_tonu3.gif,85,item
Retro Blue Gelert Plushie,https://grundoscafe.b-cdn.net/items/retro_blue_gelert_plushie.gif,85,item
Rhubarb and Custard Sweets,https://grundoscafe.b-cdn.net/items/food_rhubarbcustard.gif,85,item
Rink Runner Stamp,https://grundoscafe.b-cdn.net/items/stamp_snowy_rink.gif,85,item
Roast Gargapple Stamp,https://grundoscafe.b-cdn.net/items/stamp_space_food.gif,85,item
Rocket Corn on the Cob,https://grundoscafe.b-cdn.net/items/spc_rocket_corncobb.gif,85,item
Rose Tree,https://grundoscafe.b-cdn.net/items/ga_rosetree.gif,85,item
Ruki Battle Staff,https://grundoscafe.b-cdn.net/items/bd_ruki_staff_blue.gif,85,item
Scarab Stone Slingshot,https://grundoscafe.b-cdn.net/items/bd_scarab_sling.gif,85,item
Schmoonie,https://grundoscafe.b-cdn.net/items/gpp_shmoonzle.gif,85,item
Scorchio Bubbles,https://grundoscafe.b-cdn.net/items/toy_scorchio_bubbles.gif,85,item
Scorchy Notebook,https://grundoscafe.b-cdn.net/items/school_29.gif,85,item
Scroll of Flight,https://grundoscafe.b-cdn.net/items/wea_scroll_flight.gif,85,item
Searex,https://grundoscafe.b-cdn.net/items/pet_searex.gif,85,item
Seaweed Peophin Toothpaste,https://grundoscafe.b-cdn.net/items/gro_toothpaste_peophin.gif,85,item
Senator Palpus,https://grundoscafe.b-cdn.net/items/blacktradingcardback.gif,85,item
Shop Wizard Stamp,https://grundoscafe.b-cdn.net/items/stamp_neo_shopwiz.gif,85,item
Shoyru Cereal,https://grundoscafe.b-cdn.net/items/food_shoyru_cereal.gif,85,item
Silliam,https://grundoscafe.b-cdn.net/items/basic_silliam.gif,85,item
Sir Fufon Lui,https://grundoscafe.b-cdn.net/items/blacktradingcardback.gif,85,item
Sitting Aisha Gnome,https://grundoscafe.b-cdn.net/items/fu_aisha_shroom.gif,85,item
Skeith Shield,https://grundoscafe.b-cdn.net/items/skeith_shield.gif,85,item
Sketch Ice Cream,https://grundoscafe.b-cdn.net/items/food_sketch_icecream.gif,85,item
Sketch Soup,https://grundoscafe.b-cdn.net/items/food_sketch_soup.gif,85,item
Sloth Lunch Box,https://grundoscafe.b-cdn.net/items/school_10.gif,85,item
Sloth Surprise,https://grundoscafe.b-cdn.net/items/space_sloth_surprise.gif,85,item
Sludge Iced Coffee,https://grundoscafe.b-cdn.net/items/coff_blue_slush.gif,85,item
Snowberry Zafara Shaved Ice,https://grundoscafe.b-cdn.net/items/snowberry_zaf_shavedice.gif,85,item
Snuffly Petpet Bowl,https://grundoscafe.b-cdn.net/items/pps_snuffly_bowl.gif,85,item
Snuffly Wind Up Toy,https://grundoscafe.b-cdn.net/items/pps_snuffly_windup.gif,85,item
Soothing Bandages,https://grundoscafe.b-cdn.net/items/ldc_bandages.gif,85,item
Soreen,https://grundoscafe.b-cdn.net/items/soreen_blue.gif,85,item
Space Rocks,https://grundoscafe.b-cdn.net/items/foo_space_stonecookies.gif,85,item
Spaghetti Soup,https://grundoscafe.b-cdn.net/items/waterfood_spagetti.gif,85,item
Spherical Lemon,https://grundoscafe.b-cdn.net/items/food_sphere_lemon.gif,85,item
Spiky Shell,https://grundoscafe.b-cdn.net/items/she_shell_spiky.gif,85,item
Splyke,https://grundoscafe.b-cdn.net/items/pets_splyke.gif,85,item
Spotted Jetsam Plushie,https://grundoscafe.b-cdn.net/items/toy_jetsamplush_spotted.gif,85,item
Spudnick,https://grundoscafe.b-cdn.net/items/space_spudnik.gif,85,item
Spyder Yoyo,https://grundoscafe.b-cdn.net/items/dto_spyder_yoyo.gif,85,item
Stained Glass Rose Window,https://grundoscafe.b-cdn.net/items/bvg_roses.gif,85,item
Stampede Tips,https://grundoscafe.b-cdn.net/items/book_elephante8.gif,85,item
Stone Club,https://grundoscafe.b-cdn.net/items/bd_tyr_club.gif,85,item
Strawberry Flotsam Lollypop,https://grundoscafe.b-cdn.net/items/can_flotsamlolly_pink.gif,85,item
Strawberry Gelert Shake,https://grundoscafe.b-cdn.net/items/foo_gelert_strawdrink.gif,85,item
Strawberry Heartcicle,https://grundoscafe.b-cdn.net/items/food_heartcicle.gif,85,item
Striped Eyrie Plushie,https://grundoscafe.b-cdn.net/items/toy_eyrie_plush6.gif,85,item
Striped Gelert Day Pancakes,https://grundoscafe.b-cdn.net/items/bak_gelert_pancake1.gif,85,item
Striped Usul Toy-On-A-String,https://grundoscafe.b-cdn.net/items/pps_stripedusul_toy.gif,85,item
Strochal,https://grundoscafe.b-cdn.net/items/newchoc_straw.gif,85,item
Sunset On Mystery Island,https://grundoscafe.b-cdn.net/items/boo_sunset_mystery_island.gif,85,item
Super Snow Tiger Egg,https://grundoscafe.b-cdn.net/items/bd_ice3.gif,85,item
Super U-Bend,https://grundoscafe.b-cdn.net/items/bd_water_02.gif,85,item
Swirly Werelupe Cookie,https://grundoscafe.b-cdn.net/items/foo_werelupe_swirl.gif,85,item
Sword of the Air Faerie Stamp,https://grundoscafe.b-cdn.net/items/sta_airsword.gif,85,item
Symol Bouncy Ball,https://grundoscafe.b-cdn.net/items/pps_symol_ball.gif,85,item
Taelia Toy Wand,https://grundoscafe.b-cdn.net/items/toy_taelia_windmill.gif,85,item
Tangerine Trumpet Shell,https://grundoscafe.b-cdn.net/items/she_trumpet.gif,85,item
Tank,https://grundoscafe.b-cdn.net/items/petpet_tank.gif,85,item
Tchea JubJub Mini Burger,https://grundoscafe.b-cdn.net/items/foo_jubjub_burger1.gif,85,item
Tealshroom,https://grundoscafe.b-cdn.net/items/mushroom14.gif,85,item
Teenie Tiny Baby Ocarina,https://grundoscafe.b-cdn.net/items/teenie_tiny_baby_ocarina.gif,85,item
The Beautiful Shoyru,https://grundoscafe.b-cdn.net/items/book_shoyru_beautiful.gif,85,item
The Bori Handbook,https://grundoscafe.b-cdn.net/items/boo_bori_handbook.gif,85,item
The Elephante Encyclopedia,https://grundoscafe.b-cdn.net/items/boo_ele_e.gif,85,item
The Humble Semicolon,https://grundoscafe.b-cdn.net/items/bvb_semicolon_humble.gif,85,item
The Lone Ruki,https://grundoscafe.b-cdn.net/items/boo_ruki_lone.gif,85,item
The Luckiest Babaa,https://grundoscafe.b-cdn.net/items/boo_luckiestbabaa.gif,85,item
The Ogrin Hunter,https://grundoscafe.b-cdn.net/items/boo_ogrin_hunter.gif,85,item
The Red Wocky Cook Book,https://grundoscafe.b-cdn.net/items/book_wockycook2003.gif,85,item
The Rock Pool and You: Your guide to Mystery Island Petpets,https://grundoscafe.b-cdn.net/items/boo_rockpool_guide.gif,85,item
Thistleberry Slushie,https://grundoscafe.b-cdn.net/items/slushie_thistleberry.gif,85,item
Tonu Steps,https://grundoscafe.b-cdn.net/items/boo_tonu_steps.gif,85,item
Tonu Talk,https://grundoscafe.b-cdn.net/items/book_tonutalk.gif,85,item
Tooth Faerie Book,https://grundoscafe.b-cdn.net/items/boo_toothfaerie.gif,85,item
Training Your Flotsam,https://grundoscafe.b-cdn.net/items/book_flotsam2.gif,85,item
Triple Scoop of Sorbet,https://grundoscafe.b-cdn.net/items/icc_triplescoop.gif,85,item
Tubular Kiko Racing Game Guide,https://grundoscafe.b-cdn.net/items/boo_tubularkikoracing_guide.gif,85,item
Tyrannian Eyrie Plushie,https://grundoscafe.b-cdn.net/items/plu_eyrie_tyrannian.gif,85,item
Tyrannian Usuki Set,https://grundoscafe.b-cdn.net/items/usuki_tyrannia_set.gif,85,item
Tyrannian Usul Stamp,https://grundoscafe.b-cdn.net/items/stamp_tyrannia_usul.gif,85,item
Uni Carrot Cake,https://grundoscafe.b-cdn.net/items/food_uni_carrotcake.gif,85,item
Uni Chokato Cake,https://grundoscafe.b-cdn.net/items/bak_uni_chokatocakes.gif,85,item
Un-Valentines Tonu Plushie,https://grundoscafe.b-cdn.net/items/plu_unvalentines_tonu.gif,85,item
Usuki Bathing Beauty Set,https://grundoscafe.b-cdn.net/items/usuki_bathset.gif,85,item
Usuki Cookery Set,https://grundoscafe.b-cdn.net/items/doll_usuki_2.gif,85,item
Usuki Fashion Clown Set,https://grundoscafe.b-cdn.net/items/usu_fashfever_01.gif,85,item
Usuki Gardening Set,https://grundoscafe.b-cdn.net/items/usuki_garden.gif,85,item
Usuki Neoschool Teacher,https://grundoscafe.b-cdn.net/items/usuki_teacher.gif,85,item
Usuki Singing Star #3,https://grundoscafe.b-cdn.net/items/usuki_group_1.gif,85,item
Usul Petit Fours,https://grundoscafe.b-cdn.net/items/bak_usul_petitfours1.gif,85,item
Vanilla Flotsam Day Shake,https://grundoscafe.b-cdn.net/items/foo_flotsam_vanillashake.gif,85,item
Vegetarian Pizza Block,https://grundoscafe.b-cdn.net/items/food_pizzablock_spinach.gif,85,item
When Gelerts Go Bad,https://grundoscafe.b-cdn.net/items/book_gelert_bad.gif,85,item
White Chocolate Iced Mynci,https://grundoscafe.b-cdn.net/items/food_mynci_tiger.gif,85,item
White Uni Plushie,https://grundoscafe.b-cdn.net/items/plu_uni_white.gif,85,item
Whoot,https://grundoscafe.b-cdn.net/items/pet_whoot.gif,85,item
Wind Up Alien Jubjub,https://grundoscafe.b-cdn.net/items/altalienjub_clockwork.gif,85,item
Wind Up Blue Draik Toy,https://grundoscafe.b-cdn.net/items/toy_cwdraik_blue.gif,85,item
Wind Up Faerie Xweetok,https://grundoscafe.b-cdn.net/items/toy_xweetok_clockwork.gif,85,item
Winter Love Usuki Set,https://grundoscafe.b-cdn.net/items/usuki_winter_love.gif,85,item
Witch Hunting Techniques,https://grundoscafe.b-cdn.net/items/book_halloween4.gif,85,item
Wocky Meringue,https://grundoscafe.b-cdn.net/items/candy_wockymeringue.gif,85,item
Wocky Will,https://grundoscafe.b-cdn.net/items/book_wockywill.gif,85,item
Wocky Willow,https://grundoscafe.b-cdn.net/items/wocky_willow.gif,85,item
Wuzzle,https://grundoscafe.b-cdn.net/items/wuzzle_orange.gif,85,item
Xweetok Burger,https://grundoscafe.b-cdn.net/items/foo_xweetok_burger.gif,85,item
Xweetok Grooming,https://grundoscafe.b-cdn.net/items/boo_xweetok_grooming.gif,85,item
Yellow Grarrl Plushie,https://grundoscafe.b-cdn.net/items/toy_grarrl_yellow.gif,85,item
Yellow Jetsam Toy,https://grundoscafe.b-cdn.net/items/YellowJetsamToy.gif,85,item
Yellow Tonu Pencil Case,https://grundoscafe.b-cdn.net/items/sch_tonu_case.gif,85,item
Yellow Usul Keyring,https://grundoscafe.b-cdn.net/items/keychain_yellowusul.gif,85,item
You and Your Faerie Korbat,https://grundoscafe.b-cdn.net/items/book_kor_faerie.gif,85,item
Yurble Peppermint,https://grundoscafe.b-cdn.net/items/can_yurble_peppermint.gif,85,item
Zafara Keep Fit,https://grundoscafe.b-cdn.net/items/boo_zafara_keepfit.gif,85,item
Zafara Princess Stamp,https://grundoscafe.b-cdn.net/items/sta_zafara_princess.gif,85,item
Zytch Scratching Post,https://grundoscafe.b-cdn.net/items/pps_zytch_post.gif,85,item
Aisha Ice Cream,https://grundoscafe.b-cdn.net/items/foo_aisha_icecream.gif,86,item
A Kau Summer,https://grundoscafe.b-cdn.net/items/boo_kau_summer.gif,86,item
Alien Aisha Ray Gun Stamp,https://grundoscafe.b-cdn.net/items/sta_bd_alienaishagun.gif,86,item
All About Grey Faeries,https://grundoscafe.b-cdn.net/items/boo_allabout_greyfaeries.gif,86,item
An Early History of Brightvale University,https://grundoscafe.b-cdn.net/items/boo_brightvale_uni_hist.gif,86,item
Angry Yellow Usul Keyring,https://grundoscafe.b-cdn.net/items/keychain_yellowusul_anger.gif,86,item
Asparagus and Leek Sandwiches,https://grundoscafe.b-cdn.net/items/food_sandwich1.gif,86,item
A Starry Pteri Night,https://grundoscafe.b-cdn.net/items/boo_pteri_starrynight.gif,86,item
A Tale of Three Bruces,https://grundoscafe.b-cdn.net/items/boo_bruce_taleof3bruces.gif,86,item
A Warm Christmas,https://grundoscafe.b-cdn.net/items/book_scor_chris.gif,86,item
Baby Aisha Bubble Bath,https://grundoscafe.b-cdn.net/items/groom_aisha_bubble.gif,86,item
Baby Draik Plushie,https://grundoscafe.b-cdn.net/items/plu_draik_baby.gif,86,item
Baby Elephante Tales,https://grundoscafe.b-cdn.net/items/boo_baby_elephante.gif,86,item
Baby Grundo Plushie,https://grundoscafe.b-cdn.net/items/toy_babygrundo.gif,86,item
Baby Lenny Book,https://grundoscafe.b-cdn.net/items/book_lenny_baby.gif,86,item
Baked Apple Pi Pie,https://grundoscafe.b-cdn.net/items/bak_pi_bakedpi.gif,86,item
Beekadoodle Kite,https://grundoscafe.b-cdn.net/items/toy_beek_kite.gif,86,item
Beekadoodle Sandcastle Set,https://grundoscafe.b-cdn.net/items/toy_beek_sand.gif,86,item
Berry Onigiri,https://grundoscafe.b-cdn.net/items/foo_onigiri_berry.gif,86,item
Bika,https://grundoscafe.b-cdn.net/items/pet_winter_4.gif,86,item
Blueberry Grarrl Pop,https://grundoscafe.b-cdn.net/items/foo_grarrl_popblue.gif,86,item
Blue Chia Biscuit Jar,https://grundoscafe.b-cdn.net/items/fur_biscuitjar_chia.gif,86,item
Blue Feather Toy,https://grundoscafe.b-cdn.net/items/pps_toy_bluefeather.gif,86,item
Blue Geode,https://grundoscafe.b-cdn.net/items/blue_geode.gif,86,item
Blue Gnorbu Wool Jumper,https://grundoscafe.b-cdn.net/items/clo_gnorbu_sweater.gif,86,item
Blue Kau Fluffball,https://grundoscafe.b-cdn.net/items/toy_kaubaby_fluffyball.gif,86,item
Blue Meerca Gnome,https://grundoscafe.b-cdn.net/items/gar_gnome_meerca.gif,86,item
Blue Negg,https://grundoscafe.b-cdn.net/items/bluenegg.gif,86,item
Blue Ruki Dagger,https://grundoscafe.b-cdn.net/items/bd_ruki_sword_blue.gif,86,item
Blue Skeith Plushie,https://grundoscafe.b-cdn.net/items/toy_blueskeith.gif,86,item
Blumaroo Bowling Set,https://grundoscafe.b-cdn.net/items/toy_blumaroo_bowling.gif,86,item
Candy Yurble Bracelet,https://grundoscafe.b-cdn.net/items/can_yurble_sweets.gif,86,item
Cheery Tomato Soup Bowl,https://grundoscafe.b-cdn.net/items/foo_cheery_tomato_soup.gif,86,item
Cheese Xweetok,https://grundoscafe.b-cdn.net/items/foo_xweetok_cheese.gif,86,item
Chew Rope,https://grundoscafe.b-cdn.net/items/pps_chewrope.gif,86,item
Chia Cheese Blintz,https://grundoscafe.b-cdn.net/items/food_chia_blintz.gif,86,item
Chia Holiday Greeting Card,https://grundoscafe.b-cdn.net/items/gif_greetings_card.gif,86,item
Chilli Chia Hot Sauce,https://grundoscafe.b-cdn.net/items/foo_chili_chia_bottle.gif,86,item
Chocolate Aisha Ears,https://grundoscafe.b-cdn.net/items/food_aishaear.gif,86,item
Chocolate Buzz Gateau,https://grundoscafe.b-cdn.net/items/foo_buzz_cake_chocolate.gif,86,item
Chocolate Corn Dog,https://grundoscafe.b-cdn.net/items/food_chocolatecornhotdog.gif,86,item
Chocolate JubJub Biscuit,https://grundoscafe.b-cdn.net/items/food_jubjub_chocball.gif,86,item
Chocolate Orange Eyrie,https://grundoscafe.b-cdn.net/items/food_eyrie_orangechoc.gif,86,item
Chocolate Yurble Cupcake,https://grundoscafe.b-cdn.net/items/foo_yurble1.gif,86,item
Chokato Draik Cake,https://grundoscafe.b-cdn.net/items/draik_cake_blue.gif,86,item
Chokato Krawk Tart,https://grundoscafe.b-cdn.net/items/bak_krawk_chokato.gif,86,item
Chomby and the Fungus Balls,https://grundoscafe.b-cdn.net/items/blacktradingcardback.gif,86,item
Christmas Zafara Plushie,https://grundoscafe.b-cdn.net/items/plu_zafara_christmas.gif,86,item
Chumablah,https://grundoscafe.b-cdn.net/items/petpet_chumablah.gif,86,item
Clay JubJub Fun,https://grundoscafe.b-cdn.net/items/boo_jubjub_clayfun.gif,86,item
Clockwork Techo,https://grundoscafe.b-cdn.net/items/toy_techo_clockwork.gif,86,item
Coconut JubJub Biscuit,https://grundoscafe.b-cdn.net/items/food_jubjub_cocoball.gif,86,item
Cooking with Faerie Fire,https://grundoscafe.b-cdn.net/items/fbo_faerie_firerecipes.gif,86,item
Crimson Spotted Shell,https://grundoscafe.b-cdn.net/items/she_conch1.gif,86,item
Cuttlebot,https://grundoscafe.b-cdn.net/items/petpet_robo_cuttlebot.gif,86,item
Cyclamen,https://grundoscafe.b-cdn.net/items/gar_autumn_cyclamen.gif,86,item
Dandan,https://grundoscafe.b-cdn.net/items/shp_dandan_red.gif,86,item
Darigan Bruce Hand Puppet,https://grundoscafe.b-cdn.net/items/dto_bruce_puppet_hand.gif,86,item
Darigan Shield Stamp,https://grundoscafe.b-cdn.net/items/stamp_darigan_shield.gif,86,item
Dark Graspberry Stamp,https://grundoscafe.b-cdn.net/items/sta_darkgraspberry.gif,86,item
Darpinch,https://grundoscafe.b-cdn.net/items/darpinch_purple.gif,86,item
Day Dreaming Nimmo Gnome,https://grundoscafe.b-cdn.net/items/gar_curious_nimmo.gif,86,item
Dehydrated Ice Cream,https://grundoscafe.b-cdn.net/items/foo_dehydrated_icecream.gif,86,item
Deluxe Toffee Apple,https://grundoscafe.b-cdn.net/items/food_carmelapple2.gif,86,item
Difficult Equations,https://grundoscafe.b-cdn.net/items/boo_lenny_equations.gif,86,item
Disco Petpet Food,https://grundoscafe.b-cdn.net/items/pps_food_disco.gif,86,item
Doglefox Usuki Set,https://grundoscafe.b-cdn.net/items/usuki_doglefox2.gif,86,item
Dribblet,https://grundoscafe.b-cdn.net/items/petpet_spooky_dribble.gif,86,item
Dry Flower Decor,https://grundoscafe.b-cdn.net/items/boo_dry_flower_decor.gif,86,item
Dual Battle Mirror,https://grundoscafe.b-cdn.net/items/bd_light_02.gif,86,item
Electric Blue Slushie,https://grundoscafe.b-cdn.net/items/slu_electric.gif,86,item
Exploding Acorns Stamp,https://grundoscafe.b-cdn.net/items/sta_bfm_acorns.gif,86,item
Faerie Aisha Plushie,https://grundoscafe.b-cdn.net/items/toy_aisha_plushie6.gif,86,item
Faerie Kougra Pen,https://grundoscafe.b-cdn.net/items/faerie_kougra_pen.gif,86,item
Fiery Bone Bow,https://grundoscafe.b-cdn.net/items/bd_tyr_bow.gif,86,item
Fiery Flames My Pretty Uni,https://grundoscafe.b-cdn.net/items/mpu_fiery_flames.gif,86,item
Finneus Stained Glass Window,https://grundoscafe.b-cdn.net/items/bvw_altador_librarian.gif,86,item
Fir,https://grundoscafe.b-cdn.net/items/fir_green.gif,86,item
Fire Violin,https://grundoscafe.b-cdn.net/items/fire_violin.gif,86,item
Fire Zafara Plushie,https://grundoscafe.b-cdn.net/items/toy_zaf_fire.gif,86,item
Flaming Hot Banana,https://grundoscafe.b-cdn.net/items/food_flambe.gif,86,item
Fleaf Plushie,https://grundoscafe.b-cdn.net/items/toy_fleaf_plushie.gif,86,item
Fleeper,https://grundoscafe.b-cdn.net/items/gpp_fleepie.gif,86,item
Floating Peanut Butter Cube,https://grundoscafe.b-cdn.net/items/spc_peanutbutter_mass.gif,86,item
Florma,https://grundoscafe.b-cdn.net/items/basic_florma.gif,86,item
Flotsam Food,https://grundoscafe.b-cdn.net/items/book_flotsam4.gif,86,item
Food and Water Bowl Mat,https://grundoscafe.b-cdn.net/items/pps_foodbowl_mat.gif,86,item
Frillabon,https://grundoscafe.b-cdn.net/items/isl_petpet17.gif,86,item
Fruit Stained Glass Window,https://grundoscafe.b-cdn.net/items/bvg_fruit2.gif,86,item
Funky Carrot,https://grundoscafe.b-cdn.net/items/food_funkycarrot.gif,86,item
Funny Pen,https://grundoscafe.b-cdn.net/items/school_23.gif,86,item
Fyoras Favourite Foods,https://grundoscafe.b-cdn.net/items/fbo_fyora_foods.gif,86,item
Game Controller,https://grundoscafe.b-cdn.net/items/controller.gif,86,item
Gangee,https://grundoscafe.b-cdn.net/items/gangee_pink.gif,86,item
Gaseous Moonpie,https://grundoscafe.b-cdn.net/items/space_moonpie.gif,86,item
Ghoulish Mask,https://grundoscafe.b-cdn.net/items/space_ghoulmask.gif,86,item
Giant Omelette Stained Glass Window,https://grundoscafe.b-cdn.net/items/bvg_stain_omelette.gif,86,item
Globin Kraku Cake,https://grundoscafe.b-cdn.net/items/neo_cake3.gif,86,item
Gnorbu Chocolate Dubloon,https://grundoscafe.b-cdn.net/items/can_sas_gnorbu.gif,86,item
Gnorbu Salad,https://grundoscafe.b-cdn.net/items/foo_gno_salad.gif,86,item
Gooey White Chocolate Grarrl,https://grundoscafe.b-cdn.net/items/food_grarrl_melt2.gif,86,item
Grapefruit Croissant,https://grundoscafe.b-cdn.net/items/food_grapefruit_croissant.gif,86,item
Grarrl Cookie with Sprinkles,https://grundoscafe.b-cdn.net/items/food_grarrl_sprinkle.gif,86,item
Green Cobrall Headband,https://grundoscafe.b-cdn.net/items/gro_cobrall_hairband.gif,86,item
Green Faerie Eraser,https://grundoscafe.b-cdn.net/items/school_26.gif,86,item
Green Kau Gnome,https://grundoscafe.b-cdn.net/items/fu_gnome_kau.gif,86,item
Green Peophin Plushie,https://grundoscafe.b-cdn.net/items/toy_peophin_green.gif,86,item
Green Tiered Scratching Post,https://grundoscafe.b-cdn.net/items/pps_deluxetree_green.gif,86,item
Green Tonu Plushie,https://grundoscafe.b-cdn.net/items/toy_tonu4.gif,86,item
Grooming Time Xweetok Toy,https://grundoscafe.b-cdn.net/items/toy_xweetok_groomme.gif,86,item
Grundo Defender,https://grundoscafe.b-cdn.net/items/grundo_shield.gif,86,item
Halloween Koi Plushie,https://grundoscafe.b-cdn.net/items/toy_koihallo.gif,86,item
Happy Tonu Gnome,https://grundoscafe.b-cdn.net/items/neogarden_gnometonu.gif,86,item
Healing Potion IX,https://grundoscafe.b-cdn.net/items/potion25.gif,86,item
Heart Swirl Valentines Card,https://grundoscafe.b-cdn.net/items/gif_valentines_bff_card.gif,86,item
Hissi Lunchbox,https://grundoscafe.b-cdn.net/items/sch_hissi_lunchbox.gif,86,item
Hissi Spring,https://grundoscafe.b-cdn.net/items/toy_hissi_spring.gif,86,item
Hunting Grarrl Gnome,https://grundoscafe.b-cdn.net/items/neogarden_gnomegrarrl.gif,86,item
Iced Chokato Cake,https://grundoscafe.b-cdn.net/items/chokato_cake.gif,86,item
Iced Uni Cookie,https://grundoscafe.b-cdn.net/items/foo_straw_unicookie.gif,86,item
Illusens Ixi,https://grundoscafe.b-cdn.net/items/boo_illusensixi.gif,86,item
Imitation Shark Fin,https://grundoscafe.b-cdn.net/items/aquaticfood_sharkfin.gif,86,item
Jelly Pop Stamp,https://grundoscafe.b-cdn.net/items/stamp_jelly_pop.gif,86,item
Jetsam Teeth Maintenance,https://grundoscafe.b-cdn.net/items/boo_jetsam_teethmaintenance.gif,86,item
Jhudoras Bewitched Ring Stamp,https://grundoscafe.b-cdn.net/items/sta_jhudoraring.gif,86,item
Kiko Pop-Up Book,https://grundoscafe.b-cdn.net/items/boo_kikopopup.gif,86,item
Knowledge of the Ages,https://grundoscafe.b-cdn.net/items/bvb_knowledge_ofthe_ages.gif,86,item
Koi Fountain,https://grundoscafe.b-cdn.net/items/gar_koi_fountain.gif,86,item
Korbat Mooncake,https://grundoscafe.b-cdn.net/items/food_korbat_mooncake.gif,86,item
Korbat Origami Book,https://grundoscafe.b-cdn.net/items/boo_korbat_boardbook.gif,86,item
Krawk Petpet Bed,https://grundoscafe.b-cdn.net/items/pps_krawk_bed.gif,86,item
Large Patterned Window,https://grundoscafe.b-cdn.net/items/bvg_lgsquare_frame.gif,86,item
Large Tiger Drawer,https://grundoscafe.b-cdn.net/items/tiger_drawer.gif,86,item
Lemon Quiggle Pop,https://grundoscafe.b-cdn.net/items/can_quiggle_pop3.gif,86,item
Lemon Scorchio Cookie,https://grundoscafe.b-cdn.net/items/foo_scorchcookie_lem.gif,86,item
Librarian Stamp,https://grundoscafe.b-cdn.net/items/sta_nq2_librarian.gif,86,item
Licorice Zafara Tail,https://grundoscafe.b-cdn.net/items/can_licorice_zaf_tail.gif,86,item
Light Faerie Sorbet,https://grundoscafe.b-cdn.net/items/food_faerie_sorbet.gif,86,item
Lime Achyfi,https://grundoscafe.b-cdn.net/items/food_achyfi4.gif,86,item
Lime JubJub Biscuit,https://grundoscafe.b-cdn.net/items/food_jubjub_limeball.gif,86,item
Lime Techo Pop,https://grundoscafe.b-cdn.net/items/can_techo_green.gif,86,item
Lord Darigan Scooter,https://grundoscafe.b-cdn.net/items/dto_lorddarigan_scooter.gif,86,item
Lupe Birthday Plushie,https://grundoscafe.b-cdn.net/items/plu_y9bday_lupe.gif,86,item
Maraquan Blade Specialist Stamp,https://grundoscafe.b-cdn.net/items/stamp_maraquawave_2.gif,86,item
Maraquan Skeith Piggy Bank,https://grundoscafe.b-cdn.net/items/toy_maraquaskeith_bank.gif,86,item
Mega Apple Cinnamon Smoothie,https://grundoscafe.b-cdn.net/items/smo_applecinnamonspice.gif,86,item
Mega Neopian Berry Smoothie,https://grundoscafe.b-cdn.net/items/smo_mega_neo_berry.gif,86,item
Mega Orange Carrot Smoothie,https://grundoscafe.b-cdn.net/items/smo_mega_orange_carrot.gif,86,item
Milk Chocolate Hollow Kacheek,https://grundoscafe.b-cdn.net/items/can_kacheek_hollow3.gif,86,item
Mint Chocolate Grundo,https://grundoscafe.b-cdn.net/items/foo_minty_grundo.gif,86,item
Mint Chocolate Pteri,https://grundoscafe.b-cdn.net/items/can_pteri_mint.gif,86,item
Mixed Flowers,https://grundoscafe.b-cdn.net/items/gar_summerbush_1.gif,86,item
Moehog Sword,https://grundoscafe.b-cdn.net/items/bd_moehog_sword.gif,86,item
Mushroom and Herb Salad,https://grundoscafe.b-cdn.net/items/foo_mushroom_salad.gif,86,item
Mutant Aisha Plushie,https://grundoscafe.b-cdn.net/items/toy_mutantaisha.gif,86,item
Mutant Grundo Stamp,https://grundoscafe.b-cdn.net/items/sta_space_mutantgrundo.gif,86,item
My Life At Sea,https://grundoscafe.b-cdn.net/items/boo_flotsam_sealife.gif,86,item
Mynci Law,https://grundoscafe.b-cdn.net/items/book_mynci_law.gif,86,item
Mynci Waffles,https://grundoscafe.b-cdn.net/items/foo_mynci_waffles04.gif,86,item
Naalala,https://grundoscafe.b-cdn.net/items/naalala.gif,86,item
Neucloop,https://grundoscafe.b-cdn.net/items/neucloop_blue.gif,86,item
Nune,https://grundoscafe.b-cdn.net/items/book_des6.gif,86,item
Official Usuki Bowling Set,https://grundoscafe.b-cdn.net/items/usuki_bowling.gif,86,item
Once Upon A Chia,https://grundoscafe.b-cdn.net/items/book_chia1.gif,86,item
One Step Forward,https://grundoscafe.b-cdn.net/items/boo_ele_forward.gif,86,item
Onion Bagel,https://grundoscafe.b-cdn.net/items/foo_bagel_onion.gif,86,item
Orange Chocolate Moehog,https://grundoscafe.b-cdn.net/items/orangechoc_moehog.gif,86,item
Orange Fungus Petpet Ball,https://grundoscafe.b-cdn.net/items/pps_ball_fungus.gif,86,item
Orange Gummy Scorchio,https://grundoscafe.b-cdn.net/items/can_scorchgumorange.gif,86,item
Orange Kougra Cupcake,https://grundoscafe.b-cdn.net/items/food_kougra_puddorange.gif,86,item
Orange Rambus,https://grundoscafe.b-cdn.net/items/space_rambu_orange.gif,86,item
Peophin Bubble Bath,https://grundoscafe.b-cdn.net/items/gro_peobubblebth.gif,86,item
Peophin Legends,https://grundoscafe.b-cdn.net/items/boo_peo_legends.gif,86,item
Peophin Nail Varnish,https://grundoscafe.b-cdn.net/items/gro_peopolish.gif,86,item
Peophin Tail Loaf,https://grundoscafe.b-cdn.net/items/bak_peophin_longbread.gif,86,item
Peophin Toothbrush,https://grundoscafe.b-cdn.net/items/gro_toothbrush_peophin.gif,86,item
Photographer Usuki,https://grundoscafe.b-cdn.net/items/usu_photographer.gif,86,item
Pink Kacheek Plushie,https://grundoscafe.b-cdn.net/items/plu_kacheek_pink.gif,86,item
Pink Petpet Flying Disc,https://grundoscafe.b-cdn.net/items/pps_disk_pink.gif,86,item
Pink Toadstool,https://grundoscafe.b-cdn.net/items/mushroom20.gif,86,item
Polarchuck Hot Chocolate,https://grundoscafe.b-cdn.net/items/polarchuck_hotcoco.gif,86,item
Propellorshroom,https://grundoscafe.b-cdn.net/items/mushroom13.gif,86,item
Pteri Birthday Card,https://grundoscafe.b-cdn.net/items/gif_bdayptericard.gif,86,item
Pteri Eraser,https://grundoscafe.b-cdn.net/items/sch_pteri_eraser.gif,86,item
Pteri Jacks,https://grundoscafe.b-cdn.net/items/toy_pteri_jacks.gif,86,item
Pteri Spring Ride,https://grundoscafe.b-cdn.net/items/gar_pteri_spring.gif,86,item
Purple Acara Balloon,https://grundoscafe.b-cdn.net/items/toy_balloon_acara.gif,86,item
Purple Hissi Plushie,https://grundoscafe.b-cdn.net/items/toy_hissi_purple.gif,86,item
Pyramid Dagger,https://grundoscafe.b-cdn.net/items/bd_pyramidknife.gif,86,item
Quiggle Foot Wrap,https://grundoscafe.b-cdn.net/items/foo_quigglefootwrap.gif,86,item
Rainbow Chomby Plushie,https://grundoscafe.b-cdn.net/items/plu_chomby_rainbow.gif,86,item
Rainbow Flotsam Stories,https://grundoscafe.b-cdn.net/items/book_flotsam_rainbow.gif,86,item
Rainbow Iced Swiss Roll,https://grundoscafe.b-cdn.net/items/bak_roll_rainbow.gif,86,item
Raspberry Blumaroo Cone,https://grundoscafe.b-cdn.net/items/food_blumaroo_conerasp.gif,86,item
Raspberry Grundo Lollypop,https://grundoscafe.b-cdn.net/items/can_grundo_red.gif,86,item
Raspberry Swirl Grarrl Cookie,https://grundoscafe.b-cdn.net/items/food_grarrl_swirl.gif,86,item
Red Aisha Doll,https://grundoscafe.b-cdn.net/items/credaishaplushie.gif,86,item
Red Bori Plushie,https://grundoscafe.b-cdn.net/items/toy_bori_red.gif,86,item
Red Lupe Chia Plushie,https://grundoscafe.b-cdn.net/items/plu_lupe_chiared.gif,86,item
Retro Mint Chocolate Grundo,https://grundoscafe.b-cdn.net/items/retro_mint_chocolate_grundo.gif,86,item
Ripe Bomberry,https://grundoscafe.b-cdn.net/items/new_tropical_4.gif,86,item
Sandpoint,https://grundoscafe.b-cdn.net/items/sandpoint_green.gif,86,item
Scary Snowbunny Plushie,https://grundoscafe.b-cdn.net/items/dto_snowbunny_plushie.gif,86,item
Shoyru Ice Cream Sculpture,https://grundoscafe.b-cdn.net/items/food_shoyru_ice.gif,86,item
Sketch Slushie,https://grundoscafe.b-cdn.net/items/slush_sketch.gif,86,item
Ski Lodge Stamp,https://grundoscafe.b-cdn.net/items/sta_winter_ski_lodge.gif,86,item
Slimy Bog Scroll,https://grundoscafe.b-cdn.net/items/qa_soakscroll.gif,86,item
Snowbunny Bath Puff,https://grundoscafe.b-cdn.net/items/gro_puff_snowbunny.gif,86,item
Snuffly Petpet Bed,https://grundoscafe.b-cdn.net/items/pps_snuffly_bed.gif,86,item
Space Faerie Stained Glass Window,https://grundoscafe.b-cdn.net/items/bvg_faerie_space.gif,86,item
Spherical Cherry,https://grundoscafe.b-cdn.net/items/food_sphere_cherry.gif,86,item
Spherical Pumpkin,https://grundoscafe.b-cdn.net/items/spherical_pumpkin.gif,86,item
Spiced Pumpkin Coffee,https://grundoscafe.b-cdn.net/items/coff_pumpkin_spiced_coffee.gif,86,item
Spider on a String,https://grundoscafe.b-cdn.net/items/bd_spider_string.gif,86,item
Springy Lutari Toy,https://grundoscafe.b-cdn.net/items/toy_lutari_spring.gif,86,item
Sprinkle JubJub Cake,https://grundoscafe.b-cdn.net/items/sprinklejubjubcake.gif,86,item
Stacked Mushroom,https://grundoscafe.b-cdn.net/items/mushroom_stacked.gif,86,item
Starry Gelert Pie,https://grundoscafe.b-cdn.net/items/foo_gelert_starrypie.gif,86,item
Starry Koi Wind Up Bath Toy,https://grundoscafe.b-cdn.net/items/toy_koibath_windup.gif,86,item
Strawberries and Cream Lenny Cookie,https://grundoscafe.b-cdn.net/items/food_lenny_strawcook.gif,86,item
Strawberry Bon Bons,https://grundoscafe.b-cdn.net/items/food_strawbonbons.gif,86,item
Strawberry Iced Mynci,https://grundoscafe.b-cdn.net/items/food_mynci_straw.gif,86,item
Strawberry JubJub Biscuit,https://grundoscafe.b-cdn.net/items/food_jubjub_strawball.gif,86,item
Strawberry Meerca Mini Cake,https://grundoscafe.b-cdn.net/items/foo_meerca_minicake1.gif,86,item
Strawberry Mynci Day Cupcake,https://grundoscafe.b-cdn.net/items/bak_mynci_strawberry.gif,86,item
Striped Fuzzy Scratching Post,https://grundoscafe.b-cdn.net/items/pet_striped_scratchpost.gif,86,item
Taelia Yoyo,https://grundoscafe.b-cdn.net/items/toy_taelia_yoyo.gif,86,item
Tazzalor Stamp,https://grundoscafe.b-cdn.net/items/stamp_zyrolon.gif,86,item
The Comma Faerie,https://grundoscafe.b-cdn.net/items/bvb_faerie_comma.gif,86,item
The Grumpy Grundo,https://grundoscafe.b-cdn.net/items/boo_grumpy.gif,86,item
Tiger Table,https://grundoscafe.b-cdn.net/items/tiger_table.gif,86,item
Toffee Eyrie on a Stick,https://grundoscafe.b-cdn.net/items/food_eyrie_chocstik.gif,86,item
Tombola Tips,https://grundoscafe.b-cdn.net/items/boo_tombola_tips.gif,86,item
Tome of Enlightenment,https://grundoscafe.b-cdn.net/items/bvb_tome_enlightenment.gif,86,item
Tuskaninny Veggieloaf,https://grundoscafe.b-cdn.net/items/foo_meatloaf_tuskveggie.gif,86,item
Tyrannian Plateau Stamp,https://grundoscafe.b-cdn.net/items/stamp_tyr_plateau.gif,86,item
Ukali,https://grundoscafe.b-cdn.net/items/youlee_white.gif,86,item
Uni Day Jam Sandwich,https://grundoscafe.b-cdn.net/items/foo_uni_pbj.gif,86,item
Uni Orange Cake,https://grundoscafe.b-cdn.net/items/bak_uni_orangecakes.gif,86,item
Unlucky Usul Fishing Gnome,https://grundoscafe.b-cdn.net/items/gar_usul_fishing.gif,86,item
Usuki Fuzzy Clothing,https://grundoscafe.b-cdn.net/items/usu_fuzzy_clothing.gif,86,item
Usuki Park Fun Set,https://grundoscafe.b-cdn.net/items/usu_fashfever_03.gif,86,item
Valentines Cybunny Plushie,https://grundoscafe.b-cdn.net/items/toy_val_cybunny.gif,86,item
Valentines Heart Shaped Chocolate Box,https://grundoscafe.b-cdn.net/items/foo_val_chocolates2.gif,86,item
Virtupets BX-288 Boots,https://grundoscafe.b-cdn.net/items/bd_space_boots.gif,86,item
Water Faerie Water Blaster,https://grundoscafe.b-cdn.net/items/bd_waterfaerie_watergun.gif,86,item
Wind Up Drackonack,https://grundoscafe.b-cdn.net/items/dto_clockdrackonack.gif,86,item
Wooden JubJub Hoop Game,https://grundoscafe.b-cdn.net/items/toy_wooden_jubjubstack.gif,86,item
Wooden Quiggle Toy,https://grundoscafe.b-cdn.net/items/toy_wooden_quiggleassemble.gif,86,item
Xweetok Guide to Flying,https://grundoscafe.b-cdn.net/items/boo_xweetok_howtofly.gif,86,item
Year 5 Stamp,https://grundoscafe.b-cdn.net/items/ad_year5stamp.gif,86,item
Yurble Skirmishes,https://grundoscafe.b-cdn.net/items/boo_yurbleskirmish.gif,86,item
Yurble Tales,https://grundoscafe.b-cdn.net/items/boo_yurble_tales.gif,86,item
101 Uni Treats,https://grundoscafe.b-cdn.net/items/boo_uni_treats.gif,87,item
105 Castle Secrets Stamp,https://grundoscafe.b-cdn.net/items/sta_bfm_secrets.gif,87,item
Aqua Shoyru Star Balloon,https://grundoscafe.b-cdn.net/items/toy_balloon_shoyrustar.gif,87,item
Baby Blumaroo Plushie,https://grundoscafe.b-cdn.net/items/toy_babyblumaroo.gif,87,item
Baking For Myncies,https://grundoscafe.b-cdn.net/items/boo_mynci_baking.gif,87,item
Bargella Root,https://grundoscafe.b-cdn.net/items/bargellaroot.gif,87,item
Beeble,https://grundoscafe.b-cdn.net/items/beeble.gif,87,item
Beekadoodle In A Box,https://grundoscafe.b-cdn.net/items/toy_beek_spring.gif,87,item
Birthday JubJub Cupcake,https://grundoscafe.b-cdn.net/items/foo_birthdayjubjubcupcake.gif,87,item
Black Currant Tuskaninny Lolly,https://grundoscafe.b-cdn.net/items/food_tusk_poppurple.gif,87,item
Black Meowclops Pen,https://grundoscafe.b-cdn.net/items/sch_pen_meowclops.gif,87,item
Blechy Squeeze Toy,https://grundoscafe.b-cdn.net/items/pps_blechy_toy.gif,87,item
Blueberry and Chokato Achyfi,https://grundoscafe.b-cdn.net/items/foo_achyfi7.gif,87,item
Blueberry Meerca Mini Cake,https://grundoscafe.b-cdn.net/items/foo_meerca_minicake2.gif,87,item
Blue Gelert Eraser,https://grundoscafe.b-cdn.net/items/sch_gelert_eraser.gif,87,item
Blue Ice Apple,https://grundoscafe.b-cdn.net/items/space_iceapple.gif,87,item
Blue Ixi Soap,https://grundoscafe.b-cdn.net/items/gro_ixi_soap.gif,87,item
Blue Kougra Cookie Paw,https://grundoscafe.b-cdn.net/items/foo_kougra_pawblue.gif,87,item
Blue Scorchio Star Balloon,https://grundoscafe.b-cdn.net/items/toy_balloon_scorchiostar.gif,87,item
Borovan Brownies,https://grundoscafe.b-cdn.net/items/food_borbrownies.gif,87,item
Brightvale Guard Training Manual,https://grundoscafe.b-cdn.net/items/bvb_bvguardtraining.gif,87,item
Burning Leaves,https://grundoscafe.b-cdn.net/items/bvb_burning_leaves.gif,87,item
Buzz Boxing Basics,https://grundoscafe.b-cdn.net/items/book_buzz_boxing.gif,87,item
Camouflage Scallop Shell,https://grundoscafe.b-cdn.net/items/she_shell_camo.gif,87,item
Candy Pumpkin Latte,https://grundoscafe.b-cdn.net/items/coff_candy_pumpkin.gif,87,item
Cedar Filled Petpet Bed,https://grundoscafe.b-cdn.net/items/pps_cedarfill_bed.gif,87,item
Cherry Gummy Korbat Tail,https://grundoscafe.b-cdn.net/items/foo_korbat_red.gif,87,item
Cherry Pteripop,https://grundoscafe.b-cdn.net/items/can_pteri_red.gif,87,item
Cherry Shoyru Sweet,https://grundoscafe.b-cdn.net/items/can_shoyrusweet_red.gif,87,item
Cherry Sloth Yogurt,https://grundoscafe.b-cdn.net/items/spf_sloth_yogurt.gif,87,item
Cherry Xweetok Cupcake,https://grundoscafe.b-cdn.net/items/foo_xweetok_cupcake.gif,87,item
Chicken Leg Surprise,https://grundoscafe.b-cdn.net/items/med_drum_gruel.gif,87,item
Chocolate Chomby Cookie,https://grundoscafe.b-cdn.net/items/foo_chomby_cookie.gif,87,item
Chocolate Fudge Pizza Block,https://grundoscafe.b-cdn.net/items/food_pizzablock_waffle.gif,87,item
Chocolate Gelert Heads,https://grundoscafe.b-cdn.net/items/can_gelert_choco.gif,87,item
Chocolate Grarrl Ice Cream,https://grundoscafe.b-cdn.net/items/food_grarrl_cone.gif,87,item
Chocolate JubJub Sundae,https://grundoscafe.b-cdn.net/items/foo_jubjub_sundae1.gif,87,item
Chocolate Lime Pudding,https://grundoscafe.b-cdn.net/items/food_xmaspudding2.gif,87,item
Chocolatey Banana Draik Cake,https://grundoscafe.b-cdn.net/items/draik_cake_yellow.gif,87,item
Chokato Gummy Chia,https://grundoscafe.b-cdn.net/items/foo_chia_chokatojelly.gif,87,item
Chokato Pudding,https://grundoscafe.b-cdn.net/items/chokato_pud.gif,87,item
Chomby Day Cupcake,https://grundoscafe.b-cdn.net/items/chomby_cupcake.gif,87,item
Chomby Day Potato Soup,https://grundoscafe.b-cdn.net/items/chomby_potatosoup.gif,87,item
Christmas Acara Plushie,https://grundoscafe.b-cdn.net/items/plu_xmas_acara.gif,87,item
Cloud Acara Plushie,https://grundoscafe.b-cdn.net/items/plu_acara_cloud.gif,87,item
Clown Chia Zeenana Ice Cream,https://grundoscafe.b-cdn.net/items/food_chia_clownsplit.gif,87,item
Coconut Creme Pi Pie,https://grundoscafe.b-cdn.net/items/bak_pi_coconutcream.gif,87,item
Coffee Beans,https://grundoscafe.b-cdn.net/items/coff_coffee_beans.gif,87,item
Compass,https://grundoscafe.b-cdn.net/items/school_30.gif,87,item
Cookie Hats,https://grundoscafe.b-cdn.net/items/food_hal_cookiehats.gif,87,item
Corn Chowder Soup Bowl,https://grundoscafe.b-cdn.net/items/foo_corn_chowder.gif,87,item
Crocalu,https://grundoscafe.b-cdn.net/items/gpp_sarcho.gif,87,item
Cube-Shaped Watermelon,https://grundoscafe.b-cdn.net/items/food_cube_watermelon.gif,87,item
Cubett,https://grundoscafe.b-cdn.net/items/isl_petpet5.gif,87,item
Curing Kacheeks,https://grundoscafe.b-cdn.net/items/book_kacheek_aid.gif,87,item
Cymbal Bashing Mynci Toy,https://grundoscafe.b-cdn.net/items/dto_mynci_cymbals.gif,87,item
Darigan Ball,https://grundoscafe.b-cdn.net/items/toy_balldarigan.gif,87,item
Darigan Faellie Action Figure,https://grundoscafe.b-cdn.net/items/dto_faellie_figure.gif,87,item
Darigan Kau Collectable Figurine,https://grundoscafe.b-cdn.net/items/dto_kau_figure.gif,87,item
Dark Chocolate Kougra,https://grundoscafe.b-cdn.net/items/darkchoc_kougra.gif,87,item
Dark Eyes the Aisha,https://grundoscafe.b-cdn.net/items/boo_aisha_eyesdark.gif,87,item
Dehydrated Ham and Eggs,https://grundoscafe.b-cdn.net/items/spc_dehydrated_hameggs.gif,87,item
Devilish Usuki,https://grundoscafe.b-cdn.net/items/usuki_devil.gif,87,item
Disco Petpet Bowl,https://grundoscafe.b-cdn.net/items/pps_disco_bowl.gif,87,item
Double Headed Uni Plushie,https://grundoscafe.b-cdn.net/items/dto_uni_plushie.gif,87,item
Eliv Thades Guide to Anagrams,https://grundoscafe.b-cdn.net/items/boo_thade_angram.gif,87,item
Eraser of the Dark Faerie Stamp,https://grundoscafe.b-cdn.net/items/sta_bd_darkfaerieeraser.gif,87,item
Exploding Snowflake,https://grundoscafe.b-cdn.net/items/bd_snowflake_exploding.gif,87,item
Extra Cheesy Straw,https://grundoscafe.b-cdn.net/items/food_cheezenoodle.gif,87,item
Extra Wild Orchid,https://grundoscafe.b-cdn.net/items/ga_wild_orchid.gif,87,item
Faerie Bonbons,https://grundoscafe.b-cdn.net/items/food_faerie_white.gif,87,item
Faerie Crossword Book,https://grundoscafe.b-cdn.net/items/fbo_faerieday_2.gif,87,item
Faerie Kougra Hair Clip,https://grundoscafe.b-cdn.net/items/faerie_kougra_barette.gif,87,item
Faerie Petpet Food,https://grundoscafe.b-cdn.net/items/pps_food_faerie.gif,87,item
Famous Kois,https://grundoscafe.b-cdn.net/items/boo_koi_famous.gif,87,item
Fangy,https://grundoscafe.b-cdn.net/items/petpet_fangy.gif,87,item
Feeding Frenzy,https://grundoscafe.b-cdn.net/items/boo_jetsam_feedingfrenzy.gif,87,item
Felf,https://grundoscafe.b-cdn.net/items/felf_green.gif,87,item
Fire Tambourine,https://grundoscafe.b-cdn.net/items/fire_tambourine.gif,87,item
Fire Usul Plushie,https://grundoscafe.b-cdn.net/items/toy_usul_fire.gif,87,item
Flaming Hot Chilli Bowl,https://grundoscafe.b-cdn.net/items/food_killachili.gif,87,item
Flaming Shield Of Fire,https://grundoscafe.b-cdn.net/items/bd_tyr_fireshin.gif,87,item
Flipperbot,https://grundoscafe.b-cdn.net/items/petpet_robo_fish.gif,87,item
Flotsam Facts,https://grundoscafe.b-cdn.net/items/book_flotsam3.gif,87,item
Flotsams in Rock,https://grundoscafe.b-cdn.net/items/boo_flotsam_rock.gif,87,item
Flower Picking Gelert Gnome,https://grundoscafe.b-cdn.net/items/gar_gelert_gnome.gif,87,item
Fuzz Collars,https://grundoscafe.b-cdn.net/items/gar_spring_fuzzcollars.gif,87,item
Fyoras Hair Care,https://grundoscafe.b-cdn.net/items/fbo_fyora_haircare.gif,87,item
Galactic Cherry Pie,https://grundoscafe.b-cdn.net/items/foo_galatic_cherry_pie.gif,87,item
Gardening Grundo Gnome,https://grundoscafe.b-cdn.net/items/fu_grundo_spade.gif,87,item
Garlic JubJub Plushie,https://grundoscafe.b-cdn.net/items/toy_jubjub_garlic.gif,87,item
Garon the Lupe,https://grundoscafe.b-cdn.net/items/blacktradingcardback.gif,87,item
Garooda,https://grundoscafe.b-cdn.net/items/petpet_garooda.gif,87,item
Get A Job,https://grundoscafe.b-cdn.net/items/fbo_faerieday_4.gif,87,item
Ghost Lupe Spooky Stories,https://grundoscafe.b-cdn.net/items/boo_ghostlupe_stories.gif,87,item
Giant Goo Blaster,https://grundoscafe.b-cdn.net/items/goo_blaster.gif,87,item
Glass Negg,https://grundoscafe.b-cdn.net/items/invisinegg.gif,87,item
Glowing Acara Plushie,https://grundoscafe.b-cdn.net/items/plu_acara_glowing.gif,87,item
Golden Kougra Shield,https://grundoscafe.b-cdn.net/items/bd_kougra_shield_03.gif,87,item
Goregas Stamp,https://grundoscafe.b-cdn.net/items/sta_mar_goregas.gif,87,item
Grapefruit Doughnut,https://grundoscafe.b-cdn.net/items/food_grapefruit_donut.gif,87,item
Grape Gummy Scorchio,https://grundoscafe.b-cdn.net/items/can_scorchgumpurple.gif,87,item
Green Acara Star Balloon,https://grundoscafe.b-cdn.net/items/toy_balloon_acarastar.gif,87,item
Green Jetsam Bath Toy,https://grundoscafe.b-cdn.net/items/toy_jetsambath_green.gif,87,item
Green Ruki Plushie,https://grundoscafe.b-cdn.net/items/plushie_ruki_green.gif,87,item
Green Starry Food Bowl,https://grundoscafe.b-cdn.net/items/pps_bowl_greenstars.gif,87,item
Grobrin,https://grundoscafe.b-cdn.net/items/petpet_grobrin.gif,87,item
Growing Flower Crystals,https://grundoscafe.b-cdn.net/items/boo_flowercrystal_grow.gif,87,item
Halloween Gelert Plushie,https://grundoscafe.b-cdn.net/items/plu_gelert_halloween.gif,87,item
Halloween Hissi Plushie,https://grundoscafe.b-cdn.net/items/plu_hissi_halloween.gif,87,item
Ham and Tomato Korbat Sandwich,https://grundoscafe.b-cdn.net/items/bak_korbat_sandwich1.gif,87,item
Hansos Guide to Escaping Dungeons,https://grundoscafe.b-cdn.net/items/bvb_hanso_guide_escapedungeon.gif,87,item
Happy Yurble Fishing Gnome,https://grundoscafe.b-cdn.net/items/gar_yurble_fishing.gif,87,item
Hatching A Draik Egg,https://grundoscafe.b-cdn.net/items/boo_draik_hatch.gif,87,item
Healing Potion X,https://grundoscafe.b-cdn.net/items/potion26.gif,87,item
Heroic Pteri Tales,https://grundoscafe.b-cdn.net/items/boo_pteri_heroictales.gif,87,item
Hissi Birthday Card,https://grundoscafe.b-cdn.net/items/gif_bdayhissicake.gif,87,item
Hot Banana Soup,https://grundoscafe.b-cdn.net/items/soup_cupobanana.gif,87,item
Howling For Fun,https://grundoscafe.b-cdn.net/items/book_howlingforfun.gif,87,item
Hula De Ruki,https://grundoscafe.b-cdn.net/items/book_hularuki.gif,87,item
Humbugs,https://grundoscafe.b-cdn.net/items/food_humbugs.gif,87,item
Iced Lutari Cookie,https://grundoscafe.b-cdn.net/items/foo_lutari_cookie_iced.gif,87,item
Iced Techo Cupcake,https://grundoscafe.b-cdn.net/items/food_techo_cup3.gif,87,item
Ice Scimitar,https://grundoscafe.b-cdn.net/items/icesword.gif,87,item
Ice Sword,https://grundoscafe.b-cdn.net/items/bd_ice15.gif,87,item
Inspiring Potential,https://grundoscafe.b-cdn.net/items/bvb_inspire_potential.gif,87,item
Intergalactic Ice Cream Cone,https://grundoscafe.b-cdn.net/items/foo_space_icecreamcone.gif,87,item
Island Usul Bubble Bath,https://grundoscafe.b-cdn.net/items/gro_island_usul_bubble.gif,87,item
Jelly Pumpkin,https://grundoscafe.b-cdn.net/items/jellypumpkin.gif,87,item
Jetsam Apple Cake,https://grundoscafe.b-cdn.net/items/food_jetsam_green.gif,87,item
Jhudora Stained Glass Window,https://grundoscafe.b-cdn.net/items/bvg_faerie_jhudora.gif,87,item
JubJub Powder Puff,https://grundoscafe.b-cdn.net/items/gro_jubjub_powderpuff.gif,87,item
Juicee,https://grundoscafe.b-cdn.net/items/food_juicee.gif,87,item
Kacheek Exercise,https://grundoscafe.b-cdn.net/items/book_kacheekexercise.gif,87,item
Kadoatie Teaser,https://grundoscafe.b-cdn.net/items/pps_princess_kadoatieteaser.gif,87,item
Kiko Lake Paperback Book,https://grundoscafe.b-cdn.net/items/boo_paper_kikolake.gif,87,item
Kiko Shield,https://grundoscafe.b-cdn.net/items/battledome_kikoshield.gif,87,item
Kings Lens Stamp,https://grundoscafe.b-cdn.net/items/sta_bd_kings_lens.gif,87,item
Koi Collector,https://grundoscafe.b-cdn.net/items/boo_koi_collector.gif,87,item
Korbat Sticky Hand,https://grundoscafe.b-cdn.net/items/toy_korbat_sticky.gif,87,item
Kougra Tape Dispenser,https://grundoscafe.b-cdn.net/items/sch_kougra_tapedispenser.gif,87,item
Large Patterned Arched Window,https://grundoscafe.b-cdn.net/items/bvg_lgarch_frame.gif,87,item
Lemon Eyrie Cake,https://grundoscafe.b-cdn.net/items/foo_eyriecake_yellow.gif,87,item
Lemon Kougra Cake,https://grundoscafe.b-cdn.net/items/food_kougra_puddlemon.gif,87,item
Lenny Adventures,https://grundoscafe.b-cdn.net/items/boo_lenny_adventures.gif,87,item
Lenny Microbiology,https://grundoscafe.b-cdn.net/items/boo_lenny_microbiology.gif,87,item
Licorice Twists,https://grundoscafe.b-cdn.net/items/food_redlicorice.gif,87,item
Lime Aisha Lollypop,https://grundoscafe.b-cdn.net/items/can_aisha_green.gif,87,item
Lime Draik Lollypop,https://grundoscafe.b-cdn.net/items/can_draikpop_2.gif,87,item
Lime Nimmo Pop,https://grundoscafe.b-cdn.net/items/can_nimmo_pop.gif,87,item
Lime Time Slushie,https://grundoscafe.b-cdn.net/items/slush_limetime.gif,87,item
Loose-leaf Faerie Journal,https://grundoscafe.b-cdn.net/items/boo_faerie_looseleaf.gif,87,item
Lutari Art,https://grundoscafe.b-cdn.net/items/boo_lutari_art.gif,87,item
Lutari Mints,https://grundoscafe.b-cdn.net/items/can_mint_lutari.gif,87,item
Maccy Synth,https://grundoscafe.b-cdn.net/items/toy_synth.gif,87,item
Mandolin,https://grundoscafe.b-cdn.net/items/inst_mandolin.gif,87,item
Maraquan Blumaroo Squirty Toy,https://grundoscafe.b-cdn.net/items/toy_blumaroo_squeeze.gif,87,item
Maraquan Charger Stamp,https://grundoscafe.b-cdn.net/items/stamp_maraquawave_3.gif,87,item
Maraquan Skeith Yoyo,https://grundoscafe.b-cdn.net/items/toy_maraquaskeith_yoyo.gif,87,item
Meerouladen and Heermeedjet,https://grundoscafe.b-cdn.net/items/blacktradingcardback.gif,87,item
Mega Berry Melon Spinach Leek Smoothie,https://grundoscafe.b-cdn.net/items/smo_mega_spinleekmelonberry.gif,87,item
Meridell Gardens Stamp,https://grundoscafe.b-cdn.net/items/sta_meridellgardens.gif,87,item
Mimbi,https://grundoscafe.b-cdn.net/items/gpp_mimbi.gif,87,item
Mini Flotsam Cake,https://grundoscafe.b-cdn.net/items/food_flotsam_choccake.gif,87,item
Mint Chocolate Koi,https://grundoscafe.b-cdn.net/items/can_koi_mintchoc.gif,87,item
Mint Werelupe Cookie,https://grundoscafe.b-cdn.net/items/foo_werelupe_mint.gif,87,item
Mouldy Tome,https://grundoscafe.b-cdn.net/items/book_mys2.gif,87,item
MSP Jubjub Plushie,https://grundoscafe.b-cdn.net/items/msp_jubjub_plushie.gif,87,item
Mutant Xweetok Pull Along,https://grundoscafe.b-cdn.net/items/toy_xweetok_pullalong.gif,87,item
My Life As A Sponge,https://grundoscafe.b-cdn.net/items/boo_moehog_sponge.gif,87,item
Mynci Tail Doughnuts,https://grundoscafe.b-cdn.net/items/foo_mynci_doughnuts04.gif,87,item
Mystery Island Pop-Up Book,https://grundoscafe.b-cdn.net/items/boo_mysteryisland.gif,87,item
Mystery Of Halloween,https://grundoscafe.b-cdn.net/items/book_halloween3.gif,87,item
Negg Faerie Plushie,https://grundoscafe.b-cdn.net/items/plu_negg_faerie.gif,87,item
Neopian Hospital Stamp,https://grundoscafe.b-cdn.net/items/sta_gelert_doctor.gif,87,item
Neopian Music,https://grundoscafe.b-cdn.net/items/boo_neopian_music.gif,87,item
NeoQuest II Logo Stamp,https://grundoscafe.b-cdn.net/items/sta_nq2_logo.gif,87,item
Nimmo Day Sandwich,https://grundoscafe.b-cdn.net/items/foo_nimmo_sandwich.gif,87,item
Noil,https://grundoscafe.b-cdn.net/items/pet_noil.gif,87,item
Of Leaves and Lutari,https://grundoscafe.b-cdn.net/items/boo_lutari_leaf.gif,87,item
Ogrin Survivor,https://grundoscafe.b-cdn.net/items/boo_ogrin_survivor.gif,87,item
Oranella Slushie,https://grundoscafe.b-cdn.net/items/slu_oranella.gif,87,item
Orange Chocolate Mynci,https://grundoscafe.b-cdn.net/items/orangechoc_mynci.gif,87,item
Orange Gnorbu Cake,https://grundoscafe.b-cdn.net/items/foo_gno_cake.gif,87,item
Orange Ixi Drink,https://grundoscafe.b-cdn.net/items/food_ixi_soda.gif,87,item
Orange JubJub Star Balloon,https://grundoscafe.b-cdn.net/items/toy_balloon_jubjubstar.gif,87,item
Orange Kacheek Drops,https://grundoscafe.b-cdn.net/items/foo_kacheekdrops_orange.gif,87,item
Orange Quiggle Pop,https://grundoscafe.b-cdn.net/items/can_quiggle_pop2.gif,87,item
Pale Elixir,https://grundoscafe.b-cdn.net/items/potion39.gif,87,item
Pastel Pink Peophin Plushie,https://grundoscafe.b-cdn.net/items/peophin_pink.gif,87,item
Pastel Purple Peophin Plushie,https://grundoscafe.b-cdn.net/items/peophin_purple.gif,87,item
Peach Gummy Lutari,https://grundoscafe.b-cdn.net/items/can_peachgum_lutari.gif,87,item
Peanut Mynci Day Cupcake,https://grundoscafe.b-cdn.net/items/bak_mynci_peanut.gif,87,item
Peophin Babies,https://grundoscafe.b-cdn.net/items/book_babypeophins.gif,87,item
Peophin Berry Bread,https://grundoscafe.b-cdn.net/items/bak_peophin_berrybread.gif,87,item
Peophin Fur Spray,https://grundoscafe.b-cdn.net/items/gro_furspray_peophin.gif,87,item
Piano,https://grundoscafe.b-cdn.net/items/toy_piano.gif,87,item
Pink Cobrall Mirror,https://grundoscafe.b-cdn.net/items/gro_cobrall_mirror.gif,87,item
Pink Domed Petpet Bed,https://grundoscafe.b-cdn.net/items/pps_bed_pinkdome.gif,87,item
Pink Kacheek Star Balloon,https://grundoscafe.b-cdn.net/items/toy_balloon_kacheekstar.gif,87,item
Pink Snorkle Usuki Set,https://grundoscafe.b-cdn.net/items/usuki_snorkle_1.gif,87,item
Pirate Flotsam Plushie,https://grundoscafe.b-cdn.net/items/plu_flotsam_pirate.gif,87,item
Plain Chocolate Hollow Cybunny,https://grundoscafe.b-cdn.net/items/cho_cybunny_hollow2.gif,87,item
Plushie Bruce Plushie,https://grundoscafe.b-cdn.net/items/toy_bruce_plushie.gif,87,item
Plushie Grarrl Plushie,https://grundoscafe.b-cdn.net/items/toy_grarrl_plushie.gif,87,item
Polka Dot Heart Frame,https://grundoscafe.b-cdn.net/items/gif_polka_heart_frame.gif,87,item
Poogle Sword,https://grundoscafe.b-cdn.net/items/poogle_sword.gif,87,item
Pretty Pink Yurbles,https://grundoscafe.b-cdn.net/items/boo_yurble_pink.gif,87,item
Pteri Folder,https://grundoscafe.b-cdn.net/items/sch_pteri_folder.gif,87,item
Pull Along Darigan Bori,https://grundoscafe.b-cdn.net/items/dto_pullalong_bori.gif,87,item
Pure Ice Tea,https://grundoscafe.b-cdn.net/items/coff_ice_tea.gif,87,item
Purple Aisha Plushie,https://grundoscafe.b-cdn.net/items/plu_aisha_purple.gif,87,item
Purple Gelert Star Balloon,https://grundoscafe.b-cdn.net/items/toy_balloon_gelertstar.gif,87,item
QX-92 Neutrino Blaster,https://grundoscafe.b-cdn.net/items/bd_spa_bazooka.gif,87,item
Rainbow Hair Dye,https://grundoscafe.b-cdn.net/items/go_rainbow_hairdye.gif,87,item
Rainbow Lenny Plushie,https://grundoscafe.b-cdn.net/items/toy_plushie_lennyrainbow.gif,87,item
Rainbow Snowball,https://grundoscafe.b-cdn.net/items/advent_rainbsnow.gif,87,item
Rainbow Yurble Lollypop,https://grundoscafe.b-cdn.net/items/can_yurble_pop.gif,87,item
Raking Bori Gnome,https://grundoscafe.b-cdn.net/items/gar_bori_gnome4.gif,87,item
Raspberry JubJub Mini Burger,https://grundoscafe.b-cdn.net/items/foo_jubjub_burger3.gif,87,item
Raspberry Scorchio Head Cookie,https://grundoscafe.b-cdn.net/items/foo_scorchcookie_rasp.gif,87,item
Red Bruce Star Balloon,https://grundoscafe.b-cdn.net/items/toy_balloon_brucestar.gif,87,item
Red Floral Stained Glass Window,https://grundoscafe.b-cdn.net/items/bvg_spring1.gif,87,item
Red Pteri Keyring,https://grundoscafe.b-cdn.net/items/keychain_redpteri.gif,87,item
Red Sardplant,https://grundoscafe.b-cdn.net/items/new_tropical_8.gif,87,item
Remnok the Nomad,https://grundoscafe.b-cdn.net/items/blacktradingcardback.gif,87,item
Reptillian Arm,https://grundoscafe.b-cdn.net/items/d_food02.gif,87,item
Roaring Wind Up Grarrl,https://grundoscafe.b-cdn.net/items/dto_grarrl_clockwork.gif,87,item
Rock Water Dish,https://grundoscafe.b-cdn.net/items/pps_rock_waterdish.gif,87,item
Rohanes Mother Stamp,https://grundoscafe.b-cdn.net/items/sta_nq2_rohanes_mother.gif,87,item
Rubber Yooyuball,https://grundoscafe.b-cdn.net/items/pps_yooyu_ball.gif,87,item
Ruki Adventures,https://grundoscafe.b-cdn.net/items/boo_ruki_adventures.gif,87,item
Scorchio Chicken Bites,https://grundoscafe.b-cdn.net/items/bak_chickenbitesplain.gif,87,item
Shadow Usul Lunch Box,https://grundoscafe.b-cdn.net/items/sch_lunchbox_shadusul.gif,87,item
Shiny Purple Cowry Shell,https://grundoscafe.b-cdn.net/items/she_purple_tortoisecowry.gif,87,item
Shovel Plus,https://grundoscafe.b-cdn.net/items/bd_earth_02.gif,87,item
Silly Clown Usuki,https://grundoscafe.b-cdn.net/items/usuki_clown.gif,87,item
Silver Lupe Frosted Biscuit,https://grundoscafe.b-cdn.net/items/foo_lupesilver_frostedbiscuit.gif,87,item
Skeith Prints,https://grundoscafe.b-cdn.net/items/boo_skeith_prints.gif,87,item
Sklyde,https://grundoscafe.b-cdn.net/items/petpet_sklyde.gif,87,item
Skyward an Eyries Guide to Flying,https://grundoscafe.b-cdn.net/items/book_skyward.gif,87,item
Sleeping Hissi Gnome,https://grundoscafe.b-cdn.net/items/gar_snoozing_hissi.gif,87,item
Slime Cream,https://grundoscafe.b-cdn.net/items/spooky_slimecream.gif,87,item
Spardel Print Sleeping Bag,https://grundoscafe.b-cdn.net/items/pps_spardelbag.gif,87,item
Sporkle Leg Jelly Beans,https://grundoscafe.b-cdn.net/items/food_jellybeans05.gif,87,item
Spotted Chocolate Jetsam Sandwich,https://grundoscafe.b-cdn.net/items/foo_jetsand3.gif,87,item
Spotted Cybunny Balloon,https://grundoscafe.b-cdn.net/items/toy_cybunny_spottedballoon.gif,87,item
Spotted Kau Ice Cream,https://grundoscafe.b-cdn.net/items/foo_spotkau_icecream.gif,87,item
Stained Glass Scented Hearts Flower Window,https://grundoscafe.b-cdn.net/items/bvg_scentedhearts.gif,87,item
Stained Glass Valin Window,https://grundoscafe.b-cdn.net/items/bvg_stain_valin.gif,87,item
Starberry Poogle Cake,https://grundoscafe.b-cdn.net/items/poogle_cake_starberry.gif,87,item
Stencil Set,https://grundoscafe.b-cdn.net/items/school_39.gif,87,item
Stone Trumpet,https://grundoscafe.b-cdn.net/items/inst_stone_trumpet.gif,87,item
Strange Glazed Bowl,https://grundoscafe.b-cdn.net/items/17407.gif,87,item
Strawberry and Lime Achyfi,https://grundoscafe.b-cdn.net/items/foo_achyfi10.gif,87,item
Strawberry Buzz Gateau,https://grundoscafe.b-cdn.net/items/foo_buzz_cake_strawberry.gif,87,item
Strawberry Flotsam Day Shake,https://grundoscafe.b-cdn.net/items/foo_flotsam_strawshake.gif,87,item
Strawberry Grarrl Cupcake,https://grundoscafe.b-cdn.net/items/food_grarrl_cupcake.gif,87,item
Strawberry Ixi Pop,https://grundoscafe.b-cdn.net/items/coff_ixistrawberry.gif,87,item
Strawberry Jelly Flotsam,https://grundoscafe.b-cdn.net/items/can_jelflot_red.gif,87,item
Strawberry Poogle Pop,https://grundoscafe.b-cdn.net/items/can_poogle_pop2.gif,87,item
Strawberry Skeith Iced Bun,https://grundoscafe.b-cdn.net/items/skeith_cake_red.gif,87,item
Striped Gnorbu Lance,https://grundoscafe.b-cdn.net/items/bd_gnorbu_lance.gif,87,item
Supersize Ultimate,https://grundoscafe.b-cdn.net/items/bm_supersize.gif,87,item
Swimming Flotsam Statue,https://grundoscafe.b-cdn.net/items/ga_statue_flotsam.gif,87,item
Tangy Peophin Burger,https://grundoscafe.b-cdn.net/items/foo_peophin_burger2.gif,87,item
Techo Mountain,https://grundoscafe.b-cdn.net/items/boo_techo_mountain.gif,87,item
The Black Pawkeet Stamp,https://grundoscafe.b-cdn.net/items/sta_mar_pawkeet.gif,87,item
The Holiday Sand,https://grundoscafe.b-cdn.net/items/boo_holiday_sand.gif,87,item
The Hungry Grarrl,https://grundoscafe.b-cdn.net/items/boo_grarrl_mouth.gif,87,item
The Scaredy Yurble,https://grundoscafe.b-cdn.net/items/boo_scaredy_yurble.gif,87,item
The Shadowy Shoyru,https://grundoscafe.b-cdn.net/items/boo_shadowy_shoyru.gif,87,item
The Techos Echo,https://grundoscafe.b-cdn.net/items/book_techo_echo.gif,87,item
Thornberry Bagel,https://grundoscafe.b-cdn.net/items/foo_bagel_thornberry.gif,87,item
Tigermouse,https://grundoscafe.b-cdn.net/items/pets_tigermousey.gif,87,item
Toy Darigan Beauty Set,https://grundoscafe.b-cdn.net/items/dto_darigan_set.gif,87,item
Trestin Stamp,https://grundoscafe.b-cdn.net/items/sta_nq2_trestin.gif,87,item
Tuskaninny Grooming,https://grundoscafe.b-cdn.net/items/boo_tusk_groom.gif,87,item
Tyrannian Jetsam Plushie,https://grundoscafe.b-cdn.net/items/plu_tyrannian_jetsam.gif,87,item
Tyrannian Shoyru Plushie,https://grundoscafe.b-cdn.net/items/toy_shoyru_tyrannianplush.gif,87,item
Ultra Dark Reflectorb,https://grundoscafe.b-cdn.net/items/bd_dark_02.gif,87,item
Uni Day Grilled Cheese Sandwich,https://grundoscafe.b-cdn.net/items/foo_uni_grilledcheese.gif,87,item
Uni in Wonderland,https://grundoscafe.b-cdn.net/items/book_uniwl.gif,87,item
Uni Kiwi Cake,https://grundoscafe.b-cdn.net/items/bak_uni_kiwicakes.gif,87,item
Usuki Singing Star #2,https://grundoscafe.b-cdn.net/items/usuki_group_2.gif,87,item
Usuki Summer Wrangler Set,https://grundoscafe.b-cdn.net/items/usu_fashfever_02.gif,87,item
Usuki Water Ski Set,https://grundoscafe.b-cdn.net/items/usuki_waterski.gif,87,item
Valentines Hasee Plushie,https://grundoscafe.b-cdn.net/items/toy_val_hasee.gif,87,item
Valentines Negg,https://grundoscafe.b-cdn.net/items/foo_negg_valentine.gif,87,item
Vanilla and Chocolate Yurble Cupcake,https://grundoscafe.b-cdn.net/items/foo_yurble3.gif,87,item
Vegetarian Krawk Day Pie,https://grundoscafe.b-cdn.net/items/food_krawk_pie.gif,87,item
Virtupets Megacon Helmet,https://grundoscafe.b-cdn.net/items/bd_space_helmet.gif,87,item
Wand Of The Dark Faerie Stamp,https://grundoscafe.b-cdn.net/items/sta_bd_darkwand.gif,87,item
When Bruces Fly,https://grundoscafe.b-cdn.net/items/boo_bruce_whenbrucesfly.gif,87,item
White Chocolate Hollow Kacheek,https://grundoscafe.b-cdn.net/items/can_kacheek_hollow2.gif,87,item
White Hissi Plushie,https://grundoscafe.b-cdn.net/items/plu_hissi_white.gif,87,item
X-29 Sub-Orbital Cupcake,https://grundoscafe.b-cdn.net/items/space_cupcake.gif,87,item
Xweetok Ice Breakers,https://grundoscafe.b-cdn.net/items/boo_xweetok_icebreaker.gif,87,item
Yellow Buzzer Plushie,https://grundoscafe.b-cdn.net/items/toy_buzzer_yellow.gif,87,item
Yellow Lupe Chia Plushie,https://grundoscafe.b-cdn.net/items/plu_lupe_chiayellow.gif,87,item
Yellow Meerca Star Balloon,https://grundoscafe.b-cdn.net/items/toy_balloon_meercastar.gif,87,item
Yellow Peophin Plushie,https://grundoscafe.b-cdn.net/items/toy_peophin_yellow.gif,87,item
Yellow Ruki Plushie,https://grundoscafe.b-cdn.net/items/plushie_ruki_yellow.gif,87,item
Yellow Tonu Plushie,https://grundoscafe.b-cdn.net/items/toy_tonu2.gif,87,item
Yellow Tonu Ruler,https://grundoscafe.b-cdn.net/items/sch_tonu_ruler.gif,87,item
Zeenana Krawk Tart,https://grundoscafe.b-cdn.net/items/bak_krawk_zeenana.gif,87,item
Zombie Faleinn Stamp,https://grundoscafe.b-cdn.net/items/sta_faleinn.gif,87,item
Zytch Food Bowl,https://grundoscafe.b-cdn.net/items/pps_zytch_bowl.gif,87,item
30 Proof Kacheek Sun Screen,https://grundoscafe.b-cdn.net/items/gro_kacheek_sunscreen.gif,88,item
Acara Day Burger,https://grundoscafe.b-cdn.net/items/foo_acara_burger.gif,88,item
Acara Day Pancakes,https://grundoscafe.b-cdn.net/items/foo_acara_pancakes.gif,88,item
Acara Nightmare,https://grundoscafe.b-cdn.net/items/boo_acara_nightmare.gif,88,item
Advanced Thermodynamics,https://grundoscafe.b-cdn.net/items/boo_lenny_thermodynamics.gif,88,item
Adventures In Space,https://grundoscafe.b-cdn.net/items/boo_advent.gif,88,item
A Gnorbu Novel,https://grundoscafe.b-cdn.net/items/boo_novel_gnorbu.gif,88,item
Alien Aisha Myriad Stamp,https://grundoscafe.b-cdn.net/items/sta_myriad.gif,88,item
An Ogrins Wild Life,https://grundoscafe.b-cdn.net/items/boo_ogrin_wildlife.gif,88,item
Apple Gummy Lutari,https://grundoscafe.b-cdn.net/items/can_applegum_lutari.gif,88,item
Apple Jelly Flotsam,https://grundoscafe.b-cdn.net/items/can_jelflot_green.gif,88,item
Arkmite,https://grundoscafe.b-cdn.net/items/arkmite_green.gif,88,item
A Tail Of Two Krawks,https://grundoscafe.b-cdn.net/items/boo_krawk_tail.gif,88,item
Avocado Gummy Korbat Tail,https://grundoscafe.b-cdn.net/items/foo_korbat_green.gif,88,item
Baby Chomby Plushie,https://grundoscafe.b-cdn.net/items/plu_chomby_baby.gif,88,item
Baby Drum,https://grundoscafe.b-cdn.net/items/inst_baby_drum.gif,88,item
Baby Gelert Pop-Up Book,https://grundoscafe.b-cdn.net/items/boo_gelert_baby.gif,88,item
Baby Kacheeks,https://grundoscafe.b-cdn.net/items/boo_kacheek_baby.gif,88,item
Balancing Moehog Gnome,https://grundoscafe.b-cdn.net/items/gar_moehog_gnome.gif,88,item
Banana Bori Cupcake,https://grundoscafe.b-cdn.net/items/bak_bori_yellowcup.gif,88,item
Banana Sundae,https://grundoscafe.b-cdn.net/items/food_bansundae.gif,88,item
Banana Yogurt Hot Dog,https://grundoscafe.b-cdn.net/items/hotdog_1.gif,88,item
Baraga,https://grundoscafe.b-cdn.net/items/hall_petpet_bear.gif,88,item
Bass Guitar,https://grundoscafe.b-cdn.net/items/mus_bass.gif,88,item
Beekadoodle Plushie,https://grundoscafe.b-cdn.net/items/toy_beek_plushie.gif,88,item
Berry Sloth Ice Cream,https://grundoscafe.b-cdn.net/items/spf_sloth_icecream.gif,88,item
Berti the Creator,https://grundoscafe.b-cdn.net/items/blacktradingcardback.gif,88,item
Biyako,https://grundoscafe.b-cdn.net/items/shpp_biyako_white.gif,88,item
Black Currant Kacheek Drops,https://grundoscafe.b-cdn.net/items/foo_kacheekdrops_purple.gif,88,item
Black Currant Shoyru Sweet,https://grundoscafe.b-cdn.net/items/can_shoyrusweet_purple.gif,88,item
Black Meowclops Pencil Tin,https://grundoscafe.b-cdn.net/items/sch_pcase_meowclops.gif,88,item
Blueberry Aisha Lollypop,https://grundoscafe.b-cdn.net/items/can_aisha_blue.gif,88,item
Blueberry Bori Cupcake,https://grundoscafe.b-cdn.net/items/bak_bori_bluecup.gif,88,item
Blueberry Buzz Gateau,https://grundoscafe.b-cdn.net/items/foo_buzz_cake_blueberry.gif,88,item
Blueberry Pteripop,https://grundoscafe.b-cdn.net/items/can_pteri_blue.gif,88,item
Blue Bruce Balloon,https://grundoscafe.b-cdn.net/items/toy_balloon_bruce.gif,88,item
Blue Bruce Yoyo,https://grundoscafe.b-cdn.net/items/toy_bruce_yoyo.gif,88,item
Blue Fan Flowers,https://grundoscafe.b-cdn.net/items/gar_bluefluffiness.gif,88,item
Blue Peophin Plushie,https://grundoscafe.b-cdn.net/items/toy_peophin_blue.gif,88,item
Blue Polarchuck Plushie,https://grundoscafe.b-cdn.net/items/plu_polarchuck_blue.gif,88,item
Blue Ruki Plushie,https://grundoscafe.b-cdn.net/items/plushie_ruki_blue.gif,88,item
Blue Ruki Spear,https://grundoscafe.b-cdn.net/items/bd_ruki_spear_blue.gif,88,item
Blumaroo Sock Puppet,https://grundoscafe.b-cdn.net/items/toy_blumaroo_puppet.gif,88,item
Blurf Gelert Cake,https://grundoscafe.b-cdn.net/items/foo_gelert_cake_blurf.gif,88,item
Boarded Up Window,https://grundoscafe.b-cdn.net/items/fur_spookywindow4.gif,88,item
Bogie Berry,https://grundoscafe.b-cdn.net/items/food_hal_boogieberry.gif,88,item
Borovan Pavlova,https://grundoscafe.b-cdn.net/items/food_borbundt.gif,88,item
Bouncing Blumaroos,https://grundoscafe.b-cdn.net/items/boo_blumaroobounce.gif,88,item
Boween,https://grundoscafe.b-cdn.net/items/petpet_boween_blue.gif,88,item
Brightvale Architecture,https://grundoscafe.b-cdn.net/items/bvb_brightvale_architecture.gif,88,item
Brightvale Dungeon Security,https://grundoscafe.b-cdn.net/items/bvb_bvdungeonsecurity.gif,88,item
Bruce Maracas,https://grundoscafe.b-cdn.net/items/inst_bruce_maracas.gif,88,item
Bubblisaur,https://grundoscafe.b-cdn.net/items/isl_petpet18.gif,88,item
Butterlicious Muffin,https://grundoscafe.b-cdn.net/items/food_butterball.gif,88,item
Buzz Avenger,https://grundoscafe.b-cdn.net/items/blacktradingcardback.gif,88,item
Buzz How To Fly,https://grundoscafe.b-cdn.net/items/book_buzz_howtofly.gif,88,item
Buzzler,https://grundoscafe.b-cdn.net/items/petpet_robo_buzzly.gif,88,item
Cabbage Taco,https://grundoscafe.b-cdn.net/items/food_cabbage_taco.gif,88,item
Candy Cane Stained Glass Window,https://grundoscafe.b-cdn.net/items/bvg_candycane.gif,88,item
Cave Rock,https://grundoscafe.b-cdn.net/items/gar_rock1.gif,88,item
Celestial Talisman Stamp,https://grundoscafe.b-cdn.net/items/sta_nq2_talisman.gif,88,item
Cellblock Home Version,https://grundoscafe.b-cdn.net/items/dto_cellblock_homeversion.gif,88,item
Chasm Beast Stamp,https://grundoscafe.b-cdn.net/items/stamp_chasmbeast.gif,88,item
Cheeky Yellow Poogle Gnome,https://grundoscafe.b-cdn.net/items/gar_grossgnome2.gif,88,item
Cheese and Onion Korbat Sandwich,https://grundoscafe.b-cdn.net/items/bak_korbat_sandwich2.gif,88,item
Cheese Stuffed Mushrooms,https://grundoscafe.b-cdn.net/items/foo_mushroom_stuffed.gif,88,item
Chia Book,https://grundoscafe.b-cdn.net/items/book_chiabook.gif,88,item
Chilla,https://grundoscafe.b-cdn.net/items/petpet_chilla_black.gif,88,item
Chocolate Covered Marshmallow Zafara,https://grundoscafe.b-cdn.net/items/can_chococovered_mallow.gif,88,item
Chocolate Deluxe Flotsam Day Shake,https://grundoscafe.b-cdn.net/items/foo_flotsam_chocshake.gif,88,item
Chocolate Dipped Ruki Lolly,https://grundoscafe.b-cdn.net/items/foo_ruki_icelolly.gif,88,item
Chocolate Elephante Sundae,https://grundoscafe.b-cdn.net/items/foo_elecream_chocolate.gif,88,item
Chocolate Peanut Butter Bagel,https://grundoscafe.b-cdn.net/items/foo_bagel_chocolate.gif,88,item
Chocolate Scorchio Cookie,https://grundoscafe.b-cdn.net/items/foo_scorchcookie_choc.gif,88,item
Chocolate Scorchio Meringue,https://grundoscafe.b-cdn.net/items/foo_scorchmeringue2.gif,88,item
Chocolate Xweetok Ice Cream Sandwich,https://grundoscafe.b-cdn.net/items/foo_xweetok_icecream_sandwich.gif,88,item
Chokato Eyrie Cake,https://grundoscafe.b-cdn.net/items/foo_eyriecake_blue.gif,88,item
Chokato Hissi Cake,https://grundoscafe.b-cdn.net/items/bak_hissi_chokato.gif,88,item
Chokato JubJub Mini Burger,https://grundoscafe.b-cdn.net/items/foo_jubjub_burger4.gif,88,item
Chokato Moehog Cupcake,https://grundoscafe.b-cdn.net/items/foo_moehog_blue.gif,88,item
Chomby Rock Cake,https://grundoscafe.b-cdn.net/items/food_chomby_rockcake.gif,88,item
Chomby Tail Burger,https://grundoscafe.b-cdn.net/items/chomby_burger.gif,88,item
Christmas Grundo Plushie,https://grundoscafe.b-cdn.net/items/plu_grundo_christmas.gif,88,item
Claw Necklace,https://grundoscafe.b-cdn.net/items/tac_clawnecklace.gif,88,item
Cliffhanger Stamp,https://grundoscafe.b-cdn.net/items/sta_cliffhanger.gif,88,item
Cloud Gelert Pencil,https://grundoscafe.b-cdn.net/items/sch_gelert_pencil.gif,88,item
Clowning Around,https://grundoscafe.b-cdn.net/items/book_chia_clowning.gif,88,item
Coconut and Gooseberry Achyfi,https://grundoscafe.b-cdn.net/items/foo_achyfi_coconut.gif,88,item
Cup of Wocky Day Soup,https://grundoscafe.b-cdn.net/items/foo_wocky_cup.gif,88,item
Curious Blumaroo Gnome,https://grundoscafe.b-cdn.net/items/fu_blu_butter.gif,88,item
Curious Blumaroo Gnome Plushie,https://grundoscafe.b-cdn.net/items/toy_gnome_curiousblu.gif,88,item
Cyodrake Scratching Post,https://grundoscafe.b-cdn.net/items/pps_cyodrake_post.gif,88,item
Darigan Bruce Balloon,https://grundoscafe.b-cdn.net/items/dto_balloon_bruce.gif,88,item
Darigan Grarrl Action Figure,https://grundoscafe.b-cdn.net/items/dto_dargrarrl_figure.gif,88,item
Darigan Kougra Collectable Figurine,https://grundoscafe.b-cdn.net/items/dto_kougra_figure.gif,88,item
Darigan Tuskaninny Treat Bag,https://grundoscafe.b-cdn.net/items/dto_tuskaninny_treatbag.gif,88,item
Darigan War Machine Toy,https://grundoscafe.b-cdn.net/items/dto_warmachine.gif,88,item
Darigan Zafara Collectable Figurine,https://grundoscafe.b-cdn.net/items/dto_darigan_zafara_figure.gif,88,item
Dark Chocolate Lenny,https://grundoscafe.b-cdn.net/items/darkchoc_lenny.gif,88,item
Dark Faerie Hair Clip,https://grundoscafe.b-cdn.net/items/gro_clip_darkfae.gif,88,item
Dark Nova Sponge Cake,https://grundoscafe.b-cdn.net/items/spc_dknovaspongecake.gif,88,item
Deep Seashell,https://grundoscafe.b-cdn.net/items/she_glow_bright.gif,88,item
Destruct-O-match Window,https://grundoscafe.b-cdn.net/items/bvg_stain_destructo.gif,88,item
Disco Kau,https://grundoscafe.b-cdn.net/items/kau_book_disco.gif,88,item
Disco Scratching Post,https://grundoscafe.b-cdn.net/items/pps_disco_post.gif,88,item
Donksaur,https://grundoscafe.b-cdn.net/items/pet_donksaur.gif,88,item
Drabby Rose,https://grundoscafe.b-cdn.net/items/gar_flower_grey2.gif,88,item
Drum Kit,https://grundoscafe.b-cdn.net/items/toy_drumkit.gif,88,item
Egg Bomb,https://grundoscafe.b-cdn.net/items/bd_tyr_egg_bomb.gif,88,item
Elderberry Achyfi,https://grundoscafe.b-cdn.net/items/food_achyfi5.gif,88,item
Embroidery Made Easy,https://grundoscafe.b-cdn.net/items/bvb_embroidery_easy.gif,88,item
Encyclopedia of Scholars,https://grundoscafe.b-cdn.net/items/bvb_encyclopedia_scholars.gif,88,item
Enraged Maraquan Mob Korbat Plushie,https://grundoscafe.b-cdn.net/items/toy_maraquan_plushie4.gif,88,item
Extra Gooey Korbat Cake,https://grundoscafe.b-cdn.net/items/food_korbat_wingcake.gif,88,item
Eye of Mortog Soup,https://grundoscafe.b-cdn.net/items/coff_eyeball_tea.gif,88,item
Faerie Tales: Cloud Nine,https://grundoscafe.b-cdn.net/items/boo_faerie_cloudnine.gif,88,item
Faerie Wings Shell,https://grundoscafe.b-cdn.net/items/she_faeriewings.gif,88,item
Famous Flotsams,https://grundoscafe.b-cdn.net/items/boo_flotsam_famous.gif,88,item
Favourite Elephante Recipes,https://grundoscafe.b-cdn.net/items/boo_ele_recipes.gif,88,item
Feather-shaped Cake,https://grundoscafe.b-cdn.net/items/bak_feather_cake.gif,88,item
Fiery Battle Carrot,https://grundoscafe.b-cdn.net/items/bd_fierybattlecarrot.gif,88,item
Fire and Ice Slushie,https://grundoscafe.b-cdn.net/items/slush_fire_ice.gif,88,item
Fire Mote Stained Glass Window,https://grundoscafe.b-cdn.net/items/bvg_firemote.gif,88,item
Fizzy Faerie Jelly,https://grundoscafe.b-cdn.net/items/food_faerie_jello.gif,88,item
Flaming Hot Pizza,https://grundoscafe.b-cdn.net/items/food_fire_pizza.gif,88,item
Florta,https://grundoscafe.b-cdn.net/items/pet_pir_fish.gif,88,item
Fluttering Faerie My Pretty Uni,https://grundoscafe.b-cdn.net/items/mpu_faerie.gif,88,item
Flying Korbats Stamp,https://grundoscafe.b-cdn.net/items/stamp_tyr_korbat.gif,88,item
Food Store Stained Glass Window,https://grundoscafe.b-cdn.net/items/bvg_stain_burger.gif,88,item
Forest Sling,https://grundoscafe.b-cdn.net/items/battle_hoodsling.gif,88,item
Frozen Snowflake Coin,https://grundoscafe.b-cdn.net/items/coi_icy.gif,88,item
Fruity Usul Cake,https://grundoscafe.b-cdn.net/items/food_usul_cake.gif,88,item
Fruity Wocky Log,https://grundoscafe.b-cdn.net/items/foo_wocky_roll.gif,88,item
Fuzzy,https://grundoscafe.b-cdn.net/items/space_petpet_9.gif,88,item
Gadgadsbogen Festival,https://grundoscafe.b-cdn.net/items/blacktradingcardback.gif,88,item
Geb Stained Glass Window,https://grundoscafe.b-cdn.net/items/bvg_stain_geb.gif,88,item
Gelert Anatomy,https://grundoscafe.b-cdn.net/items/boo_gelert_anatomy.gif,88,item
Ghost Hissi Plushie,https://grundoscafe.b-cdn.net/items/toy_hissi_ghost.gif,88,item
Giant Tomato Kebab,https://grundoscafe.b-cdn.net/items/med_dag_toe.gif,88,item
Gingerbread Seasons Greetings Card,https://grundoscafe.b-cdn.net/items/gif_gingerbreadman_card.gif,88,item
Glowing Brain Tree Stamp,https://grundoscafe.b-cdn.net/items/stamp_hal_tree.gif,88,item
Gnorbu Burger,https://grundoscafe.b-cdn.net/items/foo_gno_burger.gif,88,item
Gobbler,https://grundoscafe.b-cdn.net/items/gobbler.gif,88,item
Gooey Strawberry Grarrl,https://grundoscafe.b-cdn.net/items/food_grarrl_melt3.gif,88,item
Gooseberry Gummy Scorchio,https://grundoscafe.b-cdn.net/items/can_scorchgummy1.gif,88,item
Gooseberry Poogle Cake,https://grundoscafe.b-cdn.net/items/poogle_cake_gooseberry.gif,88,item
Grandfather Koi,https://grundoscafe.b-cdn.net/items/boo_koi_grandfather.gif,88,item
Green Cobrall Toothbrush,https://grundoscafe.b-cdn.net/items/gro_cobrall_toothbrush.gif,88,item
Green Petpet Sleeping Bag,https://grundoscafe.b-cdn.net/items/fur_petpet_sleepingbag.gif,88,item
Green Pteri Keyring,https://grundoscafe.b-cdn.net/items/keychain_greenpteri.gif,88,item
Green Sofa,https://grundoscafe.b-cdn.net/items/green_sofa.gif,88,item
Grey Koi Plushie,https://grundoscafe.b-cdn.net/items/plu_koi_grey.gif,88,item
Guardian of Spectral Magic,https://grundoscafe.b-cdn.net/items/blacktradingcardback.gif,88,item
Halloween Ixi Plushie,https://grundoscafe.b-cdn.net/items/toy_ixihallo.gif,88,item
Halloween Uni Plushie,https://grundoscafe.b-cdn.net/items/plu_uni_halloween.gif,88,item
Happy Poogle Fishing Gnome,https://grundoscafe.b-cdn.net/items/gar_poogle_fishing.gif,88,item
Healing Potion XI,https://grundoscafe.b-cdn.net/items/potion33.gif,88,item
Heated Rock,https://grundoscafe.b-cdn.net/items/pps_heatedrock.gif,88,item
Honour in Conduct,https://grundoscafe.b-cdn.net/items/bvb_honour_in_conduct.gif,88,item
Hubrid Noxs Mountain Fortress Stamp,https://grundoscafe.b-cdn.net/items/sta_nq2_hubrid_fortress.gif,88,item
Iced Blackberry Tea,https://grundoscafe.b-cdn.net/items/coff_blackberry_iced_tea.gif,88,item
Iced Borovan Cake,https://grundoscafe.b-cdn.net/items/food_borcirclelayer.gif,88,item
Iced Chomby Fruit Cake,https://grundoscafe.b-cdn.net/items/chomby_fruitcake.gif,88,item
Iced Cybunny Cookie,https://grundoscafe.b-cdn.net/items/foo_easter_cybunny.gif,88,item
Iced Vanilla Kougra Cake,https://grundoscafe.b-cdn.net/items/food_kougra_vancake.gif,88,item
Ice Harp,https://grundoscafe.b-cdn.net/items/ice_harp.gif,88,item
Illusen Day Drink,https://grundoscafe.b-cdn.net/items/foo_illusen_drink.gif,88,item
I Love Captain Scarblade Tankard,https://grundoscafe.b-cdn.net/items/gif_scarblade_mug.gif,88,item
Imperius Flare,https://grundoscafe.b-cdn.net/items/blacktradingcardback.gif,88,item
Jazzmosis Kyrii Plushie,https://grundoscafe.b-cdn.net/items/toy_plush_jazz4.gif,88,item
Jetsam Fishing Game,https://grundoscafe.b-cdn.net/items/toy_jetsam_fishgame.gif,88,item
Jetsam Warrior,https://grundoscafe.b-cdn.net/items/book_jetsam_warrior.gif,88,item
Jewelled Scarab Stamp,https://grundoscafe.b-cdn.net/items/stamp_jeweledscarab.gif,88,item
Jiggly Jelly My Pretty Uni,https://grundoscafe.b-cdn.net/items/mpu_jiggly_jelly.gif,88,item
JubJub Jokes,https://grundoscafe.b-cdn.net/items/book_jubjub_jokes.gif,88,item
JubJub Meringue,https://grundoscafe.b-cdn.net/items/food_jubjub_meringue.gif,88,item
Judge Hog,https://grundoscafe.b-cdn.net/items/blacktradingcardback.gif,88,item
Juppie Swirl Chia Pop,https://grundoscafe.b-cdn.net/items/snow_blueswirlchiapop.gif,88,item
Kelp,https://grundoscafe.b-cdn.net/items/waterfood_kelp.gif,88,item
Koi Sandwich,https://grundoscafe.b-cdn.net/items/bak_koi_sandwich.gif,88,item
Kollie Flower,https://grundoscafe.b-cdn.net/items/ga_kolleeflower.gif,88,item
Kookith Petpet Bed,https://grundoscafe.b-cdn.net/items/pps_kookith_bed.gif,88,item
Large Neopian Berries Smoothie,https://grundoscafe.b-cdn.net/items/smo_large_neopianberries.gif,88,item
Laws of the Land,https://grundoscafe.b-cdn.net/items/book_lawofland.gif,88,item
Lemon Aisha Lollypop,https://grundoscafe.b-cdn.net/items/can_aisha_yellow.gif,88,item
Lemon Draik Lollypop,https://grundoscafe.b-cdn.net/items/can_draikpop_1.gif,88,item
Lemon Koi Pop,https://grundoscafe.b-cdn.net/items/can_koi_poplemon.gif,88,item
Lemon Skeith Iced Bun,https://grundoscafe.b-cdn.net/items/skeith_cake_yellow.gif,88,item
Lemon Zafara Shaved Ice,https://grundoscafe.b-cdn.net/items/lemon_zaf_shavedice.gif,88,item
Lenny Veggie Burger,https://grundoscafe.b-cdn.net/items/foo_lenny_tofuburger04.gif,88,item
Lightning Fern,https://grundoscafe.b-cdn.net/items/ga_lightningfern.gif,88,item
Lightning Lenny,https://grundoscafe.b-cdn.net/items/blacktradingcardback.gif,88,item
Lime and Orange Sherbert Package,https://grundoscafe.b-cdn.net/items/spc_limeorange_sherbet.gif,88,item
Lime Kacheek Drops,https://grundoscafe.b-cdn.net/items/foo_kacheekdrops_green.gif,88,item
Lime Moehog Cupcake,https://grundoscafe.b-cdn.net/items/foo_moehog_green.gif,88,item
Lime Quiggle Pop,https://grundoscafe.b-cdn.net/items/can_quiggle_pop4.gif,88,item
Lord Kass Yoyo,https://grundoscafe.b-cdn.net/items/dto_lordkass_yoyo.gif,88,item
"Love, Laughs, Xweetoks",https://grundoscafe.b-cdn.net/items/boo_lovelaughsxweetok.gif,88,item
Love to Learn!,https://grundoscafe.b-cdn.net/items/bvb_lovetolearn.gif,88,item
Lucky Stars,https://grundoscafe.b-cdn.net/items/book_luckystars.gif,88,item
Maraquan JubJub Adventures,https://grundoscafe.b-cdn.net/items/boo_jubjub_inmaraquan.gif,88,item
Maraquan Kau Cake,https://grundoscafe.b-cdn.net/items/bak_maraquankau_cake.gif,88,item
Mastyxi,https://grundoscafe.b-cdn.net/items/mastyxi_yellow.gif,88,item
Mecha Icy Cone,https://grundoscafe.b-cdn.net/items/food_wafflecone2.gif,88,item
Meowclops Plushie,https://grundoscafe.b-cdn.net/items/toy_meowclops_plushie.gif,88,item
Mint Chocolate Draik Cake,https://grundoscafe.b-cdn.net/items/draik_cake_green.gif,88,item
Mint Chocolate Nimmo,https://grundoscafe.b-cdn.net/items/can_nimmo_mintchoc.gif,88,item
Minty Flotsam Day Shake,https://grundoscafe.b-cdn.net/items/foo_flotsam_mintshake.gif,88,item
Moehog News,https://grundoscafe.b-cdn.net/items/book_moehog_news.gif,88,item
Mokti and Rikti Stamp,https://grundoscafe.b-cdn.net/items/stamp_mokti_rikti.gif,88,item
Musical Lupe Gnome,https://grundoscafe.b-cdn.net/items/gar_lupe_gnome2.gif,88,item
Mutant Lenny Plushie,https://grundoscafe.b-cdn.net/items/toy_mutantlenny.gif,88,item
Mutant Ruki Plushie,https://grundoscafe.b-cdn.net/items/plu_ruki_mutant.gif,88,item
Mutations in Kacheeks,https://grundoscafe.b-cdn.net/items/book_kacheekmutation.gif,88,item
Mynci Vegetable Soup,https://grundoscafe.b-cdn.net/items/foo_mynci_soup04.gif,88,item
My Neohome,https://grundoscafe.b-cdn.net/items/book_scor_home.gif,88,item
Mythical Kyriis,https://grundoscafe.b-cdn.net/items/book_kyrii_myth.gif,88,item
Neck Brace,https://grundoscafe.b-cdn.net/items/neck_brace.gif,88,item
New Maraqua Stamp,https://grundoscafe.b-cdn.net/items/sta_mar_newmaraqua.gif,88,item
Nimmo Athlete Statue,https://grundoscafe.b-cdn.net/items/ga_statue_nimmo.gif,88,item
Nova Storm Stamp,https://grundoscafe.b-cdn.net/items/sta_bfm_nova.gif,88,item
Official Usuki Clock,https://grundoscafe.b-cdn.net/items/usuki_clock.gif,88,item
Ogrin Mountain Climber,https://grundoscafe.b-cdn.net/items/boo_ogrin_mtnclimber.gif,88,item
Orange Chocolate Hollow Kacheek,https://grundoscafe.b-cdn.net/items/can_kacheek_hollow1.gif,88,item
Orange Chocolate Nimmo,https://grundoscafe.b-cdn.net/items/orangechoc_nimmo.gif,88,item
Orange Drink Powder,https://grundoscafe.b-cdn.net/items/foo_space_powderdrink.gif,88,item
Orange Gummy Korbat Tail,https://grundoscafe.b-cdn.net/items/foo_korbat_yellow.gif,88,item
Orange Ixi Cake,https://grundoscafe.b-cdn.net/items/food_ixi_cake.gif,88,item
Orange Ixi Toothpaste,https://grundoscafe.b-cdn.net/items/gro_ixi_toothpaste.gif,88,item
Orange Poogle Pop,https://grundoscafe.b-cdn.net/items/can_poogle_pop1.gif,88,item
Orange Swirl Pudding,https://grundoscafe.b-cdn.net/items/food_xmaspudding3.gif,88,item
Peach Gummy Chia,https://grundoscafe.b-cdn.net/items/foo_chia_peachjelly.gif,88,item
Peo Conditioner,https://grundoscafe.b-cdn.net/items/gro_peoconditioner.gif,88,item
Peophin Mane Clip,https://grundoscafe.b-cdn.net/items/gro_clip_peophin.gif,88,item
Peophin Pie,https://grundoscafe.b-cdn.net/items/bak_peophin_pie.gif,88,item
Petpet Ball,https://grundoscafe.b-cdn.net/items/pps_hamster_ball.gif,88,item
Plushie Blumaroo Plushie,https://grundoscafe.b-cdn.net/items/toy_blumaroo_plushie.gif,88,item
Plushie Mynci Plushie,https://grundoscafe.b-cdn.net/items/plu_mynci_plushie.gif,88,item
Polarchuck Snowglobe,https://grundoscafe.b-cdn.net/items/polarchuck_snowglobe.gif,88,item
Potato Counter Usuki,https://grundoscafe.b-cdn.net/items/usuki_med_farm_new.gif,88,item
Preserving Berries,https://grundoscafe.b-cdn.net/items/bvb_bightvalepreserve.gif,88,item
Pteri Blocks,https://grundoscafe.b-cdn.net/items/toy_pteri_blocks.gif,88,item
Pteri House,https://grundoscafe.b-cdn.net/items/gar_pteri_birdhouse.gif,88,item
Pteri Ruler,https://grundoscafe.b-cdn.net/items/sch_pteri_ruler.gif,88,item
Pteri Sundae,https://grundoscafe.b-cdn.net/items/food_pterisundae.gif,88,item
Pumpkin Pot Pie,https://grundoscafe.b-cdn.net/items/food_hal_pumpkinpotpie.gif,88,item
Purple Ixi Acorn,https://grundoscafe.b-cdn.net/items/foo_ixi_acorn3.gif,88,item
Purple Xweetok Hand Puppet,https://grundoscafe.b-cdn.net/items/toy_xweetok_handpuppet.gif,88,item
Puzzle Treat Ball,https://grundoscafe.b-cdn.net/items/pps_puzzletreat_ball.gif,88,item
Quiggle Classics,https://grundoscafe.b-cdn.net/items/boo_quiggle_classics.gif,88,item
Radioactive Snow,https://grundoscafe.b-cdn.net/items/bd_ice5.gif,88,item
Rahketmelon Slushie,https://grundoscafe.b-cdn.net/items/slu_rahketmelon.gif,88,item
Rainblug Plushie,https://grundoscafe.b-cdn.net/items/plu_rainblug.gif,88,item
Rainbow Coloured Shell,https://grundoscafe.b-cdn.net/items/she_candycane.gif,88,item
Rainbow Lutari Plushie,https://grundoscafe.b-cdn.net/items/plu_rainbow_lutari.gif,88,item
Rainbow Petpet Food,https://grundoscafe.b-cdn.net/items/pps_food_rainbow.gif,88,item
Raspberry Gelert Cake,https://grundoscafe.b-cdn.net/items/foo_gelert_cake_raspberry.gif,88,item
Red Ixi Toothbrush,https://grundoscafe.b-cdn.net/items/gro_ixi_toothbrush.gif,88,item
Red Ruki Plushie,https://grundoscafe.b-cdn.net/items/plushie_ruki_red.gif,88,item
Red Sticky Hand,https://grundoscafe.b-cdn.net/items/bd_redstickyhand.gif,88,item
Red Techo Pen,https://grundoscafe.b-cdn.net/items/sch_techo_pen.gif,88,item
Refreshing Peophin Burger,https://grundoscafe.b-cdn.net/items/foo_peophin_burger4.gif,88,item
Regular Sand Smoothie,https://grundoscafe.b-cdn.net/items/smo_sand_regular.gif,88,item
Robot Gelert Plushie,https://grundoscafe.b-cdn.net/items/plu_gelert_robot.gif,88,item
Robot Hissi Plushie,https://grundoscafe.b-cdn.net/items/plu_hissi_robot.gif,88,item
Rotawheel,https://grundoscafe.b-cdn.net/items/petpet_robo_wheel.gif,88,item
Ruby Heart Pendant,https://grundoscafe.b-cdn.net/items/gif_val_ruby_heart.gif,88,item
Ruki Lime Cake,https://grundoscafe.b-cdn.net/items/bak_ruki_cupcake.gif,88,item
Ruki Recipes,https://grundoscafe.b-cdn.net/items/book_rukirecipes.gif,88,item
Rustic Wooden Shield,https://grundoscafe.b-cdn.net/items/bd_woodshield_shenwar.gif,88,item
Scarabug Feeding Bowl,https://grundoscafe.b-cdn.net/items/fur_scarabug_bowl.gif,88,item
Scorchio Summer,https://grundoscafe.b-cdn.net/items/book_scor_sum.gif,88,item
Scorchio Water Carrier Statue,https://grundoscafe.b-cdn.net/items/ga_statue_scorchio.gif,88,item
Scouting For Korbats,https://grundoscafe.b-cdn.net/items/book_korbat_scouting.gif,88,item
Screwtop,https://grundoscafe.b-cdn.net/items/robo_6.gif,88,item
Scurvy Island Stamp,https://grundoscafe.b-cdn.net/items/sta_mar_scurvyisland.gif,88,item
Shadow Grarrl Plushie,https://grundoscafe.b-cdn.net/items/toy_grarrl_shadow.gif,88,item
Shadow Lupe Plushie,https://grundoscafe.b-cdn.net/items/toy_lupe_shadow.gif,88,item
Shadow Techo Plushie,https://grundoscafe.b-cdn.net/items/plu_techo_shadow.gif,88,item
Silver Valentines Ring,https://grundoscafe.b-cdn.net/items/vday_ring1.gif,88,item
Skelly,https://grundoscafe.b-cdn.net/items/petpet_spooky_fishbones.gif,88,item
Slightly Less Evil Youngest Drenched Sister Plushie,https://grundoscafe.b-cdn.net/items/toy_drenched_3.gif,88,item
Slogmok,https://grundoscafe.b-cdn.net/items/gpp_sloth.gif,88,item
Slorg Habitat,https://grundoscafe.b-cdn.net/items/pps_slorg_habitat.gif,88,item
Snowager In A Box,https://grundoscafe.b-cdn.net/items/toy_snowager_springy.gif,88,item
Snowberry Krawkade,https://grundoscafe.b-cdn.net/items/smo_krawkade_snowberry.gif,88,item
Snowberry Poogle Cake,https://grundoscafe.b-cdn.net/items/poogle_cake_snowberry.gif,88,item
Snow Usul Plushie,https://grundoscafe.b-cdn.net/items/toy_usul_snow.gif,88,item
Snowy Stunner Usuki,https://grundoscafe.b-cdn.net/items/usuki_winter_blue.gif,88,item
Snuffly Blanket,https://grundoscafe.b-cdn.net/items/pps_snuffly_blanket.gif,88,item
Space Fungus Plushie,https://grundoscafe.b-cdn.net/items/toy_spacefungus_plushie.gif,88,item
Spardel Plushie,https://grundoscafe.b-cdn.net/items/toy_spardel_plushie.gif,88,item
Spiked Dariberry Tea,https://grundoscafe.b-cdn.net/items/coff_spiked_dariberry_tea.gif,88,item
Spiky Kiko Ball,https://grundoscafe.b-cdn.net/items/dto_kiko_ball.gif,88,item
Spiky Orange Murex Shell,https://grundoscafe.b-cdn.net/items/she_orange_murex.gif,88,item
Sporkle Syrup,https://grundoscafe.b-cdn.net/items/med_sporklesyrup.gif,88,item
Spotted Gelert Sundae,https://grundoscafe.b-cdn.net/items/foo_gelert_spoticecream.gif,88,item
Spotted Hot Dog,https://grundoscafe.b-cdn.net/items/food_spottedhotdog.gif,88,item
Spotted Kau Sandwich,https://grundoscafe.b-cdn.net/items/bak_spotkau_sandwich.gif,88,item
Spotty Cheese Wedge,https://grundoscafe.b-cdn.net/items/food_cheese_spotted.gif,88,item
Springabee Orchid,https://grundoscafe.b-cdn.net/items/gar_orchid_springabee.gif,88,item
Springy Darigan Buzz Toy,https://grundoscafe.b-cdn.net/items/dto_darbuzz_springy.gif,88,item
Stained Glass Galem Window,https://grundoscafe.b-cdn.net/items/bvg_stain_galem.gif,88,item
Stained Glass Star of Paradise Flower Window,https://grundoscafe.b-cdn.net/items/bvg_starparadise.gif,88,item
Star Ice Skating Rink,https://grundoscafe.b-cdn.net/items/fur_skate_star.gif,88,item
Starry Hissi Plushie,https://grundoscafe.b-cdn.net/items/toy_hissi_starry.gif,88,item
Starry Lupe Plushie,https://grundoscafe.b-cdn.net/items/toy_starrylupe.gif,88,item
Starry Tuskaninny Plushie,https://grundoscafe.b-cdn.net/items/toy_tusk_starry.gif,88,item
Stone Boomerang,https://grundoscafe.b-cdn.net/items/bd_tyr_stone_boomerang.gif,88,item
Strawberry and Chocolate Yurble Cupcake,https://grundoscafe.b-cdn.net/items/foo_yurble2.gif,88,item
Strawberry Draik Cake,https://grundoscafe.b-cdn.net/items/food_draik_bday.gif,88,item
Strawberry Eyrie Cake,https://grundoscafe.b-cdn.net/items/foo_eyriecake_red.gif,88,item
Strawberry Grarrl Pop,https://grundoscafe.b-cdn.net/items/foo_grarrl_poppink.gif,88,item
Strawberry Moehog Cupcake,https://grundoscafe.b-cdn.net/items/foo_moehog_pink.gif,88,item
Strawberry Nimmo Ice Lolly,https://grundoscafe.b-cdn.net/items/foo_nimmo_icelolly.gif,88,item
Strawberry Pi Pie,https://grundoscafe.b-cdn.net/items/bak_pi_strawberry.gif,88,item
Strawberry Poogle Cupcake,https://grundoscafe.b-cdn.net/items/food_poog_cup1.gif,88,item
Strawberry Scorchio Cookie,https://grundoscafe.b-cdn.net/items/foo_scorchcookie_straw.gif,88,item
Strawberry Scorchio Meringue,https://grundoscafe.b-cdn.net/items/foo_scorchmeringue1.gif,88,item
Strawberry Usul Shake,https://grundoscafe.b-cdn.net/items/foo_usulshake_straw.gif,88,item
Strawberry Werelupe Cookie,https://grundoscafe.b-cdn.net/items/foo_werelupe_strawberry.gif,88,item
Strawberry Wiggle Cake,https://grundoscafe.b-cdn.net/items/food_techo_cup1.gif,88,item
Straw Cubes,https://grundoscafe.b-cdn.net/items/food_strawcubes.gif,88,item
Strawmelon Jam Burger,https://grundoscafe.b-cdn.net/items/faerie_food_berryburger.gif,88,item
Stripy Spinning Top,https://grundoscafe.b-cdn.net/items/toy_top.gif,88,item
Studded Ixi Battle Boots,https://grundoscafe.b-cdn.net/items/bd_ixi_battleboots.gif,88,item
Sweet and Sour Negg,https://grundoscafe.b-cdn.net/items/negg_sns.gif,88,item
Sword of Skardsen Stamp,https://grundoscafe.b-cdn.net/items/sta_bd_swordofscardsen.gif,88,item
Tchea Marshmallow Grundo,https://grundoscafe.b-cdn.net/items/spf_marshgrund_tchea.gif,88,item
Techo Wand of Smiting,https://grundoscafe.b-cdn.net/items/techo_electrowand.gif,88,item
The Fire Shoyru,https://grundoscafe.b-cdn.net/items/boo_shoyru_fire.gif,88,item
The Lucky Paw,https://grundoscafe.b-cdn.net/items/boo_cybunny_luckypaw.gif,88,item
The Lupe Collector,https://grundoscafe.b-cdn.net/items/blacktradingcardback.gif,88,item
The Naughty Skeith,https://grundoscafe.b-cdn.net/items/book_skeithimp.gif,88,item
The Peophin That Couldnt Swim,https://grundoscafe.b-cdn.net/items/boo_peophin_couldntswim.gif,88,item
The Pteri Champion,https://grundoscafe.b-cdn.net/items/boo_the_pteri_champion.gif,88,item
The Uni Trilogy,https://grundoscafe.b-cdn.net/items/book_unitril.gif,88,item
Thistleberry Ice Lolly,https://grundoscafe.b-cdn.net/items/food_thistle_pop.gif,88,item
Thornberry Hissi Cake,https://grundoscafe.b-cdn.net/items/bak_hissi_thornberry.gif,88,item
Thornberry Krawk Tart,https://grundoscafe.b-cdn.net/items/bak_krawk_thornberry.gif,88,item
Thornberry Noodle Soup,https://grundoscafe.b-cdn.net/items/foo_noodle3.gif,88,item
Thornberry Shoyru Sweet,https://grundoscafe.b-cdn.net/items/can_shoyrusweet_blue.gif,88,item
Tiger Bed,https://grundoscafe.b-cdn.net/items/tiger_bed.gif,88,item
Tigerfruit Krawk Tart,https://grundoscafe.b-cdn.net/items/bak_krawk_tigerfruit.gif,88,item
Triffin Food Bowl,https://grundoscafe.b-cdn.net/items/petpet_foodbowl_3.gif,88,item
Tuceet,https://grundoscafe.b-cdn.net/items/gpp_tuco.gif,88,item
Tusk Care For Moehogs,https://grundoscafe.b-cdn.net/items/book_moehog_care.gif,88,item
Twirly Fruit Shoyru Ice Cream,https://grundoscafe.b-cdn.net/items/foo_shoyru_icecream2.gif,88,item
Tyrannian Moehog Plushie,https://grundoscafe.b-cdn.net/items/toy_tyrmoehog.gif,88,item
Tyrannian Nimmo Plushie,https://grundoscafe.b-cdn.net/items/toy_nimmo_tyrannianplush.gif,88,item
Ukali Poetry Journal,https://grundoscafe.b-cdn.net/items/boo_ukali_poetryjournal.gif,88,item
Ultra Icy Negg,https://grundoscafe.b-cdn.net/items/negg_ultra.gif,88,item
Understanding Forest Fires,https://grundoscafe.b-cdn.net/items/bvb_understnd_forestfires.gif,88,item
Uni Day Chokato Sandwich,https://grundoscafe.b-cdn.net/items/foo_uni_chokato.gif,88,item
Uniocto Bath Buddy,https://grundoscafe.b-cdn.net/items/toy_bath_octo.gif,88,item
Uni Rainbow Cake,https://grundoscafe.b-cdn.net/items/bak_uni_rainbowcakes.gif,88,item
Usuki Flower Picking Set,https://grundoscafe.b-cdn.net/items/usu_sets_picking.gif,88,item
Usukiland Stamp,https://grundoscafe.b-cdn.net/items/sta_usukiland.gif,88,item
Usuki Pink Party Set,https://grundoscafe.b-cdn.net/items/usu_fashfever_04.gif,88,item
Usuki Pretty Pearls Set,https://grundoscafe.b-cdn.net/items/usuki_pearls.gif,88,item
Usuki Sunglasses,https://grundoscafe.b-cdn.net/items/usuki_sunglasses.gif,88,item
Usuki Surfing Play Set,https://grundoscafe.b-cdn.net/items/usuki_surfer.gif,88,item
Usul Day Petit Fours Sampler,https://grundoscafe.b-cdn.net/items/bak_usul_petitfours4.gif,88,item
Valentine Rose Bouquet,https://grundoscafe.b-cdn.net/items/gif_balloon_rose_boquet.gif,88,item
Valentines Earrings,https://grundoscafe.b-cdn.net/items/gift_val_earrings.gif,88,item
Valentines Grarrl Plushie,https://grundoscafe.b-cdn.net/items/plu_valentines_grarrl.gif,88,item
Valentines Kadoatie Plushie,https://grundoscafe.b-cdn.net/items/toy_val_kadoatie.gif,88,item
Vanilla JubJub Sundae,https://grundoscafe.b-cdn.net/items/foo_jubjub_sundae2.gif,88,item
Vanilla Kyrii Ice Cream,https://grundoscafe.b-cdn.net/items/foo_kyrii_icevanilla.gif,88,item
Veespa Petpetnip Toy,https://grundoscafe.b-cdn.net/items/psu_veespa_nip.gif,88,item
Water Faerie Snowglobe,https://grundoscafe.b-cdn.net/items/toy_globe_water.gif,88,item
When the Wind Blows,https://grundoscafe.b-cdn.net/items/faeriebook_whenthewindblows.gif,88,item
White Chocolate Grarrl Teeth,https://grundoscafe.b-cdn.net/items/food_grarrl_teeth.gif,88,item
White Chocolate Hollow Cybunny,https://grundoscafe.b-cdn.net/items/cho_cybunny_hollow3.gif,88,item
White Strochal,https://grundoscafe.b-cdn.net/items/newchoc_strawwhite.gif,88,item
Wibreth,https://grundoscafe.b-cdn.net/items/wibreth_red.gif,88,item
Wind Up Chomby Toy,https://grundoscafe.b-cdn.net/items/dto_chomby_windup.gif,88,item
Wind Up Snowbunny,https://grundoscafe.b-cdn.net/items/toy_sbunny_windup.gif,88,item
Wind Up Yellow Grarrl,https://grundoscafe.b-cdn.net/items/toy_grarrl_windup.gif,88,item
Wocky Stocking,https://grundoscafe.b-cdn.net/items/gif_stocking_wocky.gif,88,item
Wocky Tails,https://grundoscafe.b-cdn.net/items/book_wockytails2003.gif,88,item
Wreathy,https://grundoscafe.b-cdn.net/items/petpet_wreathy.gif,88,item
Wreathy Ball,https://grundoscafe.b-cdn.net/items/toy_wreathy_ball.gif,88,item
Wreathy Plushie,https://grundoscafe.b-cdn.net/items/toy_wreathy_plushie.gif,88,item
Xweetok Cut N Paste Book,https://grundoscafe.b-cdn.net/items/boo_xweetok_cutnpaste.gif,88,item
Yellow Birdhouse,https://grundoscafe.b-cdn.net/items/ga_birdhouse_yellow.gif,88,item
Yellow Domed Petpet Bed,https://grundoscafe.b-cdn.net/items/pps_bed_yellowtunnel.gif,88,item
Yellow Tonu Pencil,https://grundoscafe.b-cdn.net/items/sch_tonu_pencil.gif,88,item
Yellow Tube Toy,https://grundoscafe.b-cdn.net/items/pps_deluxetree_orange.gif,88,item
Yurble Adventures,https://grundoscafe.b-cdn.net/items/boo_yurble_adventures.gif,88,item
Zesty Zafara Burrito,https://grundoscafe.b-cdn.net/items/foo_zafara_burrito.gif,88,item
Zomutt Food Bowl,https://grundoscafe.b-cdn.net/items/pps_zomutt_bowl.gif,88,item
Zomutt Scratching Post,https://grundoscafe.b-cdn.net/items/pps_zomutt_post.gif,88,item
Zytch Petpet Tunnel,https://grundoscafe.b-cdn.net/items/pps_zytch_tunnel.gif,88,item
Acara Day Spaghetti,https://grundoscafe.b-cdn.net/items/foo_acara_spaghetti.gif,89,item
Achyfi Ice,https://grundoscafe.b-cdn.net/items/foo_achyfi_ice.gif,89,item
Agender Pride Charm Bracelet,https://grundoscafe.b-cdn.net/items/agender_charm_bracelet.gif,89,item
A History Of Moehogs,https://grundoscafe.b-cdn.net/items/book_moehog_history.gif,89,item
Alien Aisha Plushie,https://grundoscafe.b-cdn.net/items/toy_plushie_alien.gif,89,item
Alien Blumaroo Plushie,https://grundoscafe.b-cdn.net/items/plu_blumarooalien.gif,89,item
Alien Lutari Plushie,https://grundoscafe.b-cdn.net/items/plu_lutari_alien.gif,89,item
A Light Faerie,https://grundoscafe.b-cdn.net/items/blacktradingcardback.gif,89,item
Amethyst Geode,https://grundoscafe.b-cdn.net/items/amethyst_geode.gif,89,item
Amulet of Life,https://grundoscafe.b-cdn.net/items/magic_amuletlife.gif,89,item
Ant Eaten Hot Dog,https://grundoscafe.b-cdn.net/items/food_anthotdog.gif,89,item
Antwerph,https://grundoscafe.b-cdn.net/items/gpp_anteater.gif,89,item
Anubis Plushie,https://grundoscafe.b-cdn.net/items/toy_anubisplushie.gif,89,item
Apple Krawk Cake,https://grundoscafe.b-cdn.net/items/apple_krawk_cake.gif,89,item
Asexual Pride Charm Bracelet,https://grundoscafe.b-cdn.net/items/asexual_charm_bracelet.gif,89,item
Assorted Jelly Beans,https://grundoscafe.b-cdn.net/items/food_jellybeans12.gif,89,item
Baby Blumaroos,https://grundoscafe.b-cdn.net/items/book_blumaroo_baby.gif,89,item
Baby Lupe Plushie,https://grundoscafe.b-cdn.net/items/toy_babylupe.gif,89,item
Baby Mynci Book,https://grundoscafe.b-cdn.net/items/boo_mynci_baby.gif,89,item
Baby Quiggle Plushie,https://grundoscafe.b-cdn.net/items/toy_quiggle_baby.gif,89,item
Baked Juppie,https://grundoscafe.b-cdn.net/items/food_baked_jup.gif,89,item
Banana Meerca Mini Cake,https://grundoscafe.b-cdn.net/items/foo_meerca_minicake3.gif,89,item
Basic Fringed Collectable Scarab,https://grundoscafe.b-cdn.net/items/coi_scarab_4.gif,89,item
Battle Eyrie Action Figure,https://grundoscafe.b-cdn.net/items/toy_battleeyrie_action.gif,89,item
Best Friend Card,https://grundoscafe.b-cdn.net/items/gif_bestfriend_card.gif,89,item
Bigender Pride Charm Bracelet,https://grundoscafe.b-cdn.net/items/bigender_charm_bracelet.gif,89,item
Birthday Shoyru Plushie,https://grundoscafe.b-cdn.net/items/plu_bdayshoyru.gif,89,item
Biscuit Yurble Plushie,https://grundoscafe.b-cdn.net/items/toy_yurble_biscuit.gif,89,item
Bisexual Pride Charm Bracelet,https://grundoscafe.b-cdn.net/items/bisexual_charm_bracelet.gif,89,item
Blackberry Elephante Sundae,https://grundoscafe.b-cdn.net/items/foo_elecream_blackberry.gif,89,item
Black Currant Quiggle Pop,https://grundoscafe.b-cdn.net/items/can_quiggle_pop1.gif,89,item
Black Meowclops Backpack,https://grundoscafe.b-cdn.net/items/sch_bpack_meowclops.gif,89,item
Bloopy,https://grundoscafe.b-cdn.net/items/pet_bloopy.gif,89,item
Blueberry Gummy Korbat Tail,https://grundoscafe.b-cdn.net/items/foo_korbat_blue.gif,89,item
Blueberry Jelly Flotsam,https://grundoscafe.b-cdn.net/items/can_jelflot_blue.gif,89,item
Blue Bori Plushie,https://grundoscafe.b-cdn.net/items/toy_bori_blue.gif,89,item
Blue Glazed Vase,https://grundoscafe.b-cdn.net/items/17408.gif,89,item
Blue Igloo Chia Plushie,https://grundoscafe.b-cdn.net/items/blueigloo_chia_doll.gif,89,item
Blue Jetsam Toy,https://grundoscafe.b-cdn.net/items/BlueJetsamToy.gif,89,item
Blue Moon Petpet Bed,https://grundoscafe.b-cdn.net/items/pps_bed_bluemoon.gif,89,item
Bombaberry Elixir,https://grundoscafe.b-cdn.net/items/potion21.gif,89,item
Bomberry Birthday Cupcake,https://grundoscafe.b-cdn.net/items/party_cupcake_6.gif,89,item
Bongo Drums,https://grundoscafe.b-cdn.net/items/toy_bongo.gif,89,item
Botanical Grundo Plushie,https://grundoscafe.b-cdn.net/items/botgrundoplush.gif,89,item
Bottled Air Faerie,https://grundoscafe.b-cdn.net/items/bottlefaerie_air.gif,89,Bottled Faerie
Bottled Dark Faerie,https://grundoscafe.b-cdn.net/items/bottlefaerie_dark.gif,89,Bottled Faerie
Bottled Earth Faerie,https://grundoscafe.b-cdn.net/items/bottlefaerie_earth.gif,89,Bottled Faerie
Bottled Fire Faerie,https://grundoscafe.b-cdn.net/items/bottlefaerie_fire.gif,89,Bottled Faerie
Bottled Light Faerie,https://grundoscafe.b-cdn.net/items/bottlefaerie_light.gif,89,Bottled Faerie
Bottled Water Faerie,https://grundoscafe.b-cdn.net/items/bottlefaerie_water.gif,89,Bottled Faerie
Bouncy Bruce Toy,https://grundoscafe.b-cdn.net/items/dto_bouncy_bruce.gif,89,item
Bowl of Wocky Day Soup,https://grundoscafe.b-cdn.net/items/foo_wocky_soup.gif,89,item
Box of Wocky Chocolates,https://grundoscafe.b-cdn.net/items/foo_wocky_chocky.gif,89,item
Brain Ice Cream,https://grundoscafe.b-cdn.net/items/spooky_braincream.gif,89,item
Brightvale History,https://grundoscafe.b-cdn.net/items/bvb_bvhistory.gif,89,item
Broken Window,https://grundoscafe.b-cdn.net/items/fur_spookywindow1.gif,89,item
Bronze Scorchstone,https://grundoscafe.b-cdn.net/items/new_dragonstone_2.gif,89,item
Butterlicious Bun,https://grundoscafe.b-cdn.net/items/food_butterbun.gif,89,item
Buzz Guide to Magics,https://grundoscafe.b-cdn.net/items/book_buzz_magics.gif,89,item
Cabbage Quiche,https://grundoscafe.b-cdn.net/items/food_cab_quiche.gif,89,item
Candy Cane Negg,https://grundoscafe.b-cdn.net/items/candycanenegg.gif,89,item
Candy Floss Tree,https://grundoscafe.b-cdn.net/items/ga_candyfloss.gif,89,item
Candy Skull,https://grundoscafe.b-cdn.net/items/food_hal_candyskull.gif,89,item
Carmariller,https://grundoscafe.b-cdn.net/items/carmariller_yellow.gif,89,item
Cello,https://grundoscafe.b-cdn.net/items/mus_cello.gif,89,item
Cheeseroller Usuki Set,https://grundoscafe.b-cdn.net/items/usu_cheese_roller.gif,89,item
Cheesy Krawk Sandwich,https://grundoscafe.b-cdn.net/items/foo_krawk_sand.gif,89,item
Cherry Aisha Lollypop,https://grundoscafe.b-cdn.net/items/can_aisha_red.gif,89,item
Cherry Bori Cupcake,https://grundoscafe.b-cdn.net/items/bak_bori_redcup.gif,89,item
Cherry Chomby Lolly,https://grundoscafe.b-cdn.net/items/can_chomby_red.gif,89,item
Chia Bomber Attack Plushie,https://grundoscafe.b-cdn.net/items/toy_chiabomber2.gif,89,item
Chia Bomber Gravestone Plushie,https://grundoscafe.b-cdn.net/items/toy_gamegrave_1.gif,89,item
Chia Shaped Aubergine,https://grundoscafe.b-cdn.net/items/foo_figure_eggplant.gif,89,item
Chicken and Gammon,https://grundoscafe.b-cdn.net/items/med_meat_mix.gif,89,item
Choc Chip Werelupe Cookie,https://grundoscafe.b-cdn.net/items/foo_werelupe_chip.gif,89,item
Chocolate and Asparagus Achyfi,https://grundoscafe.b-cdn.net/items/foo_achyfi9.gif,89,item
Chocolate Draik Lollypop,https://grundoscafe.b-cdn.net/items/can_draikpop_3.gif,89,item
Chocolate Factory Stamp,https://grundoscafe.b-cdn.net/items/sta_chocfactory.gif,89,item
Chocolate Kiko Bandage,https://grundoscafe.b-cdn.net/items/food_kiko_chocobandaid.gif,89,item
Chocolate Kyrii Mountain,https://grundoscafe.b-cdn.net/items/bak_kyrii_cake2.gif,89,item
Chocolate Sloth Head,https://grundoscafe.b-cdn.net/items/spf_sloth_mashmellow.gif,89,item
Chocolatey Strawberry Draik Cake,https://grundoscafe.b-cdn.net/items/draik_cake_red.gif,89,item
Chokato JubJub Muffin,https://grundoscafe.b-cdn.net/items/bak_jubmuff_chokato.gif,89,item
Chokato Melt,https://grundoscafe.b-cdn.net/items/chokato_melt.gif,89,item
Chokato Petpet Food,https://grundoscafe.b-cdn.net/items/pps_food_chokato.gif,89,item
Chomby Diary,https://grundoscafe.b-cdn.net/items/book_chomby_diary.gif,89,item
Chomby Veggie Burger,https://grundoscafe.b-cdn.net/items/food_chomby_veggieburger.gif,89,item
Chomper,https://grundoscafe.b-cdn.net/items/petpet_robo_chompark.gif,89,item
Christmas Scene Stamp,https://grundoscafe.b-cdn.net/items/sta_winter_christmas_kougra.gif,89,item
Christmas Uni Plushie,https://grundoscafe.b-cdn.net/items/toy_uni_christmasdwq.gif,89,item
Citrus Usul Shake,https://grundoscafe.b-cdn.net/items/foo_usulshake_citrus.gif,89,item
Classic Quiggle Keyring,https://grundoscafe.b-cdn.net/items/frogstomp_key.gif,89,item
Cloud Aisha Party Balloon,https://grundoscafe.b-cdn.net/items/cloud_aisha_balloon.gif,89,item
Cloud Gelert Notebook,https://grundoscafe.b-cdn.net/items/sch_gelert_note.gif,89,item
Cloud Usul Coat,https://grundoscafe.b-cdn.net/items/cloud_usul_coat.gif,89,item
Cloud Usul Shoes,https://grundoscafe.b-cdn.net/items/cloud_usul_shoes.gif,89,item
Coconut Ice,https://grundoscafe.b-cdn.net/items/food_coconutice.gif,89,item
Collecting Buzz Plushies,https://grundoscafe.b-cdn.net/items/boo_buzz_plushies.gif,89,item
Colourful Kougra Cupcake,https://grundoscafe.b-cdn.net/items/foo_kougra_cupcake.gif,89,item
Creating a Lucky Zafara,https://grundoscafe.b-cdn.net/items/book_zafara4.gif,89,item
Crunchy Quiggles,https://grundoscafe.b-cdn.net/items/foo_quiggle_cereal.gif,89,item
Cucumber Korbat Sandwich,https://grundoscafe.b-cdn.net/items/bak_korbat_sandwich3.gif,89,item
Curvy Tiger Drawer,https://grundoscafe.b-cdn.net/items/tiger_tall_drawer.gif,89,item
Cybunny Mutations,https://grundoscafe.b-cdn.net/items/boo_cybunny_mutations.gif,89,item
Darigan Knights Board Game,https://grundoscafe.b-cdn.net/items/dto_darigan_boardgame.gif,89,item
Darigan Peophin Collectable Figurine,https://grundoscafe.b-cdn.net/items/dto_darigan_peophin_figure.gif,89,item
Darigan Skeith Adventures,https://grundoscafe.b-cdn.net/items/boo_skeith2004_4.gif,89,item
Darigan Skeith Plushie,https://grundoscafe.b-cdn.net/items/toy_darskeith.gif,89,item
Dark Faerie Dreams,https://grundoscafe.b-cdn.net/items/boo_faerie_darkdreams.gif,89,item
Dark Nova Fruit,https://grundoscafe.b-cdn.net/items/spc_dknovafruit.gif,89,item
Darling Darigan My Pretty Uni,https://grundoscafe.b-cdn.net/items/mpu_darigan.gif,89,item
Decorative Negg,https://grundoscafe.b-cdn.net/items/negg_zen.gif,89,item
Deluxe Blue Uni Plushie,https://grundoscafe.b-cdn.net/items/toy_uni_plushieblue.gif,89,item
Deluxe Canopy Petpet Bed,https://grundoscafe.b-cdn.net/items/fur_petpet_canopybed.gif,89,item
Deluxe Elephante Burger,https://grundoscafe.b-cdn.net/items/foo_elephante_giantburger.gif,89,item
Deluxe Lime Toffee Juppie,https://grundoscafe.b-cdn.net/items/food_carmeljuppie2.gif,89,item
Deluxe Lupe Cake,https://grundoscafe.b-cdn.net/items/food_lupe_puddingcake.gif,89,item
Deluxe Red Treehouse,https://grundoscafe.b-cdn.net/items/pps_deluxetree_red.gif,89,item
Deluxe Starry Kyrii Plushie,https://grundoscafe.b-cdn.net/items/plushiealtstarrykyrii.gif,89,item
Demigender Pride Charm Bracelet,https://grundoscafe.b-cdn.net/items/demigender_charm_bracelet.gif,89,item
Demisexual Pride Charm Bracelet,https://grundoscafe.b-cdn.net/items/demisexual_charm_bracelet.gif,89,item
Desert Badlands,https://grundoscafe.b-cdn.net/items/book_kougra_folklore.gif,89,item
Desert Paintbrush Stamp,https://grundoscafe.b-cdn.net/items/stamp_desert_pb.gif,89,item
Desert Pteri Plushie,https://grundoscafe.b-cdn.net/items/plu_pteri_desert.gif,89,item
Devilpuss Stamp,https://grundoscafe.b-cdn.net/items/sta_nq2_devilpuss.gif,89,item
Disco Petpet Bed,https://grundoscafe.b-cdn.net/items/pps_disco_bed.gif,89,item
Disco Play Tent,https://grundoscafe.b-cdn.net/items/fur_petpet_tent2.gif,89,item
Draik Secrets,https://grundoscafe.b-cdn.net/items/boo_draiksecrets.gif,89,item
Draik Steak,https://grundoscafe.b-cdn.net/items/food_draik_steak.gif,89,item
Dr Sloth Bucket And Spade Set,https://grundoscafe.b-cdn.net/items/toy_sloth_sandcastle.gif,89,item
Egg Slingshot,https://grundoscafe.b-cdn.net/items/bd_tyr_egg_slingshot.gif,89,item
Electric Litter Tray,https://grundoscafe.b-cdn.net/items/fur_litterpan_electric.gif,89,item
Elephante Sock Puppet,https://grundoscafe.b-cdn.net/items/toy_elephante_puppet.gif,89,item
Emo Poetry,https://grundoscafe.b-cdn.net/items/nbo_emo_poetry.gif,89,item
Empower Your Tail,https://grundoscafe.b-cdn.net/items/boo_krawk_power.gif,89,item
Enchanted Cobweb,https://grundoscafe.b-cdn.net/items/bd_spooky_web.gif,89,item
Engraved Short Sword,https://grundoscafe.b-cdn.net/items/bd_desertsword.gif,89,item
Every Shoyrus Handbook,https://grundoscafe.b-cdn.net/items/boo_shoyru_handbook.gif,89,item
Evil Fuzzles Stamp,https://grundoscafe.b-cdn.net/items/sta_space_evilfuzzles.gif,89,item
Exploding Pod Plant,https://grundoscafe.b-cdn.net/items/flower_exploding.gif,89,item
Explorer Usuki,https://grundoscafe.b-cdn.net/items/usuki_backpack.gif,89,item
Face Pulling Grundo Gnome,https://grundoscafe.b-cdn.net/items/gar_grossgnome1.gif,89,item
Faellie,https://grundoscafe.b-cdn.net/items/petpet_faebear.gif,89,item
Faerie Kacheek Kite,https://grundoscafe.b-cdn.net/items/toy_kacheek_faeriekite.gif,89,item
Faerie Kau Handbook,https://grundoscafe.b-cdn.net/items/boo_kau_faerie.gif,89,item
Faerie Kougra Cake,https://grundoscafe.b-cdn.net/items/faerie_kougra_cake.gif,89,item
Faerie Quiggle Plushie,https://grundoscafe.b-cdn.net/items/plu_quiggle_faerie.gif,89,item
Fancy Faerie Float,https://grundoscafe.b-cdn.net/items/food_faerie_shake.gif,89,item
Fantastic Jhudora Stories,https://grundoscafe.b-cdn.net/items/fbo_jhudora_stories.gif,89,item
Feepit,https://grundoscafe.b-cdn.net/items/petpet_snowmonk.gif,89,item
Felly,https://grundoscafe.b-cdn.net/items/pets_felly.gif,89,item
Filamen,https://grundoscafe.b-cdn.net/items/isl_petpet19.gif,89,item
Fire Faerie Snowglobe,https://grundoscafe.b-cdn.net/items/toy_globe_fire.gif,89,item
Fire Jetsam Bath Toy,https://grundoscafe.b-cdn.net/items/toy_jetsambath_fire.gif,89,item
Fire Tipped Spear,https://grundoscafe.b-cdn.net/items/bd_fieryspear.gif,89,item
First Birthday Grundo Toy,https://grundoscafe.b-cdn.net/items/Grundo_toy_Bday_1.gif,89,item
First Flight,https://grundoscafe.b-cdn.net/items/boo_scorchio_first_flight.gif,89,item
Fir Usuki Set,https://grundoscafe.b-cdn.net/items/usuki_tree_lights.gif,89,item
Fish Eggs,https://grundoscafe.b-cdn.net/items/waterfood_fisheggs.gif,89,item
Fishing Kiko Gnome,https://grundoscafe.b-cdn.net/items/gar_kikognome_fish.gif,89,item
Fizzy Quiggle Drink,https://grundoscafe.b-cdn.net/items/food_quiggle_soda.gif,89,item
Flaming Gauntlet,https://grundoscafe.b-cdn.net/items/bd_tyr_fireglove.gif,89,item
Flaming Hot Burrito,https://grundoscafe.b-cdn.net/items/food_fire_borrito.gif,89,item
Flaming Rock of Fire,https://grundoscafe.b-cdn.net/items/bd_tyr_firerock.gif,89,item
Flute,https://grundoscafe.b-cdn.net/items/toy_flute.gif,89,item
Flying For Eyries,https://grundoscafe.b-cdn.net/items/boo_eyrie_flyingtips.gif,89,item
Fruitmallow Toffee Apple,https://grundoscafe.b-cdn.net/items/food_carmelapple3.gif,89,item
Furry Gnorbu Hammer,https://grundoscafe.b-cdn.net/items/bd_gnorbu_hammer.gif,89,item
Galactic Chicken Soup,https://grundoscafe.b-cdn.net/items/foo_galactic_chickensoup.gif,89,item
Galgarroth Action Figure,https://grundoscafe.b-cdn.net/items/dto_grarrl_figure.gif,89,item
Gardening For Gelerts,https://grundoscafe.b-cdn.net/items/boo_gelert_gardening.gif,89,item
Gatekeeper Stamp,https://grundoscafe.b-cdn.net/items/stamp_gatekeeper.gif,89,item
Genderfluid Pride Charm Bracelet,https://grundoscafe.b-cdn.net/items/genderfluid_charm_bracelet.gif,89,item
Genderqueer Pride Charm Bracelet,https://grundoscafe.b-cdn.net/items/genderqueer_charm_bracelet.gif,89,item
Ghostkerbook,https://grundoscafe.b-cdn.net/items/book_ghostkerbook.gif,89,item
Ghostkerchief Plushie,https://grundoscafe.b-cdn.net/items/plu_ghostkerchief.gif,89,item
Ghost Stories,https://grundoscafe.b-cdn.net/items/book_halloween2.gif,89,item
Gingerbread Lupe,https://grundoscafe.b-cdn.net/items/bak_gingerbrd_lupe.gif,89,item
Glowing Petpet Bath Tub,https://grundoscafe.b-cdn.net/items/petpet_bath_glowing.gif,89,item
Gnorbu Sushi,https://grundoscafe.b-cdn.net/items/foo_gno_onigiri.gif,89,item
Golden Heart Necklace,https://grundoscafe.b-cdn.net/items/gif_val_goldenheart.gif,89,item
Golden Wocky Shield,https://grundoscafe.b-cdn.net/items/bd_wocky_goldenshield.gif,89,item
Gold Valentines Ring,https://grundoscafe.b-cdn.net/items/vday_ring2.gif,89,item
Goldy Crackers,https://grundoscafe.b-cdn.net/items/foo_goldy_crackers.gif,89,item
Gooseberry Jelly,https://grundoscafe.b-cdn.net/items/food_goose_jelly.gif,89,item
Grape Bruce Muffin,https://grundoscafe.b-cdn.net/items/foo_brucecake_grape.gif,89,item
Grapefruit Grundo Lollypop,https://grundoscafe.b-cdn.net/items/can_grundo_yellow.gif,89,item
Green Bori Ball,https://grundoscafe.b-cdn.net/items/toy_bori_ball.gif,89,item
Green Kyrii Comb,https://grundoscafe.b-cdn.net/items/kyrii_comb.gif,89,item
Green Poogle Ruler,https://grundoscafe.b-cdn.net/items/sch_ruler_poogle.gif,89,item
Green Techo Gnome Plushie,https://grundoscafe.b-cdn.net/items/toy_gnome_greentecho.gif,89,item
Grey Acara Plushie,https://grundoscafe.b-cdn.net/items/plu_acara_grey.gif,89,item
Greycorn,https://grundoscafe.b-cdn.net/items/food_greycorn.gif,89,item
Grinning Pull Along Poogle,https://grundoscafe.b-cdn.net/items/dto_pullalong_poogle.gif,89,item
Grundo Veggieballs Coin,https://grundoscafe.b-cdn.net/items/coi_spa_veggieballs.gif,89,item
Guide to Petpets,https://grundoscafe.b-cdn.net/items/book_petpets.gif,89,item
Gwalla,https://grundoscafe.b-cdn.net/items/gwalla_green.gif,89,item
Halloween Bruce Plushie,https://grundoscafe.b-cdn.net/items/toy_brucehallo.gif,89,item
Hand Picked Spring Flowers,https://grundoscafe.b-cdn.net/items/gif_handpicked_spflower.gif,89,item
Haunted Woods Style Window,https://grundoscafe.b-cdn.net/items/bvg_lg_earth.gif,89,item
Healing Potion XII,https://grundoscafe.b-cdn.net/items/potion17.gif,89,item
Healthy Kyrii Treats,https://grundoscafe.b-cdn.net/items/boo_kyrii_healthytreats.gif,89,item
Heart Drums,https://grundoscafe.b-cdn.net/items/inst_valentinedrums.gif,89,item
Hissette,https://grundoscafe.b-cdn.net/items/basic_hissette.gif,89,item
Holographic Sakhmet City Stamp,https://grundoscafe.b-cdn.net/items/sta_sakhmet.gif,89,item
Hoovle,https://grundoscafe.b-cdn.net/items/hoovle_purple.gif,89,item
Hot Dog Petpet Mat,https://grundoscafe.b-cdn.net/items/pps_hotdog_mat.gif,89,item
How to Look Scholarly,https://grundoscafe.b-cdn.net/items/bvb_look_scholarly.gif,89,item
Iced Kougra Coffee,https://grundoscafe.b-cdn.net/items/foo_kougra_drink.gif,89,item
Illusen Day Burger,https://grundoscafe.b-cdn.net/items/foo_illusen_burger.gif,89,item
Illusen Day Cupcake,https://grundoscafe.b-cdn.net/items/foo_illusen_cupcake.gif,89,item
Illusen Day Jelly,https://grundoscafe.b-cdn.net/items/foo_illusen_jello.gif,89,item
Intersex Pride Charm Bracelet,https://grundoscafe.b-cdn.net/items/intersex_charm_bracelet.gif,89,item
Island Uni Plushie,https://grundoscafe.b-cdn.net/items/toy_uni_island.gif,89,item
Island Usul Plushie,https://grundoscafe.b-cdn.net/items/toy_usul_island.gif,89,item
Its Aisha Time,https://grundoscafe.b-cdn.net/items/boo_aisha_time.gif,89,item
Ixi A-Z,https://grundoscafe.b-cdn.net/items/boo_ixi_az.gif,89,item
Jazzmosis Nimmo Plushie,https://grundoscafe.b-cdn.net/items/toy_plush_jazz3.gif,89,item
Jeran the Lupe,https://grundoscafe.b-cdn.net/items/book_lupe_jeran.gif,89,item
Jetsam Tall Tails,https://grundoscafe.b-cdn.net/items/boo_jetsam_talltails.gif,89,item
Jhudoras Achyfi,https://grundoscafe.b-cdn.net/items/foo_achyfi8.gif,89,item
Juma,https://grundoscafe.b-cdn.net/items/juma_brown.gif,89,item
Kacheek History,https://grundoscafe.b-cdn.net/items/boo_kacheek_history.gif,89,item
Kacheek Horror,https://grundoscafe.b-cdn.net/items/boo_kacheek_horror.gif,89,item
Kacheek Week,https://grundoscafe.b-cdn.net/items/book_kacheekweek.gif,89,item
Kau Cupcake,https://grundoscafe.b-cdn.net/items/foo_kau_cupcake.gif,89,item
Keylime Pi Pie,https://grundoscafe.b-cdn.net/items/bak_pi_keylime.gif,89,item
Kiko Boo Boos,https://grundoscafe.b-cdn.net/items/boo_kikobandage.gif,89,item
Kiko Christmas Story,https://grundoscafe.b-cdn.net/items/book_kiko_xmas.gif,89,item
Kimbi,https://grundoscafe.b-cdn.net/items/kimbi_green.gif,89,item
King Skarl Plushie Stamp,https://grundoscafe.b-cdn.net/items/sta_bfm_skarlplush.gif,89,item
Kolvars Stamp,https://grundoscafe.b-cdn.net/items/sta_nq2spyder.gif,89,item
Krawk Ice Cream Sandwich,https://grundoscafe.b-cdn.net/items/foo_krawk_icecreamsandwich.gif,89,item
Krawk Paw Cookie,https://grundoscafe.b-cdn.net/items/foo_krawk_creamclaw.gif,89,item
Kyrii Ice Cream Cake,https://grundoscafe.b-cdn.net/items/bak_kyrii_cake1.gif,89,item
Kyrii Strawberry Cake,https://grundoscafe.b-cdn.net/items/food_kyrii_spell.gif,89,item
LDPBSTSCC,https://grundoscafe.b-cdn.net/items/blacktradingcardback.gif,89,item
Learn to Swim,https://grundoscafe.b-cdn.net/items/book_peophin_swim.gif,89,item
Legendary Pteris,https://grundoscafe.b-cdn.net/items/book_pterilegend.gif,89,item
Lemon Buzz Gateau,https://grundoscafe.b-cdn.net/items/foo_buzz_cake_lemon.gif,89,item
Lemon Ixi Pop,https://grundoscafe.b-cdn.net/items/coff_ixilemon.gif,89,item
Lemon Moehog Cupcake,https://grundoscafe.b-cdn.net/items/foo_moehog_yellow.gif,89,item
Lemon Pteripop,https://grundoscafe.b-cdn.net/items/can_pteri_yellow.gif,89,item
Lenny Day Swirly Cake,https://grundoscafe.b-cdn.net/items/food_lennycake1.gif,89,item
Lenny Meaty Burger,https://grundoscafe.b-cdn.net/items/foo_lenny_hamburger04.gif,89,item
Lenny Meringue Pie,https://grundoscafe.b-cdn.net/items/food_lenny_lemonpie.gif,89,item
Lesbian Pride Charm Bracelet,https://grundoscafe.b-cdn.net/items/lesbian_charm_bracelet.gif,89,item
Light Faerie News,https://grundoscafe.b-cdn.net/items/boo_faerie_lightmagic.gif,89,item
Lime and Chocolate Yurble Cupcake,https://grundoscafe.b-cdn.net/items/foo_yurble4.gif,89,item
Lime Bori Cupcake,https://grundoscafe.b-cdn.net/items/bak_bori_greencup.gif,89,item
Lime Eyrie Cake,https://grundoscafe.b-cdn.net/items/foo_eyriecake_green.gif,89,item
Lime Gummy Kiko,https://grundoscafe.b-cdn.net/items/fd_kiko_gummy_green.gif,89,item
Lime Pteripop,https://grundoscafe.b-cdn.net/items/can_pteri_green.gif,89,item
Lime Ruki Lollypop,https://grundoscafe.b-cdn.net/items/can_ruki_lollypop.gif,89,item
Lime Ruki Sundae,https://grundoscafe.b-cdn.net/items/foo_ruki_icecream.gif,89,item
Lime Shoyru Sweet,https://grundoscafe.b-cdn.net/items/can_shoyrusweet_green.gif,89,item
Lime Usul Shake,https://grundoscafe.b-cdn.net/items/foo_usulshake_lime.gif,89,item
Lime Wiggle Cake,https://grundoscafe.b-cdn.net/items/food_techo_cup2.gif,89,item
Lizark,https://grundoscafe.b-cdn.net/items/lizark_green.gif,89,item
Lord Darigan-o-Lantern,https://grundoscafe.b-cdn.net/items/dto_lorddarigan_lantern.gif,89,item
Lord Darigan Yoyo,https://grundoscafe.b-cdn.net/items/dto_lorddarigan_yoyo.gif,89,item
Lupe Fiasco Stamp,https://grundoscafe.b-cdn.net/items/sta_lupefiasco.gif,89,item
Lutari Battle Shield,https://grundoscafe.b-cdn.net/items/bd_lutari_shield.gif,89,item
Luxurious Kyrii Cake,https://grundoscafe.b-cdn.net/items/bak_kyrii_cake4.gif,89,item
Malachite Pendant,https://grundoscafe.b-cdn.net/items/malachite_pendant.gif,89,item
Maraquan Meerca Plushie,https://grundoscafe.b-cdn.net/items/plu_meerca_maraquan.gif,89,item
Maraquan Shoyru Push Toy,https://grundoscafe.b-cdn.net/items/toy_kelby_push.gif,89,item
Maraquan Troops Stamp,https://grundoscafe.b-cdn.net/items/sta_mar_maraquans2.gif,89,item
Meaty Caramel Lupe Cake,https://grundoscafe.b-cdn.net/items/food_lupe_meatcake.gif,89,item
Meerca Fashion Season 2,https://grundoscafe.b-cdn.net/items/book_meerca_blue.gif,89,item
Meerca Pencil Case,https://grundoscafe.b-cdn.net/items/school_meercasupplycase.gif,89,item
Mega Neggnog Smoothie,https://grundoscafe.b-cdn.net/items/smo_neggnog.gif,89,item
Melton,https://grundoscafe.b-cdn.net/items/spooky_petpet_fire.gif,89,item
Melvie,https://grundoscafe.b-cdn.net/items/petpet_melvie_green.gif,89,item
Meridell Shield Stamp,https://grundoscafe.b-cdn.net/items/sta_meridell_shield.gif,89,item
Mighty Peophin Blade,https://grundoscafe.b-cdn.net/items/bd_peophin_sword2002.gif,89,item
Mint Chocolate Chip JubJub Sundae,https://grundoscafe.b-cdn.net/items/foo_jubjub_sundae3.gif,89,item
Mint Chocolate Gelert Cake,https://grundoscafe.b-cdn.net/items/foo_gelert_cake_mint.gif,89,item
Mint Chocolate Shoyru,https://grundoscafe.b-cdn.net/items/can_shoyru_mintchoc.gif,89,item
Mint Skeith Iced Bun,https://grundoscafe.b-cdn.net/items/skeith_cake_green.gif,89,item
Moderately Evil Middle Drenched Sister Plushie,https://grundoscafe.b-cdn.net/items/toy_drenched_2.gif,89,item
Morguss Action Figure,https://grundoscafe.b-cdn.net/items/dto_morguss_figure.gif,89,item
MSP Acara Plushie,https://grundoscafe.b-cdn.net/items/dto_acara_plushie.gif,89,item
Mummified Ruki History,https://grundoscafe.b-cdn.net/items/book_rukihistory.gif,89,item
Munuberry Slushie,https://grundoscafe.b-cdn.net/items/slu_munuberry.gif,89,item
Musical Math,https://grundoscafe.b-cdn.net/items/boo_musical_math.gif,89,item
Mutant Kyrii Plushie,https://grundoscafe.b-cdn.net/items/plush_kyrii_mutant.gif,89,item
Mutant Lupe Plushie,https://grundoscafe.b-cdn.net/items/toy_mutantlupe.gif,89,item
Mutant Quiggle Plushie,https://grundoscafe.b-cdn.net/items/plu_mutant_quiggle.gif,89,item
Mutant Tonu Squeezy Toy,https://grundoscafe.b-cdn.net/items/toy_tonu_mutantsqueeze.gif,89,item
My First Babaa,https://grundoscafe.b-cdn.net/items/boo_myfirstbabaa.gif,89,item
My First Space Suit,https://grundoscafe.b-cdn.net/items/toy_myfirstspacesuit.gif,89,item
Mynci Delight,https://grundoscafe.b-cdn.net/items/food_mynci_delight.gif,89,item
Mynci Horror,https://grundoscafe.b-cdn.net/items/boo_mynci_horror.gif,89,item
Mystery Brucicle,https://grundoscafe.b-cdn.net/items/sno_mystery_bruc.gif,89,item
Mystery Chia Pop,https://grundoscafe.b-cdn.net/items/sno_mystery_pop.gif,89,item
Mystery Ice Lolly,https://grundoscafe.b-cdn.net/items/sno_mystery_lolly.gif,89,item
Mystery Island Usuki Play Set,https://grundoscafe.b-cdn.net/items/usu_mystery_set.gif,89,item
My Weekend With Lennies,https://grundoscafe.b-cdn.net/items/book_lenny_weekend1.gif,89,item
Naughty or Nice,https://grundoscafe.b-cdn.net/items/book_usul5.gif,89,item
Navibot,https://grundoscafe.b-cdn.net/items/petpet_robo_metnav.gif,89,item
Navibot Water Bowl,https://grundoscafe.b-cdn.net/items/pps_navibot_bowl.gif,89,item
Negg Scroll,https://grundoscafe.b-cdn.net/items/bvs_negg_scroll.gif,89,item
Neopia Central Scene Stamp,https://grundoscafe.b-cdn.net/items/sta_aerial.gif,89,item
Nightsteed Mug,https://grundoscafe.b-cdn.net/items/nightsteed_mug.gif,89,item
Nimmo Day Cupcake,https://grundoscafe.b-cdn.net/items/bak_nimmo_cupcake.gif,89,item
No Bones About It,https://grundoscafe.b-cdn.net/items/book_nobonesaboutit.gif,89,item
Non-Binary Pride Charm Bracelet,https://grundoscafe.b-cdn.net/items/nonbinary_charm_bracelet.gif,89,item
Nose Picking Mynci Gnome,https://grundoscafe.b-cdn.net/items/gar_grossgnome3.gif,89,item
Nurias Battle Shield,https://grundoscafe.b-cdn.net/items/bd_nuria_shield.gif,89,item
"Nuts, A Love Story",https://grundoscafe.b-cdn.net/items/book_usul3.gif,89,item
Orange and Black Currant Brucicle,https://grundoscafe.b-cdn.net/items/food_splitbrucicle.gif,89,item
Orange Chocolate Quiggle,https://grundoscafe.b-cdn.net/items/orangechoc_quiggle.gif,89,item
Orange Kougra Cake,https://grundoscafe.b-cdn.net/items/food_kougra_stripecake.gif,89,item
Pansexual Pride Charm Bracelet,https://grundoscafe.b-cdn.net/items/pansexual_charm_bracelet.gif,89,item
Pastel Pride Charm Bracelet,https://grundoscafe.b-cdn.net/items/pastel_charm_bracelet.gif,89,item
Peachpa,https://grundoscafe.b-cdn.net/items/new_tropical_10.gif,89,item
Peach Pretzel,https://grundoscafe.b-cdn.net/items/food_pretzel_peach.gif,89,item
Pebble Patio Chair,https://grundoscafe.b-cdn.net/items/ga_chair_pebble.gif,89,item
Pebble Umbrella,https://grundoscafe.b-cdn.net/items/gar_pebbleumbrella.gif,89,item
Perfectly Flat Rock Shield,https://grundoscafe.b-cdn.net/items/bd_flatrock_shield.gif,89,item
Phtlygon Wing,https://grundoscafe.b-cdn.net/items/d_food06.gif,89,item
Pink Buzzer Flying Disc,https://grundoscafe.b-cdn.net/items/toy_frisbee4.gif,89,item
Pink Curly Shell,https://grundoscafe.b-cdn.net/items/she_chamber.gif,89,item
Pink Frilly Koi Balloon,https://grundoscafe.b-cdn.net/items/toy_balloon_koip.gif,89,item
Pink Peophin Plushie,https://grundoscafe.b-cdn.net/items/plu_peophin_pink.gif,89,item
Pink Ukulele,https://grundoscafe.b-cdn.net/items/pink_ukulele.gif,89,item
Pirate Pteri Plushie,https://grundoscafe.b-cdn.net/items/plu_pteri_pirate.gif,89,item
Pirate Troops Stamp,https://grundoscafe.b-cdn.net/items/sta_mar_pirates2.gif,89,item
Pizza Protein Block,https://grundoscafe.b-cdn.net/items/spc_pizza_protein.gif,89,item
Planetary Onion Rings,https://grundoscafe.b-cdn.net/items/spc_plantary_onionrings.gif,89,item
Plathydon,https://grundoscafe.b-cdn.net/items/krawkpet_4.gif,89,item
Plushie Acara Thermos,https://grundoscafe.b-cdn.net/items/sch_plushieacara_thermos.gif,89,item
Plushie Grundo Keychain,https://grundoscafe.b-cdn.net/items/grundo_keychainplushie.gif,89,item
Plushie Grundo Plushie,https://grundoscafe.b-cdn.net/items/plu_grundo_plushie.gif,89,item
Plushie Shoyru Plushie,https://grundoscafe.b-cdn.net/items/toy_shoyru_plushie.gif,89,item
Poison Tipped Dagger,https://grundoscafe.b-cdn.net/items/bd_poisondagger.gif,89,item
Polarchuck Bubble Tea,https://grundoscafe.b-cdn.net/items/polarchuck_bubbletea.gif,89,item
Polarchuck Day Mini Cupcake,https://grundoscafe.b-cdn.net/items/polarchuckday_cupcake.gif,89,item
Polysexual Pride Charm Bracelet,https://grundoscafe.b-cdn.net/items/polysexual_charm_bracelet.gif,89,item
Poogle Plushie Catalogue,https://grundoscafe.b-cdn.net/items/boo_poogle_plushiecat.gif,89,item
Poogle Profile,https://grundoscafe.b-cdn.net/items/book_poog_profile.gif,89,item
Pottery Shard Dagger,https://grundoscafe.b-cdn.net/items/bd_pottery_shard.gif,89,item
Pteri Bust Out,https://grundoscafe.b-cdn.net/items/boo_pteri_bustout2003.gif,89,item
Pull Along Blue Pteri Toy,https://grundoscafe.b-cdn.net/items/toy_pteri_pullcar.gif,89,item
Pull Along Poogle,https://grundoscafe.b-cdn.net/items/toy_poogle_pullalong.gif,89,item
Pumpkin Ice Cream,https://grundoscafe.b-cdn.net/items/spooky_pumpkincream.gif,89,item
Purple Cybunny Negg,https://grundoscafe.b-cdn.net/items/foo_cybunny_neggpurple.gif,89,item
Purple Ixi Comb,https://grundoscafe.b-cdn.net/items/gro_ixi_comb.gif,89,item
Purple Juppie Pudding,https://grundoscafe.b-cdn.net/items/food_xmaspudding4.gif,89,item
Purple Kougra Cookie Paw,https://grundoscafe.b-cdn.net/items/foo_kougra_pawfaerie.gif,89,item
Purple Zafara Gnome,https://grundoscafe.b-cdn.net/items/fu_gnome_zafara.gif,89,item
Rainbow Fountain Card,https://grundoscafe.b-cdn.net/items/blacktradingcardback.gif,89,item
Rainbow Gelert Plushie,https://grundoscafe.b-cdn.net/items/gelert_plush_rainbow.gif,89,item
Rainbow Hissi Plushie,https://grundoscafe.b-cdn.net/items/toy_hissi_rainbow.gif,89,item
Rainbow Nimmo Plushie,https://grundoscafe.b-cdn.net/items/toy_nimmo_rainbow.gif,89,item
Rainbow Pride Charm Bracelet,https://grundoscafe.b-cdn.net/items/traditional_charm_bracelet.gif,89,item
Rainbow Tea Sandwiches,https://grundoscafe.b-cdn.net/items/rainbow_tea_sandwiches.gif,89,item
Rainbow Usul Plushie,https://grundoscafe.b-cdn.net/items/toy_rainbowusul.gif,89,item
Raindorf,https://grundoscafe.b-cdn.net/items/raindorf_brown.gif,89,item
Rampaging Grundonoil Plushie,https://grundoscafe.b-cdn.net/items/toy_nq2_noil.gif,89,item
Rampaging Grundonoil Stamp,https://grundoscafe.b-cdn.net/items/sta_nq2grundonoil.gif,89,item
Raspberry Eyrie Cookie,https://grundoscafe.b-cdn.net/items/food_eyrie_swirl.gif,89,item
Raspberry Gummy Scorchio,https://grundoscafe.b-cdn.net/items/can_scorchgummy2.gif,89,item
Raspberry Jelly Draik Head,https://grundoscafe.b-cdn.net/items/foo_jellydraik_red.gif,89,item
Raspberry Usul Shake,https://grundoscafe.b-cdn.net/items/foo_usulshake_rasp.gif,89,item
Red Anubis Usuki Set,https://grundoscafe.b-cdn.net/items/usuki_anubis.gif,89,item
Red Korbat Vase,https://grundoscafe.b-cdn.net/items/des_pot_korbat.gif,89,item
Red Kyrii Mirror,https://grundoscafe.b-cdn.net/items/kyrii_mirror.gif,89,item
Red Techo Notebook,https://grundoscafe.b-cdn.net/items/sch_techo_notebook.gif,89,item
Red Techo Ruler,https://grundoscafe.b-cdn.net/items/sch_techo_ruler.gif,89,item
Red Usuki Pictures,https://grundoscafe.b-cdn.net/items/boo_usuki_red.gif,89,item
Reject Rainbow Grarrl Plushie,https://grundoscafe.b-cdn.net/items/RainbowGrarrlToy.gif,89,item
Reject Wind Up Maraquan Draik,https://grundoscafe.b-cdn.net/items/toy_cwdraik_maraquan.gif,89,item
Retro Blue Acara Doll,https://grundoscafe.b-cdn.net/items/BlueAcaraToy.gif,89,item
Retro Blue Lupe Plushie,https://grundoscafe.b-cdn.net/items/retrobluelupeplushie.gif,89,item
Retro Brown Lupe Plushie,https://grundoscafe.b-cdn.net/items/retrobrownlupeplushie.gif,89,item
Retro Cloud Fuzzle,https://grundoscafe.b-cdn.net/items/fuzzle_retro_cloud.gif,89,item
Retro Electric Fuzzle,https://grundoscafe.b-cdn.net/items/fuzzle_retro_electric.gif,89,item
Retro Fire Eyrie Plushie,https://grundoscafe.b-cdn.net/items/FireEyriePlushieRetro.gif,89,item
Retro Green Acara Doll,https://grundoscafe.b-cdn.net/items/GreenAcaraToy.gif,89,item
Retro Green Lupe Plushie,https://grundoscafe.b-cdn.net/items/retrogreenlupeplushie.gif,89,item
Retro Grey Fuzzle,https://grundoscafe.b-cdn.net/items/fuzzle_retro_grey.gif,89,item
Retro Orange Lupe Plushie,https://grundoscafe.b-cdn.net/items/retroorangelupeplushie.gif,89,item
Retro Red Acara Doll,https://grundoscafe.b-cdn.net/items/RedAcaraToy.gif,89,item
Retro Red Lupe Plushie,https://grundoscafe.b-cdn.net/items/retroredlupeplushie.gif,89,item
Retro Silver Jetsam Doll,https://grundoscafe.b-cdn.net/items/SilverJetsamPlushieRetro.gif,89,item
Retro Spotted Fuzzle,https://grundoscafe.b-cdn.net/items/fuzzle_retro_spotted.gif,89,item
Retro Starry Fuzzle,https://grundoscafe.b-cdn.net/items/fuzzle_retro_starry.gif,89,item
Retro Striped Eyrie Plushie,https://grundoscafe.b-cdn.net/items/RetroStripedEyriePlushie.gif,89,item
Retro Striped Fuzzle,https://grundoscafe.b-cdn.net/items/fuzzle_retro_striped.gif,89,item
Retro Yellow Acara Doll,https://grundoscafe.b-cdn.net/items/YellowAcaraToy.gif,89,item
Retro Yellow Jetsam Doll,https://grundoscafe.b-cdn.net/items/YellowRetroJetsamPlushie.gif,89,item
Retro Yellow Lupe Plushie,https://grundoscafe.b-cdn.net/items/retroyellowlupeplushie.gif,89,item
Rhuby Fruit,https://grundoscafe.b-cdn.net/items/ldf_fruit4.gif,89,item
Ring of Sloth Stamp,https://grundoscafe.b-cdn.net/items/sta_bd_sloth_ring.gif,89,item
Roars and Grrrs,https://grundoscafe.b-cdn.net/items/book_roars_and_grrrs.gif,89,item
Robo Eyrie,https://grundoscafe.b-cdn.net/items/robo_eyrie.gif,89,item
Robot Ogrin Action Figure,https://grundoscafe.b-cdn.net/items/robot_ogrin_fig.gif,89,item
Robo Tuskaninny,https://grundoscafe.b-cdn.net/items/robo_tusk.gif,89,item
Rod Of Dark Nova Stamp,https://grundoscafe.b-cdn.net/items/stamp_rodofdarknova.gif,89,item
Round About Yurbles,https://grundoscafe.b-cdn.net/items/boo_yurble_roundabout.gif,89,item
Royalboy Korbat Plushie,https://grundoscafe.b-cdn.net/items/plu_korbat_rb.gif,89,item
Royalgirl Korbat Plushie,https://grundoscafe.b-cdn.net/items/plu_korbat_rg.gif,89,item
Ruki Balloon,https://grundoscafe.b-cdn.net/items/toy_ruki_balloon.gif,89,item
Ruling Faerieland,https://grundoscafe.b-cdn.net/items/fbo_ruling_faerie.gif,89,item
Scarabug Scratching Post,https://grundoscafe.b-cdn.net/items/fur_scarabug_post.gif,89,item
Scent of a Cobrall,https://grundoscafe.b-cdn.net/items/gro_cobrall_perfume.gif,89,item
Scorch E O,https://grundoscafe.b-cdn.net/items/boo_scorchio_scorch_e_o.gif,89,item
Scorchio Banana Cake,https://grundoscafe.b-cdn.net/items/food_scorchio_banana.gif,89,item
Scorchio Chocolate Cake,https://grundoscafe.b-cdn.net/items/food_scor_choc.gif,89,item
Scratchcard Wocky Usuki,https://grundoscafe.b-cdn.net/items/usu_scratchcard.gif,89,item
Seti,https://grundoscafe.b-cdn.net/items/petpet_des_seti.gif,89,item
Shadow Aisha Plushie,https://grundoscafe.b-cdn.net/items/toy_aisha_shadow.gif,89,item
Shadow Chomby Plushie,https://grundoscafe.b-cdn.net/items/toy_chomby_shadow.gif,89,item
Shadow Cybunny Plushie,https://grundoscafe.b-cdn.net/items/plu_cybunny_shadow.gif,89,item
Shadow Eyrie Plushie,https://grundoscafe.b-cdn.net/items/toy_eyrie_shadow.gif,89,item
Shadow JubJub Plushie,https://grundoscafe.b-cdn.net/items/toy_jubjub_shadow.gif,89,item
Shadow Moehog Plushie,https://grundoscafe.b-cdn.net/items/toy_moehog_shadow.gif,89,item
Sherbert Strawberries,https://grundoscafe.b-cdn.net/items/food_sherbertstraw.gif,89,item
Silver Heart Charm Bracelet,https://grundoscafe.b-cdn.net/items/gif_silver_heart_bracelet.gif,89,item
Silver Helmet,https://grundoscafe.b-cdn.net/items/armor_helmetprple.gif,89,item
Silver Leg Armour,https://grundoscafe.b-cdn.net/items/armor_legsfull.gif,89,item
Skunk Kacheek Plushie,https://grundoscafe.b-cdn.net/items/toy_kacheekskunk.gif,89,item
Skunk Usul Plushie,https://grundoscafe.b-cdn.net/items/toy_usul_skunk.gif,89,item
Slime Covered Window,https://grundoscafe.b-cdn.net/items/fur_spookywindow3.gif,89,item
Slime Titan Stamp,https://grundoscafe.b-cdn.net/items/sta_nq2slimemonster.gif,89,item
Snomorg,https://grundoscafe.b-cdn.net/items/petpet_snomorg_green.gif,89,item
Snowager Stamp,https://grundoscafe.b-cdn.net/items/stamp_snowy_snowager.gif,89,item
Snowbunny Yoyo,https://grundoscafe.b-cdn.net/items/toy_sbunny_yoyo.gif,89,item
Snowickle Usuki Set,https://grundoscafe.b-cdn.net/items/usu_snowickle_set.gif,89,item
Snow Mynci Gnome,https://grundoscafe.b-cdn.net/items/gar_gnome_snow3.gif,89,item
Soft Kyrii Hairbrush,https://grundoscafe.b-cdn.net/items/gro_brush_kyrii.gif,89,item
Space Mynci,https://grundoscafe.b-cdn.net/items/book_mynci_space.gif,89,item
Spaghetti A La Kacheek,https://grundoscafe.b-cdn.net/items/food_kacheek_spaghetti.gif,89,item
Sparkling Draik Cake,https://grundoscafe.b-cdn.net/items/food_draik_cake.gif,89,item
Speckled Draik Plushie,https://grundoscafe.b-cdn.net/items/toy_draik_plushspeckled.gif,89,item
Speckled Jetsam Plushie,https://grundoscafe.b-cdn.net/items/toy_jetsamplush_speckled.gif,89,item
Spicy Peophin Burger,https://grundoscafe.b-cdn.net/items/foo_peophin_burger3.gif,89,item
Split Aisha Plushie,https://grundoscafe.b-cdn.net/items/toy_aisha_plushie5.gif,89,item
Split Tonu Plushie,https://grundoscafe.b-cdn.net/items/toy_tonu_split.gif,89,item
Sponge Korbat Ears,https://grundoscafe.b-cdn.net/items/food_korbat_saucyears.gif,89,item
Spotted Kau Cake,https://grundoscafe.b-cdn.net/items/bak_spotkau_cake.gif,89,item
Spotted Kau Sundae,https://grundoscafe.b-cdn.net/items/foo_spotkau_sundae.gif,89,item
Spring Kass In A Box,https://grundoscafe.b-cdn.net/items/dto_springykass.gif,89,item
Springy Darigan Woolypapith,https://grundoscafe.b-cdn.net/items/dto_springy_papith.gif,89,item
Starry Tonu Plushie,https://grundoscafe.b-cdn.net/items/toy_tonu_starry.gif,89,item
Steamed Dumplings,https://grundoscafe.b-cdn.net/items/foo_cny_steameddumpling.gif,89,item
Stone Armchair,https://grundoscafe.b-cdn.net/items/stone_armchair.gif,89,item
Straining Aisha Fishing Gnome,https://grundoscafe.b-cdn.net/items/gar_aisha_fishing.gif,89,item
Stramberry,https://grundoscafe.b-cdn.net/items/tropical_stramberry.gif,89,item
Strawberry Jetsam Sandwich,https://grundoscafe.b-cdn.net/items/foo_jetsand4.gif,89,item
Strawberry Kacheek Drops,https://grundoscafe.b-cdn.net/items/foo_kacheekdrops_red.gif,89,item
Strawberry Koi Pop,https://grundoscafe.b-cdn.net/items/can_koi_popstraw.gif,89,item
Strawberry Kyrii Ice Cream,https://grundoscafe.b-cdn.net/items/foo_kyrii_icestraw.gif,89,item
Strawberry Moehog Cake,https://grundoscafe.b-cdn.net/items/food_moehog_strawcake.gif,89,item
Strawberry Poogle Cake,https://grundoscafe.b-cdn.net/items/poogle_cake_strawberry.gif,89,item
Striped Chia Pop,https://grundoscafe.b-cdn.net/items/snow_zebrachiapop.gif,89,item
Striped Elephante Pop-Up Book,https://grundoscafe.b-cdn.net/items/boo_ele_stripe.gif,89,item
Studded Collar,https://grundoscafe.b-cdn.net/items/studded.gif,89,item
Sturdy Petpet Cage,https://grundoscafe.b-cdn.net/items/fur_petpet_crate.gif,89,item
Sulky Ixi Gnome,https://grundoscafe.b-cdn.net/items/fu_gnome_ixi.gif,89,item
Super Bright Rainbow Pool Stamp,https://grundoscafe.b-cdn.net/items/stamp_nc_rain.gif,89,item
Super Creamy Kyrii Cake,https://grundoscafe.b-cdn.net/items/bak_kyrii_cake3.gif,89,item
Super Springy Poogle,https://grundoscafe.b-cdn.net/items/toy_combo_poogle.gif,89,item
Surzard,https://grundoscafe.b-cdn.net/items/surzard_blue.gif,89,item
Swirlypop Plant,https://grundoscafe.b-cdn.net/items/ga_swirly_pop.gif,89,item
Tagobo Gelert Cake,https://grundoscafe.b-cdn.net/items/foo_gelert_cake_tagobo.gif,89,item
Taigar,https://grundoscafe.b-cdn.net/items/gpp_taigar.gif,89,item
Talking Korbat Plushie,https://grundoscafe.b-cdn.net/items/toy_korbat_talkingplushie.gif,89,item
Tchea Hissi Cake,https://grundoscafe.b-cdn.net/items/bak_hissi_tchea.gif,89,item
Tchea Shoyru Ice Cream,https://grundoscafe.b-cdn.net/items/foo_shoyru_icecream1.gif,89,item
Teasqito,https://grundoscafe.b-cdn.net/items/petpet_teasqito_yellow.gif,89,item
Techo Secret Journal,https://grundoscafe.b-cdn.net/items/book_techo_journal.gif,89,item
Tekkal,https://grundoscafe.b-cdn.net/items/gpp_tekkal.gif,89,item
Temple Of The Sky Stamp,https://grundoscafe.b-cdn.net/items/sta_nq2_temple.gif,89,item
The Confused Mynci,https://grundoscafe.b-cdn.net/items/book_mynci_face.gif,89,item
The Drenched Stamp,https://grundoscafe.b-cdn.net/items/stamp_drenched.gif,89,item
The Flotsam Raiders,https://grundoscafe.b-cdn.net/items/boo_flotsam_raiders.gif,89,item
The Great Koi Caper,https://grundoscafe.b-cdn.net/items/boo_koi_caper.gif,89,item
The Hidden Tower,https://grundoscafe.b-cdn.net/items/fbo_faerie_hiddentower.gif,89,item
The JubJub Club,https://grundoscafe.b-cdn.net/items/book_jubjub_club.gif,89,item
The Korbat From Krawk Island,https://grundoscafe.b-cdn.net/items/book_korbat_krawkisland.gif,89,item
The Masked Intruder,https://grundoscafe.b-cdn.net/items/blacktradingcardback.gif,89,item
The Mystery Of The Shy Shoyru,https://grundoscafe.b-cdn.net/items/boo_shy_shoyru.gif,89,item
The Nimmo Ranger,https://grundoscafe.b-cdn.net/items/boo_nimmo_ranger.gif,89,item
The Spider Grundo,https://grundoscafe.b-cdn.net/items/blacktradingcardback.gif,89,item
The Yurble Spy,https://grundoscafe.b-cdn.net/items/boo_yurble_spy.gif,89,item
Thistleberry Tuskaninny Ice Cream,https://grundoscafe.b-cdn.net/items/bak_tuskicecream_thistle.gif,89,item
Thistle Shoyru Ice Cream,https://grundoscafe.b-cdn.net/items/foo_shoyru_icecream4.gif,89,item
Tigerbuggle Tuskaninny Ice Cream,https://grundoscafe.b-cdn.net/items/bak_tuskicecream_tiger.gif,89,item
Tigerfruit Hissi Cake,https://grundoscafe.b-cdn.net/items/bak_hissi_tigerfruit.gif,89,item
Tiger Shoyru Ice Cream,https://grundoscafe.b-cdn.net/items/foo_shoyru_icecream3.gif,89,item
Timpani,https://grundoscafe.b-cdn.net/items/mus_timpani.gif,89,item
Tralbak,https://grundoscafe.b-cdn.net/items/tralbak_blue.gif,89,item
Transgender Pride Charm Bracelet,https://grundoscafe.b-cdn.net/items/transgender_charm_bracelet.gif,89,item
Transparaberry,https://grundoscafe.b-cdn.net/items/gadgads_transparaberry.gif,89,item
Turmaculus Stamp,https://grundoscafe.b-cdn.net/items/stamp_meridell_turmaculus.gif,89,item
Tuskaninny Treasure,https://grundoscafe.b-cdn.net/items/boo_tusk_treasure.gif,89,item
Two Hours to Glory: The Official History of Turdle Racing,https://grundoscafe.b-cdn.net/items/book_two_hours.gif,89,item
Tylix Stamp,https://grundoscafe.b-cdn.net/items/sta_tylix.gif,89,item
Tyrannian Cybunny Plushie,https://grundoscafe.b-cdn.net/items/toy_tyrcybunny.gif,89,item
Tyrannian Koi Plushie,https://grundoscafe.b-cdn.net/items/plu_koi_tyrannian.gif,89,item
Tyrannian Pteri Plushie,https://grundoscafe.b-cdn.net/items/plushtypteri.gif,89,item
Tyrannian Quiggle Plushie,https://grundoscafe.b-cdn.net/items/toy_quiggle_tyrannianplush.gif,89,item
Tyrannian Tonu Plushie,https://grundoscafe.b-cdn.net/items/tytonuplush.gif,89,item
Umbrellashroom,https://grundoscafe.b-cdn.net/items/mushroom_umbrella.gif,89,item
Uni Care,https://grundoscafe.b-cdn.net/items/book_unicare.gif,89,item
Uni Sticker Sheet,https://grundoscafe.b-cdn.net/items/toy_uni_stickers.gif,89,item
Usuki Barbeque Set,https://grundoscafe.b-cdn.net/items/usuki_bbq.gif,89,item
Usuki Doll Disco,https://grundoscafe.b-cdn.net/items/boo_usuki_disco.gif,89,item
Usuki Negg Painting Set,https://grundoscafe.b-cdn.net/items/usuki_easter_paint.gif,89,item
Usuki Singing Star #1,https://grundoscafe.b-cdn.net/items/usuki_group_3.gif,89,item
Usuki Stocking Filler,https://grundoscafe.b-cdn.net/items/usuki_stocking.gif,89,item
Usuki Sushi Play Set,https://grundoscafe.b-cdn.net/items/usuki_sushi.gif,89,item
Usuki Western Set,https://grundoscafe.b-cdn.net/items/usu_western_uni.gif,89,item
Usul-in-waiting Stamp,https://grundoscafe.b-cdn.net/items/sta_bfm_usul.gif,89,item
Vacana,https://grundoscafe.b-cdn.net/items/gpp_vacana.gif,89,item
Vaeolus,https://grundoscafe.b-cdn.net/items/veenix.gif,89,item
Valentine Kiko Plushie,https://grundoscafe.b-cdn.net/items/Valentine_Kiko_Plushie.gif,89,item
Valentine Mynci Plushie,https://grundoscafe.b-cdn.net/items/Valentine_Mynci_Plushie.gif,89,item
Valentines Bruce Plushie,https://grundoscafe.b-cdn.net/items/toy_val_bruce.gif,89,item
Valentines Chia Plushie,https://grundoscafe.b-cdn.net/items/toy_val_chia.gif,89,item
Valentines Grundo Plushie,https://grundoscafe.b-cdn.net/items/toy_val_grundo.gif,89,item
Valentine Shoyru Plushie,https://grundoscafe.b-cdn.net/items/Valentine_Shoyru_Plushie.gif,89,item
Valentines Kiko Plushie,https://grundoscafe.b-cdn.net/items/toy_val_kiko.gif,89,item
Valentines Quiggle Plushie,https://grundoscafe.b-cdn.net/items/toy_val_quiggle.gif,89,item
Valentine Wocky Plushie,https://grundoscafe.b-cdn.net/items/toy_wocky_valentine.gif,89,item
Valentine Yurble Plushie,https://grundoscafe.b-cdn.net/items/plu_vdayyurble.gif,89,item
Vanilla Elephante Sundae,https://grundoscafe.b-cdn.net/items/foo_elecream_vanilla.gif,89,item
Veespa Petpet Bowl,https://grundoscafe.b-cdn.net/items/psu_veespa_bowl.gif,89,item
Vinyl Howling Darigan Lupe Toy,https://grundoscafe.b-cdn.net/items/dto_vynyl_darlupe.gif,89,item
Violin,https://grundoscafe.b-cdn.net/items/toy_violin.gif,89,item
Virtupets Energy Sabre,https://grundoscafe.b-cdn.net/items/bd_space_sword.gif,89,item
Warf Food Bowl,https://grundoscafe.b-cdn.net/items/petpet_foodbowl_2.gif,89,item
Warriors Rectangular Shield,https://grundoscafe.b-cdn.net/items/ala_shield_rect.gif,89,item
Werelupe Plushie,https://grundoscafe.b-cdn.net/items/toy_plushie_werelupe.gif,89,item
Wind Up Blumaroo,https://grundoscafe.b-cdn.net/items/toy_blumaroo_clockwork.gif,89,item
Wind Up Darigan Mazzew,https://grundoscafe.b-cdn.net/items/dto_clockwork_mazzew.gif,89,item
Wind Up Lisha Toy,https://grundoscafe.b-cdn.net/items/dto_clockworklisha.gif,89,item
Wind Up Tonu Toy,https://grundoscafe.b-cdn.net/items/dto_tonu_windup.gif,89,item
Wind Up Wreathy,https://grundoscafe.b-cdn.net/items/toy_wreathy_clockwork.gif,89,item
Wooden Bay Window,https://grundoscafe.b-cdn.net/items/bvw_bay_window.gif,89,item
Yellow Aisha Doll,https://grundoscafe.b-cdn.net/items/cyellowaishaplushie.gif,89,item
Yellow Geode,https://grundoscafe.b-cdn.net/items/yellow_geode.gif,89,item
Yellow Igloo Chia Plushie,https://grundoscafe.b-cdn.net/items/yellowigloo_chia_doll.gif,89,item
Yellow Pteri Keyring,https://grundoscafe.b-cdn.net/items/keychain_yellowpteri.gif,89,item
Yellow Snowbunny Plushie,https://grundoscafe.b-cdn.net/items/plu_snowbunny_yellow.gif,89,item
Yurble Battle Yoyo,https://grundoscafe.b-cdn.net/items/yurble_bd_battleyoyo.gif,89,item
Zafara Art,https://grundoscafe.b-cdn.net/items/book_zafaraart.gif,89,item
Zafara Banana Split,https://grundoscafe.b-cdn.net/items/food_zafara_split.gif,89,item
Zebba,https://grundoscafe.b-cdn.net/items/pets_zebba.gif,89,item
Zomutt Petpet Tunnel,https://grundoscafe.b-cdn.net/items/pps_zomutt_tunnel.gif,89,item
Air Faerie Crown,https://grundoscafe.b-cdn.net/items/bd_wotc_crown.gif,240,Relic
Air Faerie Token,https://grundoscafe.b-cdn.net/items/bd_airfae_token.gif,240,Relic
Ancient Lupe Wand,https://grundoscafe.b-cdn.net/items/snowfaerie_wolfwand.gif,240,Relic
Aquatic Gem,https://grundoscafe.b-cdn.net/items/fueltank.gif,240,Relic
Army Math Tools,https://grundoscafe.b-cdn.net/items/bd_dd_swissmathtool.gif,240,Relic
Attack Cape,https://grundoscafe.b-cdn.net/items/bd_smallCape.gif,240,Relic
Attack Fork,https://grundoscafe.b-cdn.net/items/bd_attackfork.gif,240,Relic
Bag of Occult Jelly,https://grundoscafe.b-cdn.net/items/nptcg_spaceslime.gif,240,Relic
Battle Plunger,https://grundoscafe.b-cdn.net/items/bd_suctionspear.gif,240,Relic
Battle Quill,https://grundoscafe.b-cdn.net/items/bd_ntquill.gif,240,Relic
Bismuth,https://grundoscafe.b-cdn.net/items/bismuth.gif,240,Relic
Bit of Evil Clown,https://grundoscafe.b-cdn.net/items/toy_ddy14_bit_evilclown.gif,240,Relic
Blizzard Ring,https://grundoscafe.b-cdn.net/items/snowfaerie_blizzardring.gif,240,Relic
Blood Grub,https://grundoscafe.b-cdn.net/items/bd_bloodgrub.gif,240,Relic
Boom Sticks,https://grundoscafe.b-cdn.net/items/boomsticks.gif,240,Relic
Brain Tree Branch,https://grundoscafe.b-cdn.net/items/braintree_branch.gif,240,Relic
Brain Tree Knife,https://grundoscafe.b-cdn.net/items/bd_braintree_dagger.gif,240,Relic
Brain Tree Mace,https://grundoscafe.b-cdn.net/items/bd_braintree_hammer.gif,240,Relic
Brain Tree Root,https://grundoscafe.b-cdn.net/items/braintree_root.gif,240,Relic
Brain Tree Splinters,https://grundoscafe.b-cdn.net/items/braintree_splinter.gif,240,Relic
Branstons Necklace,https://grundoscafe.b-cdn.net/items/branstons_necklace.gif,240,Relic
Broken Robo Grundo,https://grundoscafe.b-cdn.net/items/broken_robo_grundo.gif,240,Relic
Cabbage of Mystery,https://grundoscafe.b-cdn.net/items/bd_cabbage.gif,240,Relic
Candy Club,https://grundoscafe.b-cdn.net/items/bd_candyclub.gif,240,Relic
Castle Defenders Shield,https://grundoscafe.b-cdn.net/items/castledefender_shield.gif,240,Relic
Castle Defenders Sword,https://grundoscafe.b-cdn.net/items/castledefender_sword.gif,240,Relic
Caustic Potion,https://grundoscafe.b-cdn.net/items/darkfaerie_potion4.gif,240,Relic
Charles' Torch,https://grundoscafe.b-cdn.net/items/bd_flashlight.gif,240,Relic
Chia Cannon,https://grundoscafe.b-cdn.net/items/chiacannon.gif,240,Relic
Cobrall Wand,https://grundoscafe.b-cdn.net/items/bd_cobrall_wand.gif,240,Relic
Dar-BLASTER!!!,https://grundoscafe.b-cdn.net/items/megasnowball.gif,240,Relic
Dark Faerie Dagger,https://grundoscafe.b-cdn.net/items/bd_dagger_faerie_dark.gif,240,Relic
Dark Faerie Token,https://grundoscafe.b-cdn.net/items/bd_darkfae_token.gif,240,Relic
Donny's Mallet,https://grundoscafe.b-cdn.net/items/mallet_donny.gif,240,Relic
Dr Sloth Miniature Spaceship,https://grundoscafe.b-cdn.net/items/slothship.gif,240,Relic
Earth Faerie Dagger,https://grundoscafe.b-cdn.net/items/bd_dagger_faerie_earth.gif,240,Relic
Earth Faerie Token,https://grundoscafe.b-cdn.net/items/bd_earthfae_token.gif,240,Relic
Earth Stone Gem,https://grundoscafe.b-cdn.net/items/moonfuel.gif,240,Relic
Elephante Lamp,https://grundoscafe.b-cdn.net/items/des_pot_elephante.gif,240,Relic
Eraser of the Dark Faerie,https://grundoscafe.b-cdn.net/items/artifact_darkfaerie_eraser.gif,240,Relic
Evil Fuzzle Blaster,https://grundoscafe.b-cdn.net/items/bd_evilfuzzle_blaster.gif,240,Relic
Exploding Space Bugs,https://grundoscafe.b-cdn.net/items/bd_spacefaerie_stingattack.gif,240,Relic
Faerie Eraser,https://grundoscafe.b-cdn.net/items/school_1.gif,240,Relic
Fat Red Pen,https://grundoscafe.b-cdn.net/items/33268.gif,240,Relic
Fire Faerie Token,https://grundoscafe.b-cdn.net/items/bd_firefae_token.gif,240,Relic
Fire Stone Gem,https://grundoscafe.b-cdn.net/items/circuitboard.gif,240,Relic
Frostbite Dart,https://grundoscafe.b-cdn.net/items/frostbite_dart.gif,240,Relic
Fumpu Leaf Medallion,https://grundoscafe.b-cdn.net/items/bd_fumpuleaf.gif,240,Relic
Garin's Sword,https://grundoscafe.b-cdn.net/items/bd_garin_sword.gif,240,Relic
Genie Orb,https://grundoscafe.b-cdn.net/items/snowfaerie_genieorb.gif,240,Relic
Ghost Lupe Sword,https://grundoscafe.b-cdn.net/items/bd_ghostlupe_sword.gif,240,Relic
Gilly's Lantern,https://grundoscafe.b-cdn.net/items/gillyslantern.gif,240,Relic
Golden Aisha Wand,https://grundoscafe.b-cdn.net/items/bd_aisha_wand2003.gif,240,Relic
Golden Meepit Statue,https://grundoscafe.b-cdn.net/items/vor_art_meepit.gif,240,Relic
Golden Pirate Amulet,https://grundoscafe.b-cdn.net/items/bd_smugglers_amulet.gif,240,Relic
Good Snowball,https://grundoscafe.b-cdn.net/items/bd_good_snowball.gif,240,Relic
Grarrg Tooth,https://grundoscafe.b-cdn.net/items/bd_grarrg_tooth.gif,240,Relic
Great Snowball,https://grundoscafe.b-cdn.net/items/greatsnowball.gif,240,Relic
Grundo Gavel,https://grundoscafe.b-cdn.net/items/ggavel.gif,240,Relic
Guitar of the Dead,https://grundoscafe.b-cdn.net/items/boneguitar.gif,240,Relic
Halloween Aisha Bucket,https://grundoscafe.b-cdn.net/items/aisha_hal_bucket.gif,240,Relic
Hannahs Magic Rope,https://grundoscafe.b-cdn.net/items/bd_hannahs_rope.gif,240,Relic
Happy Anniversary Negg,https://grundoscafe.b-cdn.net/items/negg_anniversary.gif,240,Relic
Happy Negg Eraser,https://grundoscafe.b-cdn.net/items/school_5.gif,240,Relic
Hawk Bracelet,https://grundoscafe.b-cdn.net/items/snowfaerie_hawkbracelet.gif,240,Relic
Hawk Wand,https://grundoscafe.b-cdn.net/items/snowfaerie_hawkwand.gif,240,Relic
Heart of the Ocean,https://grundoscafe.b-cdn.net/items/heartoftheocean.gif,240,Relic
Iced Wand,https://grundoscafe.b-cdn.net/items/snowfaerie_icedfirewand.gif,240,Relic
Iceray Bracelet,https://grundoscafe.b-cdn.net/items/snowfaerie_iceraybracelet.gif,240,Relic
Illusens Bow,https://grundoscafe.b-cdn.net/items/illusensbow.gif,240,Relic
Irregulation Chainmail,https://grundoscafe.b-cdn.net/items/nptcg_chainmail.gif,240,Relic
Jar of Spiders,https://grundoscafe.b-cdn.net/items/bd_spider_jar.gif,240,Relic
King Kelpbeards Blessing,https://grundoscafe.b-cdn.net/items/bd_kelpbeard_blessing.gif,240,Relic
Lava Rock,https://grundoscafe.b-cdn.net/items/lavaghoul_lavarock.gif,240,Relic
Legendary von Roo Ring,https://grundoscafe.b-cdn.net/items/vonring.gif,240,Relic
Lenny de Barcelos,https://grundoscafe.b-cdn.net/items/pt_ga_lenny.gif,240,Relic
Light Faerie Dagger,https://grundoscafe.b-cdn.net/items/bd_dagger_faerie_light.gif,240,Relic
Light Faerie Token,https://grundoscafe.b-cdn.net/items/bd_lightfae_token.gif,240,Relic
Luna's Controller,https://grundoscafe.b-cdn.net/items/lunas_controller.gif,240,Relic
Magic Branch,https://grundoscafe.b-cdn.net/items/bd_magicbranch.gif,240,Relic
Magma Blaster,https://grundoscafe.b-cdn.net/items/bd_aota_magmablast.gif,240,Relic
Magnus Club,https://grundoscafe.b-cdn.net/items/magnus_club.gif,240,Relic
Malice Potion,https://grundoscafe.b-cdn.net/items/darkfaerie_bottledhorrpr.gif,240,Relic
Maraquan Shieldmaidens Blade,https://grundoscafe.b-cdn.net/items/bd_markau_sword.gif,240,Relic
Maraquan War Token,https://grundoscafe.b-cdn.net/items/maraquan_token.gif,240,Relic
Melting Mirror,https://grundoscafe.b-cdn.net/items/grooming_mirror_melting.gif,240,Relic
Mipsys Charm Bracelet,https://grundoscafe.b-cdn.net/items/bd_nq2_mipsy_bracelet.gif,240,Relic
Moach Brooch,https://grundoscafe.b-cdn.net/items/mrooach.gif,240,Relic
Monotonous Dial,https://grundoscafe.b-cdn.net/items/quiggledial.gif,240,Relic
Mystical Fish Lobber,https://grundoscafe.b-cdn.net/items/bd_fishlobber.gif,240,Relic
Mystic Guitar,https://grundoscafe.b-cdn.net/items/inst_acoustic_guit.gif,240,Relic
Mystic Jelly Bean Necklace,https://grundoscafe.b-cdn.net/items/smug_necklace.gif,240,Relic
Neutron Wand,https://grundoscafe.b-cdn.net/items/bd_conundrum_wand.gif,240,Relic
Nimmo Finger,https://grundoscafe.b-cdn.net/items/bd_nimmo_finger.gif,240,Relic
Official Prissy Miss Hair Brush,https://grundoscafe.b-cdn.net/items/gro_prissymisshairbrush.gif,240,Relic
Patched Magic Hat,https://grundoscafe.b-cdn.net/items/bd_hat.gif,240,Relic
Pear of Disintegration,https://grundoscafe.b-cdn.net/items/bd_pearofdiss.gif,240,Relic
Petpet Bone,https://grundoscafe.b-cdn.net/items/bfm_petpetbone.gif,240,Relic
Platinum Dubloon,https://grundoscafe.b-cdn.net/items/gif_plat_dubloon.gif,240,Relic
Poké Ball,https://grundoscafe.b-cdn.net/items/pokeball.gif,240,Relic
Portable Seismometer,https://grundoscafe.b-cdn.net/items/portableisometer.gif,240,Relic
Power Negg Eraser,https://grundoscafe.b-cdn.net/items/school_3.gif,240,Relic
Pumpkin Stick,https://grundoscafe.b-cdn.net/items/bd_pumpkin_stick.gif,240,Relic
Radish Bow,https://grundoscafe.b-cdn.net/items/artifact_radish_bow.gif,240,Relic
Rainbow Cybunny Wand,https://grundoscafe.b-cdn.net/items/bd_rainbowcy_wand.gif,240,Relic
Rainbow Kacheek Pendant,https://grundoscafe.b-cdn.net/items/gif_rainbowkacheek_pendant.gif,240,Relic
Rainbow Negg Eraser,https://grundoscafe.b-cdn.net/items/school_4.gif,240,Relic
Rainbow Pteri Feather,https://grundoscafe.b-cdn.net/items/tik_pterifeather.gif,240,Relic
Reinvented Wheel,https://grundoscafe.b-cdn.net/items/reinvented_wheel.gif,240,Relic
Reliquia Rinascimentale Incorniciata,https://grundoscafe.b-cdn.net/items/ita_relic.gif,240,Relic
Ring of the Lost,https://grundoscafe.b-cdn.net/items/ldpp_ringofthelost.gif,240,Relic
Robo Sloth Fist of Power,https://grundoscafe.b-cdn.net/items/toy_roboslothfistpower.gif,240,Relic
Rohanes Armour Polish,https://grundoscafe.b-cdn.net/items/bd_nq2_rohane_polish.gif,240,Relic
Royal Wedding Ring,https://grundoscafe.b-cdn.net/items/ldpp_royalring.gif,240,Relic
Rusty Garden Pitchfork,https://grundoscafe.b-cdn.net/items/glowing_pitchfork.gif,240,Relic
Rutabaga Lance,https://grundoscafe.b-cdn.net/items/artifact_ruta_lance.gif,240,Relic
Scarab Amulet,https://grundoscafe.b-cdn.net/items/scarab_amulet.gif,240,Relic
Scroll of Ultimate Knowledge,https://grundoscafe.b-cdn.net/items/relic_gl.gif,240,Relic
Snowager Pendant,https://grundoscafe.b-cdn.net/items/bd_snowagerpendant.gif,240,Relic
Snowager Sleep Ray,https://grundoscafe.b-cdn.net/items/snowy_sleep_ray.gif,240,Relic
Snowball Club,https://grundoscafe.b-cdn.net/items/bd_ice_snow.gif,240,Relic
Snow Beast Horn,https://grundoscafe.b-cdn.net/items/bd_snowbeast_horn.gif,240,Relic
Snowflake Pendant,https://grundoscafe.b-cdn.net/items/bd_snowflake_pendant.gif,240,Relic
Snowglobe Staff,https://grundoscafe.b-cdn.net/items/snowfaerie_snowglobestaff.gif,240,Relic
Soul Stone,https://grundoscafe.b-cdn.net/items/magic_amulettorment.gif,240,Relic
Space Amulet,https://grundoscafe.b-cdn.net/items/space_amulet.gif,240,Relic
Space Faeries Shield,https://grundoscafe.b-cdn.net/items/bd_spacefae_shield.gif,240,Relic
Space Faerie Token,https://grundoscafe.b-cdn.net/items/bd_spacefaerie_token.gif,240,Relic
Spider Grundo Sword,https://grundoscafe.b-cdn.net/items/spidergrundo_sword.gif,240,Relic
Spirited Fiddle,https://grundoscafe.b-cdn.net/items/mus_fiddle.gif,240,Relic
Spooky Slime,https://grundoscafe.b-cdn.net/items/bd_green_slime.gif,240,Relic
Squash Club,https://grundoscafe.b-cdn.net/items/artifact_squash_club.gif,240,Relic
Staff of Brain,https://grundoscafe.b-cdn.net/items/bd_braintree_staff.gif,240,Relic
Starry Scorchio Wand,https://grundoscafe.b-cdn.net/items/starry_wand.gif,240,Relic
Stella's Controller,https://grundoscafe.b-cdn.net/items/stellas_controller.gif,240,Relic
Stump of Despair,https://grundoscafe.b-cdn.net/items/stumpofdespair.gif,240,Relic
Superior Battle Plunger,https://grundoscafe.b-cdn.net/items/bd_chia_plunge.gif,240,Relic
Talinias Whittling Knife,https://grundoscafe.b-cdn.net/items/bd_nq2_talinia_knife.gif,240,Relic
The Bat,https://grundoscafe.b-cdn.net/items/kassbat.gif,240,Relic
Trident of Chiazilla,https://grundoscafe.b-cdn.net/items/bd_chiaz_3.gif,240,Relic
Trusty Hand Cannon,https://grundoscafe.b-cdn.net/items/bd_handy_cannon.gif,240,Relic
Tyrannian Amulet,https://grundoscafe.b-cdn.net/items/tyrannian_amulet.gif,240,Relic
Ultimate Water Balloon,https://grundoscafe.b-cdn.net/items/waterballoon.gif,240,Relic
Ultra Fire Gem,https://grundoscafe.b-cdn.net/items/panel.gif,240,Relic
Velms Healing Potion,https://grundoscafe.b-cdn.net/items/bd_nq2_velm_potion.gif,240,Relic
Wand of the Snow Faerie,https://grundoscafe.b-cdn.net/items/bat_snowfaeriewand.gif,240,Relic
Water Faerie Dagger,https://grundoscafe.b-cdn.net/items/bd_dagger_faerie_water.gif,240,Relic
Water Faerie Token,https://grundoscafe.b-cdn.net/items/bd_waterfae_token.gif,240,Relic
Wind Up Rat,https://grundoscafe.b-cdn.net/items/darkfaerie_winduprat.gif,240,Relic
Witches Orb,https://grundoscafe.b-cdn.net/items/bd_witch1.gif,240,Relic
Wooden Compass,https://grundoscafe.b-cdn.net/items/toy_wooden_compass.gif,240,Relic
Zucchini Bat,https://grundoscafe.b-cdn.net/items/artifact_zucchini_bat.gif,240,Relic
Dr Sloth Pumpkin,https://grundoscafe.b-cdn.net/items/gar_pumpkin_sloth.gif,101,Seasonal Pumpkin
Eyrieki Pumpkin,https://grundoscafe.b-cdn.net/items/eyrieki_pumpkin.gif,101,Seasonal Pumpkin
Jhudora Pumpkin,https://grundoscafe.b-cdn.net/items/jhudora_pumpkin.gif,101,Seasonal Pumpkin
Lord Kass Pumpkin,https://grundoscafe.b-cdn.net/items/gar_pumpkin_kass.gif,101,Seasonal Pumpkin
Magmara Pumpkin,https://grundoscafe.b-cdn.net/items/magmara_pumpkin.gif,101,Seasonal Pumpkin
Meuka Pumpkin,https://grundoscafe.b-cdn.net/items/gar_pumpkin_meuka.gif,101,Seasonal Pumpkin
Pant Devil Pumpkin,https://grundoscafe.b-cdn.net/items/gar_pumpkin_pantdevil.gif,101,Seasonal Pumpkin
Apple Snowball,https://grundoscafe.b-cdn.net/items/green_snowball.gif,180,Seasonal Snowball
Asparagus Snowball,https://grundoscafe.b-cdn.net/items/asparagus_snowball.gif,180,Seasonal Snowball
Berry Snowball,https://grundoscafe.b-cdn.net/items/strawberry_snowball.gif,180,Seasonal Snowball
Blue Raspberry Snowball,https://grundoscafe.b-cdn.net/items/blue_snowball.gif,180,Seasonal Snowball
Bogie Berryball,https://grundoscafe.b-cdn.net/items/bogie_berryball.gif,180,Seasonal Snowball
Brains A La Snowball,https://grundoscafe.b-cdn.net/items/brains_a_la_snowball.gif,180,Seasonal Snowball
Brown Snowball,https://grundoscafe.b-cdn.net/items/bd_evil_snowball6.gif,180,Seasonal Snowball
Cherry Snowball,https://grundoscafe.b-cdn.net/items/red_snowball.gif,180,Seasonal Snowball
Cream Corn Snowball,https://grundoscafe.b-cdn.net/items/cream_corn_snowball.gif,180,Seasonal Snowball
Dung Snowball,https://grundoscafe.b-cdn.net/items/dung_snowball.gif,180,Seasonal Snowball
Extra Evil Snowball,https://grundoscafe.b-cdn.net/items/bd_evil_snowball4.gif,180,Seasonal Snowball
Eye Snowball,https://grundoscafe.b-cdn.net/items/eye_snowball.gif,180,Seasonal Snowball
Flying Snowball,https://grundoscafe.b-cdn.net/items/flyingsnowballer.gif,180,Seasonal Snowball
Frozen Pile of Dung,https://grundoscafe.b-cdn.net/items/freeze_dung.gif,,Seasonal Snowball
Gold Snowball,https://grundoscafe.b-cdn.net/items/gold_snowball.gif,180,Seasonal Snowball
Grape Almost Gummy Snowball,https://grundoscafe.b-cdn.net/items/grape_almost_gummy_snowball.gif,180,Seasonal Snowball
Grape Snowball,https://grundoscafe.b-cdn.net/items/purple_snowball.gif,180,Seasonal Snowball
Grundo Toe Lintball,https://grundoscafe.b-cdn.net/items/grundo_toe_lintball.gif,180,Seasonal Snowball
Gummy Wormball,https://grundoscafe.b-cdn.net/items/gummy_wormball.gif,180,Seasonal Snowball
Icy Eye Snowball,https://grundoscafe.b-cdn.net/items/bd_evil_snowball2.gif,180,Seasonal Snowball
Jack-O-Snowball,https://grundoscafe.b-cdn.net/items/jack_o_snowball.gif,180,Seasonal Snowball
Jhudoras Snowball,https://grundoscafe.b-cdn.net/items/bd_evil_snowball3.gif,180,Seasonal Snowball
Lemon Snowball,https://grundoscafe.b-cdn.net/items/yellow_snowball.gif,180,Seasonal Snowball
Lime Almost Gummy Snowball,https://grundoscafe.b-cdn.net/items/lime_almost_gummy_snowball.gif,180,Seasonal Snowball
Love Snowball,https://grundoscafe.b-cdn.net/items/love_snowball.gif,180,Seasonal Snowball
Mint Snowball,https://grundoscafe.b-cdn.net/items/mint_snowball.gif,180,Seasonal Snowball
Orange Snowball,https://grundoscafe.b-cdn.net/items/orange_snowball.gif,180,Seasonal Snowball
Silver Snowball,https://grundoscafe.b-cdn.net/items/silver_snowball.gif,180,Seasonal Snowball
Snowcone Snowball,https://grundoscafe.b-cdn.net/items/snowcone_snowball.gif,180,Seasonal Snowball
Spider Snowball,https://grundoscafe.b-cdn.net/items/spider_snowball.gif,180,Seasonal Snowball
Spooky Frozen Pile of Dung,https://grundoscafe.b-cdn.net/items/freeze_dungHallow.gif,,Seasonal Snowball
Squid Snowball,https://grundoscafe.b-cdn.net/items/walking_snowball.gif,180,Seasonal Snowball
Strawberry Almost Gummy Snowball,https://grundoscafe.b-cdn.net/items/strawberry_almost_gummy_snowball.gif,180,Seasonal Snowball
Tortured Snowball,https://grundoscafe.b-cdn.net/items/bd_evil_snowball1.gif,180,Seasonal Snowball
Ugly Snowball,https://grundoscafe.b-cdn.net/items/bd_evil_snowball5.gif,180,Seasonal Snowball
Vanilla Snowball,https://grundoscafe.b-cdn.net/items/white_snowball.gif,180,Seasonal Snowball
Exploding Snowball,https://grundoscafe.b-cdn.net/items/snowball_6.gif,90,Snowball
Icy Snowball,https://grundoscafe.b-cdn.net/items/snowball_7.gif,95,Snowball
Sticky Snowball,https://grundoscafe.b-cdn.net/items/snowball_8.gif,100,Snowball
Stone Snowball,https://grundoscafe.b-cdn.net/items/snowball_10.gif,110,Snowball
Blue Ice Cream Machine Coupon,https://grundoscafe.b-cdn.net/items/icecream_coupon3.gif,101,Coupon
Green Ice Cream Machine Coupon,https://grundoscafe.b-cdn.net/items/icecream_coupon2.gif,101,Coupon
Pink Ice Cream Machine Coupon,https://grundoscafe.b-cdn.net/items/icecream_coupon1.gif,101,Coupon
